Relatív rang,Eredeti rang,Domain,Üzemeltető,Forrás (üzemeltető),Ellenőrzés dátuma (üzemeltető),Adószám,Forrás (adószám),Ellenőrzés dátuma (adószám),Statisztikai számjel,Ellenőrzés dátuma (számjel),Szakágazat kódja,Szakágazat megnevezése,Alágazat kódja,Alágazat megnevezése,Ágazat kódja,Ágazat megnevezése,Nemzetgazdasági ág kódja,Nemzetgazdasági ág megnevezése,Gazdálkodási forma kódja,Gazdálkodási forma megnevezése,Gazdálkodási forma csoportjának kódja,Gazdálkodási forma csoportjának megnevezése,Gazdálkodási forma főcsoportjának kódja,Gazdálkodási forma főcsoportjának megnevezése,Székhely szerinti vármegye kódja,Székhely szerinti vármegye megnevezése,Statisztikai régió kódja,Statisztikai régió neve,Statisztikai nagyrégió kódja,Statisztikai nagyrégió neve,Alapítás éve,Létszám,Nettó árbevétel,Lineáris trend meredeksége,Lineáris trend meredeksége (normalizált),Átlagos akadálymentességi hibaszám,Akadálymentességi hibaszám mediánja,Szórás,Relatív szórás,Minimum érték,Maximum érték,Terjedelem
1,4780,videa.hu,Mediaworks Hungary,https://videa.hu/szolgaltato_adatai,2025-07-04,24785725-2-44,https://videa.hu/szolgaltato_adatai,2025-07-04,24785725 5812 114 01,2025-12-21,58.12,Napilapkiadás,58.1,"Könyv-, napilapkiadás, egyéb kiadói tevékenység (kivéve: szoftverkiadás)",58,Kiadói tevékenység,J,"KIADÓI TEVÉKENYSÉG, MŰSORSZOLGÁLTATÁS, TARTALOMSZOLGÁLTATÁS ÉS -TERJESZTÉS",114,Részvénytársaság,11,Gazdasági társaság,1,Jogi személyiségű vállalkozás,01,Budapest,11,Budapest,1,Közép-Magyarország,,,,0.12548262548262548,0.0008170328300550269,153.58333333333334,154,7.303130444248843,0.04755158183992735,139,165,26
2,5209,24.hu,Central Médiacsoport,https://24.hu/impresszum/,2025-07-04,25087910-2-41,https://24.hu/impresszum/,2025-07-04,25087910 5813 114 01,2025-12-21,58.13,"Folyóirat, időszaki kiadvány kiadása",58.1,"Könyv-, napilapkiadás, egyéb kiadói tevékenység (kivéve: szoftverkiadás)",58,Kiadói tevékenység,J,"KIADÓI TEVÉKENYSÉG, MŰSORSZOLGÁLTATÁS, TARTALOMSZOLGÁLTATÁS ÉS -TERJESZTÉS",114,Részvénytársaság,11,Gazdasági társaság,1,Jogi személyiségű vállalkozás,01,Budapest,11,Budapest,1,Közép-Magyarország,,,,-0.2548262548262548,-0.0017689443065455562,144.05555555555554,146,9.33792404107173,0.0648216863630124,118,161,43
3,5258,jofogas.hu,Jófogás,https://www.jofogas.hu/rolunk,2025-07-05,32606753-2-41,https://www.jofogas.hu/rolunk,2025-07-05,32606753 7312 113 01,2025-12-21,73.12,Médiareklám,73.1,Reklám,73,"Reklám, piackutatás, PR-tevékenység",N,"SZAKMAI, TUDOMÁNYOS, MŰSZAKI TEVÉKENYSÉG",113,Korlátolt felelősségű társaság,11,Gazdasági társaság,1,Jogi személyiségű vállalkozás,01,Budapest,11,Budapest,1,Közép-Magyarország,,,,-1.1882882882882884,-0.007202959821245718,164.97222222222223,174,17.978536586101157,0.10897917445691895,129,181,52
4,5338,idokep.hu,Időkép Üzleti Szolgáltatások,https://www.idokep.hu/impresszum,2025-07-05,14940961-2-13,https://ceginfo.hu//ceg-adatlap/idokep-uezleti-szolgaltatasok-kft-1309240472.html,2025-12-21,14940961 6220 113 13,2025-12-21,62.20,"Információtechnológiai szaktanácsadás és számítástechnikai eszközök, rendszerek üzemeltetése",62.2,"Információtechnológiai szaktanácsadás és számítástechnikai eszközök, rendszerek üzemeltetése",62,Információtechnológiai szolgáltatás,K,"TÁVKÖZLÉS, SZÁMÍTÓGÉPES PROGRAMOZÁS, INFORMÁCIÓTECHNOLÓGIAI SZAKTANÁCSADÁS, SZÁMÍTÁSTECHNIKAI INFRASTRUKTÚRA ÉS EGYÉB INFORMÁCIÓS SZOLGÁLTATÁSOK",113,Korlátolt felelősségű társaság,11,Gazdasági társaság,1,Jogi személyiségű vállalkozás,13,Pest,12,Pest,1,Közép-Magyarország,,,,-0.23024453024453023,-0.0019379946431617838,118.80555555555556,119,4.7977342536090894,0.04038307999296872,109,127,18
5,5518,mandiner.hu,Mandiner Novum,https://mandiner.hu/impresszum,2025-07-05,32696242-2-43,https://ceginfo.hu//ceg-adatlap/mandiner-novum-nonprofit-zrt-0110143085.html,2025-12-21,32696242 5813 573 01,2025-12-21,58.13,"Folyóirat, időszaki kiadvány kiadása",58.1,"Könyv-, napilapkiadás, egyéb kiadói tevékenység (kivéve: szoftverkiadás)",58,Kiadói tevékenység,J,"KIADÓI TEVÉKENYSÉG, MŰSORSZOLGÁLTATÁS, TARTALOMSZOLGÁLTATÁS ÉS -TERJESZTÉS",573,Nonprofit részvénytársaság,57,Nonprofit gazdasági társaság,5,Jogi személyiségű nonprofit szervezet,01,Budapest,11,Budapest,1,Közép-Magyarország,,,,-0.7931788931788932,-0.005483856376884961,144.63888888888889,141,9.80423458884047,0.06778422223895851,131,167,36
6,5570,portfolio.hu,Net Média,https://www.portfolio.hu/info/impresszum,2025-07-05,12527052-2-41,https://ceginfo.hu//ceg-adatlap/net-media-kiado-es-internet-tartalomszolgaltato-zrt-0110044439.html,2025-12-21,12527052 6039 114 01,2025-12-21,60.39,Egyéb tartalomterjesztési tevékenység,60.3,Hírügynökségi és egyéb tartalomterjesztési tevékenység,60,"Műsor-összeállítás, műsorszolgáltatás, hírügynökségi és egyéb tartalomterjesztési tevékenység",J,"KIADÓI TEVÉKENYSÉG, MŰSORSZOLGÁLTATÁS, TARTALOMSZOLGÁLTATÁS ÉS -TERJESZTÉS",114,Részvénytársaság,11,Gazdasági társaság,1,Jogi személyiségű vállalkozás,01,Budapest,11,Budapest,1,Közép-Magyarország,,,,-3.6012870012870013,-0.025743910255427317,139.88888888888889,147,49.51292920773481,0.3539446885382155,41,243,202
7,5867,hvg.hu,HVG Kiadó,https://hvg.hu/impresszum,2025-07-05,10226353-2-41,https://ceginfo.hu//ceg-adatlap/heti-vilaggazdasag-kiadoi-zrt-0110041172.html,2025-12-21,10226353 5813 114 01,2025-12-21,58.13,"Folyóirat, időszaki kiadvány kiadása",58.1,"Könyv-, napilapkiadás, egyéb kiadói tevékenység (kivéve: szoftverkiadás)",58,Kiadói tevékenység,J,"KIADÓI TEVÉKENYSÉG, MŰSORSZOLGÁLTATÁS, TARTALOMSZOLGÁLTATÁS ÉS -TERJESZTÉS",114,Részvénytársaság,11,Gazdasági társaság,1,Jogi személyiségű vállalkozás,01,Budapest,11,Budapest,1,Közép-Magyarország,,,,-2.8422136422136424,-0.05351448280318571,53.111111111111114,33.5,41.20872153026262,0.7758964304861162,22,202,180
8,5910,hasznaltauto.hu,Használtautó.hu,https://www.hasznaltauto.hu/kapcsolat,2025-07-05,14918618-2-41,https://www.hasznaltauto.hu/kapcsolat,2025-07-05,14918618 7312 113 01,2025-12-21,73.12,Médiareklám,73.1,Reklám,73,"Reklám, piackutatás, PR-tevékenység",N,"SZAKMAI, TUDOMÁNYOS, MŰSZAKI TEVÉKENYSÉG",113,Korlátolt felelősségű társaság,11,Gazdasági társaság,1,Jogi személyiségű vállalkozás,01,Budapest,11,Budapest,1,Közép-Magyarország,,,,-5.428700128700129,-0.046190783416025824,117.52777777777777,162,73.30191426504929,0.6236986323662904,1,163,162
9,6253,gyakorikerdesek.hu,WebMinute,https://www.gyakorikerdesek.hu/felhasznaloi_szabalyzat,2025-07-05,14435986-2-13,https://ceginfo.hu//ceg-adatlap/webminute-szolgaltato-kft-1309122408.html,2025-12-21,14435986 6310 113 13,2025-12-21,63.10,"Számítástechnikai infrastruktúra, adatfeldolgozás, tárhelyszolgáltatás és kapcsolódó szolgáltatások",63.1,"Számítástechnikai infrastruktúra, adatfeldolgozás, tárhelyszolgáltatás és kapcsolódó szolgáltatások",63,"Számítástechnikai infrastruktúra, adatfeldolgozás, tárhelyszolgáltatás és egyéb információs szolgáltatási tevékenységek",K,"TÁVKÖZLÉS, SZÁMÍTÓGÉPES PROGRAMOZÁS, INFORMÁCIÓTECHNOLÓGIAI SZAKTANÁCSADÁS, SZÁMÍTÁSTECHNIKAI INFRASTRUKTÚRA ÉS EGYÉB INFORMÁCIÓS SZOLGÁLTATÁSOK",113,Korlátolt felelősségű társaság,11,Gazdasági társaság,1,Jogi személyiségű vállalkozás,13,Pest,12,Pest,1,Közép-Magyarország,,,,0,0,76,76,0,0,76,76,0
10,6522,kiskegyed.hu,IndaNext Hungary,https://www.kiskegyed.hu/impresszum/hqvkgf5,2025-12-21,10237580-2-43,https://ceginfo.hu//ceg-adatlap/indanext-hungary-kft-0109061743.html,2025-12-21,10237580 5813 113 01,2025-12-21,58.13,"Folyóirat, időszaki kiadvány kiadása",58.1,"Könyv-, napilapkiadás, egyéb kiadói tevékenység (kivéve: szoftverkiadás)",58,Kiadói tevékenység,J,"KIADÓI TEVÉKENYSÉG, MŰSORSZOLGÁLTATÁS, TARTALOMSZOLGÁLTATÁS ÉS -TERJESZTÉS",113,Korlátolt felelősségű társaság,11,Gazdasági társaság,1,Jogi személyiségű vállalkozás,01,Budapest,11,Budapest,1,Közép-Magyarország,,,,-0.283011583011583,-0.007519126928721064,37.638888888888886,36,3.7883488885776213,0.10064985977032795,33,44,11
11,6536,telex.hu,Telex.hu,https://telex.hu/impresszum,2025-07-05,32073380-2-41,https://ceginfo.hu//ceg-adatlap/telexhu-zrt-0110142023.html,2025-12-21,32073380 6039 114 01,2025-12-21,60.39,Egyéb tartalomterjesztési tevékenység,60.3,Hírügynökségi és egyéb tartalomterjesztési tevékenység,60,"Műsor-összeállítás, műsorszolgáltatás, hírügynökségi és egyéb tartalomterjesztési tevékenység",J,"KIADÓI TEVÉKENYSÉG, MŰSORSZOLGÁLTATÁS, TARTALOMSZOLGÁLTATÁS ÉS -TERJESZTÉS",114,Részvénytársaság,11,Gazdasági társaság,1,Jogi személyiségű vállalkozás,01,Budapest,11,Budapest,1,Közép-Magyarország,,,,-0.9262548262548262,-0.004913094702397752,188.52777777777777,196.5,37.909279761866905,0.2010806057797567,109,246,137
12,6565,tippmix.hu,Szerencsejáték,https://bet.szerencsejatek.hu/cmsfiles/ae/15/adatkezelesi-tajekoztato_cookie_tippmix.pdf,2025-07-05,10580204-2-44,https://ceginfo.hu//ceg-adatlap/szerencsejatek-zrt-0110041628.html,2025-12-21,10580204 9200 114 01,2025-12-21,92.00,"Szerencsejáték, fogadás",92.0,"Szerencsejáték, fogadás",92,"Szerencsejáték, fogadás",S,"MŰVÉSZET, SPORT, SZABADIDŐ",114,Részvénytársaság,11,Gazdasági társaság,1,Jogi személyiségű vállalkozás,01,Budapest,11,Budapest,1,Közép-Magyarország,,,,-10.774388674388675,-0.023646771461195676,455.6388888888889,515,139.48561682692343,0.3061319396311189,275,677,402
13,11330,nosalty.hu,Central Médiacsoport,https://www.nosalty.hu/impresszum,2025-07-05,25087910-2-41,https://24.hu/impresszum/,2025-07-04,25087910 5813 114 01,2025-12-21,58.13,"Folyóirat, időszaki kiadvány kiadása",58.1,"Könyv-, napilapkiadás, egyéb kiadói tevékenység (kivéve: szoftverkiadás)",58,Kiadói tevékenység,J,"KIADÓI TEVÉKENYSÉG, MŰSORSZOLGÁLTATÁS, TARTALOMSZOLGÁLTATÁS ÉS -TERJESZTÉS",114,Részvénytársaság,11,Gazdasági társaság,1,Jogi személyiségű vállalkozás,01,Budapest,11,Budapest,1,Közép-Magyarország,,,,-0.021879021879021878,-0.00029477724088502685,74.22222222222223,74,3.7577433282004398,0.050628278373958016,66,82,16
14,11465,origo.hu,Mediaworks Hungary,https://www.origo.hu/impresszum,2025-07-31,24785725-2-44,https://videa.hu/szolgaltato_adatai,2025-07-04,24785725 5812 114 01,2025-12-21,58.12,Napilapkiadás,58.1,"Könyv-, napilapkiadás, egyéb kiadói tevékenység (kivéve: szoftverkiadás)",58,Kiadói tevékenység,J,"KIADÓI TEVÉKENYSÉG, MŰSORSZOLGÁLTATÁS, TARTALOMSZOLGÁLTATÁS ÉS -TERJESZTÉS",114,Részvénytársaság,11,Gazdasági társaság,1,Jogi személyiségű vállalkozás,01,Budapest,11,Budapest,1,Közép-Magyarország,,,,0.07065637065637066,0.0021871275525618458,32.30555555555556,32.5,3.0125399292618225,0.09325145094877524,26,37,11
15,11839,atw.hu,ATW INTERNET,https://atw.hu/,2025-07-31,13471868-2-41,https://ceginfo.hu//ceg-adatlap/atw-internet-kereskedelmi-es-szolgaltato-kft-0109736956.html,2025-12-21,13471868 6220 113 01,2025-12-21,62.20,"Információtechnológiai szaktanácsadás és számítástechnikai eszközök, rendszerek üzemeltetése",62.2,"Információtechnológiai szaktanácsadás és számítástechnikai eszközök, rendszerek üzemeltetése",62,Információtechnológiai szolgáltatás,K,"TÁVKÖZLÉS, SZÁMÍTÓGÉPES PROGRAMOZÁS, INFORMÁCIÓTECHNOLÓGIAI SZAKTANÁCSADÁS, SZÁMÍTÁSTECHNIKAI INFRASTRUKTÚRA ÉS EGYÉB INFORMÁCIÓS SZOLGÁLTATÁSOK",113,Korlátolt felelősségű társaság,11,Gazdasági társaság,1,Jogi személyiségű vállalkozás,01,Budapest,11,Budapest,1,Közép-Magyarország,,,,0.0003861003861003861,0.000008660195576124657,44.583333333333336,45,0.6491753010001006,0.014560941330843376,43,45,2
16,12384,elte.hu,Eötvös Loránd Tudományegyetem,https://www.elte.hu/,2025-12-21,15308744-2-41,https://ceginfo.hu//ceg-adatlap/eoetvoes-lorand-tudomanyegyetem-0198000095.html,2025-12-21,15308744 8540 312 01,2025-12-21,85.40,Felsőoktatás,85.4,Felsőoktatás,85,Oktatás,Q,OKTATÁS,312,Központi költségvetési szerv,31,Központi költségvetési irányító és költségvetési szervek,3,Költségvetési szervek és költségvetési rend szerint gazdálkodó szervek,01,Budapest,11,Budapest,1,Közép-Magyarország,,,,0.044015444015444015,0.0014224021405349623,30.944444444444443,31,1.1198072396480812,0.03618766663135631,29,33,4
17,12423,arukereso.hu,Online Comparison Shopping,https://www.arukereso.hu/static/elerhetosegeink.html,2025-07-31,24868291-2-42,https://ceginfo.hu//ceg-adatlap/online-comparison-shopping-kft-0109186759.html,2025-12-21,24868291 6391 113 01,2025-12-21,63.91,Internetes keresőportállal kapcsolatos tevékenységek,63.9,Internetes keresőportállal kapcsolatos tevékenységek és egyéb információs szolgáltatás,63,"Számítástechnikai infrastruktúra, adatfeldolgozás, tárhelyszolgáltatás és egyéb információs szolgáltatási tevékenységek",K,"TÁVKÖZLÉS, SZÁMÍTÓGÉPES PROGRAMOZÁS, INFORMÁCIÓTECHNOLÓGIAI SZAKTANÁCSADÁS, SZÁMÍTÁSTECHNIKAI INFRASTRUKTÚRA ÉS EGYÉB INFORMÁCIÓS SZOLGÁLTATÁSOK",113,Korlátolt felelősségű társaság,11,Gazdasági társaság,1,Jogi személyiségű vállalkozás,01,Budapest,11,Budapest,1,Közép-Magyarország,,,,-0.2341055341055341,-0.007810749979424716,29.97222222222222,31,3.0283056187635546,0.10103707347125855,26,36,10
18,12797,blikk.hu,IndaNext Hungary,https://www.blikk.hu/katalogus/impresszum/rj58q0w,2025-12-21,10237580-2-43,https://ceginfo.hu//ceg-adatlap/indanext-hungary-kft-0109061743.html,2025-12-21,10237580 5813 113 01,2025-12-21,58.13,"Folyóirat, időszaki kiadvány kiadása",58.1,"Könyv-, napilapkiadás, egyéb kiadói tevékenység (kivéve: szoftverkiadás)",58,Kiadói tevékenység,J,"KIADÓI TEVÉKENYSÉG, MŰSORSZOLGÁLTATÁS, TARTALOMSZOLGÁLTATÁS ÉS -TERJESZTÉS",113,Korlátolt felelősségű társaság,11,Gazdasági társaság,1,Jogi személyiségű vállalkozás,01,Budapest,11,Budapest,1,Közép-Magyarország,,,,0.14646074646074647,0.006032708092204679,24.27777777777778,24,6.742662090264649,0.27772978861501985,10,38,28
19,12873,freemail.hu,Mediaworks Hungary,https://accounts.freemail.hu/a/login,2025-07-31,24785725-2-44,https://videa.hu/szolgaltato_adatai,2025-07-04,24785725 5812 114 01,2025-12-21,58.12,Napilapkiadás,58.1,"Könyv-, napilapkiadás, egyéb kiadói tevékenység (kivéve: szoftverkiadás)",58,Kiadói tevékenység,J,"KIADÓI TEVÉKENYSÉG, MŰSORSZOLGÁLTATÁS, TARTALOMSZOLGÁLTATÁS ÉS -TERJESZTÉS",114,Részvénytársaság,11,Gazdasági társaság,1,Jogi személyiségű vállalkozás,01,Budapest,11,Budapest,1,Közép-Magyarország,,,,-0.3676962676962677,-0.00901093644456477,40.80555555555556,43,6.785781119136205,0.16629552095909012,14,49,35
20,12951,nemzetisport.hu,N.S. MÉDIA ÉS VAGYONKEZELŐ,https://www.nemzetisport.hu/impresszum,2025-07-31,32048467-2-51,https://ceginfo.hu//ceg-adatlap/ns-media-es-vagyonkezelo-kft-0109404379.html,2025-12-21,32048467 5812 113 01,2025-12-21,58.12,Napilapkiadás,58.1,"Könyv-, napilapkiadás, egyéb kiadói tevékenység (kivéve: szoftverkiadás)",58,Kiadói tevékenység,J,"KIADÓI TEVÉKENYSÉG, MŰSORSZOLGÁLTATÁS, TARTALOMSZOLGÁLTATÁS ÉS -TERJESZTÉS",113,Korlátolt felelősségű társaság,11,Gazdasági társaság,1,Jogi személyiségű vállalkozás,01,Budapest,11,Budapest,1,Közép-Magyarország,,,,-0.10797940797940798,-0.0011683975615445737,92.41666666666667,90,12.341278007448937,0.13353952758285592,81,158,77
21,13229,444.hu,Magyar Jeti,https://444.hu/impresszum,2025-11-18,24298083-2-42,https://ceginfo.hu//ceg-adatlap/magyar-jeti-zrt-0110048381.html,2025-12-21,24298083 6039 114 01,2025-12-21,60.39,Egyéb tartalomterjesztési tevékenység,60.3,Hírügynökségi és egyéb tartalomterjesztési tevékenység,60,"Műsor-összeállítás, műsorszolgáltatás, hírügynökségi és egyéb tartalomterjesztési tevékenység",J,"KIADÓI TEVÉKENYSÉG, MŰSORSZOLGÁLTATÁS, TARTALOMSZOLGÁLTATÁS ÉS -TERJESZTÉS",114,Részvénytársaság,11,Gazdasági társaság,1,Jogi személyiségű vállalkozás,01,Budapest,11,Budapest,1,Közép-Magyarország,,,,-0.13963963963963963,-0.02872586872586869,4.861111111111111,4,5.166666666666664,1.0628571428571425,4,35,31
22,13615,startlap.hu,Central Médiacsoport,https://www.startlap.hu/impresszum/,2025-11-18,25087910-2-41,https://24.hu/impresszum/,2025-07-04,25087910 5813 114 01,2025-12-21,58.13,"Folyóirat, időszaki kiadvány kiadása",58.1,"Könyv-, napilapkiadás, egyéb kiadói tevékenység (kivéve: szoftverkiadás)",58,Kiadói tevékenység,J,"KIADÓI TEVÉKENYSÉG, MŰSORSZOLGÁLTATÁS, TARTALOMSZOLGÁLTATÁS ÉS -TERJESZTÉS",114,Részvénytársaság,11,Gazdasági társaság,1,Jogi személyiségű vállalkozás,01,Budapest,11,Budapest,1,Közép-Magyarország,,,,0.04942084942084942,0.000201261377731923,245.55555555555554,246,4.8605963446265354,0.019794283756397656,224,255,31
23,13876,mindmegette.hu,Mediaworks Hungary,https://www.mindmegette.hu/impresszum,2025-11-18,24785725-2-44,https://videa.hu/szolgaltato_adatai,2025-07-04,24785725 5812 114 01,2025-12-21,58.12,Napilapkiadás,58.1,"Könyv-, napilapkiadás, egyéb kiadói tevékenység (kivéve: szoftverkiadás)",58,Kiadói tevékenység,J,"KIADÓI TEVÉKENYSÉG, MŰSORSZOLGÁLTATÁS, TARTALOMSZOLGÁLTATÁS ÉS -TERJESZTÉS",114,Részvénytársaság,11,Gazdasági társaság,1,Jogi személyiségű vállalkozás,01,Budapest,11,Budapest,1,Közép-Magyarország,,,,-1.207850707850708,-0.006969486373237124,173.30555555555554,163,21.825043864389812,0.1259338963164022,156,244,88
24,13880,index.hu,Index.hu,https://index.hu/impresszum/,2025-11-18,12765335-2-41,https://ceginfo.hu//ceg-adatlap/indexhu-informatikai-zrt-0110044705.html,2025-12-21,12765335 5812 114 01,2025-12-21,58.12,Napilapkiadás,58.1,"Könyv-, napilapkiadás, egyéb kiadói tevékenység (kivéve: szoftverkiadás)",58,Kiadói tevékenység,J,"KIADÓI TEVÉKENYSÉG, MŰSORSZOLGÁLTATÁS, TARTALOMSZOLGÁLTATÁS ÉS -TERJESZTÉS",114,Részvénytársaság,11,Gazdasági társaság,1,Jogi személyiségű vállalkozás,01,Budapest,11,Budapest,1,Közép-Magyarország,,,,0.3631917631917632,0.0017294845866274557,210,209,8.947465722602287,0.04260697963143946,193,228,35
25,13955,penzcentrum.hu,Net Média,https://www.penzcentrum.hu/info/impresszum,2025-11-18,12527052-2-41,https://ceginfo.hu//ceg-adatlap/net-media-kiado-es-internet-tartalomszolgaltato-zrt-0110044439.html,2025-12-21,12527052 6039 114 01,2025-12-21,60.39,Egyéb tartalomterjesztési tevékenység,60.3,Hírügynökségi és egyéb tartalomterjesztési tevékenység,60,"Műsor-összeállítás, műsorszolgáltatás, hírügynökségi és egyéb tartalomterjesztési tevékenység",J,"KIADÓI TEVÉKENYSÉG, MŰSORSZOLGÁLTATÁS, TARTALOMSZOLGÁLTATÁS ÉS -TERJESZTÉS",114,Részvénytársaság,11,Gazdasági társaság,1,Jogi személyiségű vállalkozás,01,Budapest,11,Budapest,1,Közép-Magyarország,,,,4.021750321750321,0.019727893661672137,203.86111111111111,192.5,48.78884695605736,0.23932395291157718,145,283,138
26,14075,port.hu,IndaWorld Publishing,https://port.hu/impresszum,2025-11-18,27936748-2-41,https://port.hu/impresszum,2025-11-18,27936748 6391 113 01,2025-12-21,63.91,Internetes keresőportállal kapcsolatos tevékenységek,63.9,Internetes keresőportállal kapcsolatos tevékenységek és egyéb információs szolgáltatás,63,"Számítástechnikai infrastruktúra, adatfeldolgozás, tárhelyszolgáltatás és egyéb információs szolgáltatási tevékenységek",K,"TÁVKÖZLÉS, SZÁMÍTÓGÉPES PROGRAMOZÁS, INFORMÁCIÓTECHNOLÓGIAI SZAKTANÁCSADÁS, SZÁMÍTÁSTECHNIKAI INFRASTRUKTÚRA ÉS EGYÉB INFORMÁCIÓS SZOLGÁLTATÁSOK",113,Korlátolt felelősségű társaság,11,Gazdasági társaság,1,Jogi személyiségű vállalkozás,01,Budapest,11,Budapest,1,Közép-Magyarország,,,,0.09266409266409266,0.00021670178874280127,427.6111111111111,431,31.36902728832811,0.0733587750019366,302,495,193
27,14476,promotions.hu,Promotions Media,https://promotions.hu/impresszum,2025-11-18,23749122-2-15,https://ceginfo.hu//ceg-adatlap/promotions-media-szolgaltato-kft-1509078688.html,2025-12-21,23749122 7311 113 15,2025-12-21,73.11,Reklámügynöki tevékenység,73.1,Reklám,73,"Reklám, piackutatás, PR-tevékenység",N,"SZAKMAI, TUDOMÁNYOS, MŰSZAKI TEVÉKENYSÉG",113,Korlátolt felelősségű társaság,11,Gazdasági társaság,1,Jogi személyiségű vállalkozás,15,Szabolcs-Szatmár-Bereg,60,Észak-Alföld,3,Alföld és Észak,,,,0.5503217503217503,0.008812981766718414,62.44444444444444,61,8.34760682366747,0.1336805363220769,49,83,34
28,14563,szamlazz.hu,KBOSS.hu,https://www.szamlazz.hu/impresszum/,2025-11-18,13421739-2-41,https://www.szamlazz.hu/impresszum/,2025-11-18,13421739 6210 113 01,2025-12-21,62.10,Számítógépes programozás,62.1,Számítógépes programozás,62,Információtechnológiai szolgáltatás,K,"TÁVKÖZLÉS, SZÁMÍTÓGÉPES PROGRAMOZÁS, INFORMÁCIÓTECHNOLÓGIAI SZAKTANÁCSADÁS, SZÁMÍTÁSTECHNIKAI INFRASTRUKTÚRA ÉS EGYÉB INFORMÁCIÓS SZOLGÁLTATÁSOK",113,Korlátolt felelősségű társaság,11,Gazdasági társaság,1,Jogi személyiségű vállalkozás,01,Budapest,11,Budapest,1,Közép-Magyarország,,,,-1.7459459459459459,-0.020262428773067116,86.16666666666667,106,21.264994709616083,0.24678910688142455,64,106,42
29,14721,tippmixpro.hu,Szerencsejáték,https://www.tippmixpro.hu/,2025-11-18,10580204-2-44,https://ceginfo.hu//ceg-adatlap/szerencsejatek-zrt-0110041628.html,2025-12-21,10580204 9200 114 01,2025-12-21,92.00,"Szerencsejáték, fogadás",92.0,"Szerencsejáték, fogadás",92,"Szerencsejáték, fogadás",S,"MŰVÉSZET, SPORT, SZABADIDŐ",114,Részvénytársaság,11,Gazdasági társaság,1,Jogi személyiségű vállalkozás,01,Budapest,11,Budapest,1,Közép-Magyarország,,,,-0.003861003861003861,-0.0005515719801433939,7,7,0.7559289460184544,0.10798984943120778,3,8,5
30,14805,hardverapro.hu,PROHARDVER Informatikai,https://hardverapro.hu/allando/impresszum.html,2025-11-18,12919709-2-41,https://hardverapro.hu/allando/impresszum.html,2025-11-18,12919709 5813 113 01,2025-12-21,58.13,"Folyóirat, időszaki kiadvány kiadása",58.1,"Könyv-, napilapkiadás, egyéb kiadói tevékenység (kivéve: szoftverkiadás)",58,Kiadói tevékenység,J,"KIADÓI TEVÉKENYSÉG, MŰSORSZOLGÁLTATÁS, TARTALOMSZOLGÁLTATÁS ÉS -TERJESZTÉS",113,Korlátolt felelősségű társaság,11,Gazdasági társaság,1,Jogi személyiségű vállalkozás,01,Budapest,11,Budapest,1,Közép-Magyarország,,,,-4.083526383526383,-0.00956142762972043,427.0833333333333,477.5,108.72202431627444,0.25456864230152065,0,508,508
31,15452,nlc.hu,Central Médiacsoport,https://nlc.hu/,2025-11-18,25087910-2-41,https://24.hu/impresszum/,2025-07-04,25087910 5813 114 01,2025-12-21,58.13,"Folyóirat, időszaki kiadvány kiadása",58.1,"Könyv-, napilapkiadás, egyéb kiadói tevékenység (kivéve: szoftverkiadás)",58,Kiadói tevékenység,J,"KIADÓI TEVÉKENYSÉG, MŰSORSZOLGÁLTATÁS, TARTALOMSZOLGÁLTATÁS ÉS -TERJESZTÉS",114,Részvénytársaság,11,Gazdasági társaság,1,Jogi személyiségű vállalkozás,01,Budapest,11,Budapest,1,Közép-Magyarország,,,,-0.8696267696267697,-0.006819116468430312,127.52777777777777,123,13.026316464562061,0.10214493415905777,109,149,40
32,15526,goldengate.hu,MEDIAHUB,https://www.goldengate.hu/felhasznalasi_feltetelek,2025-11-18,23116474-2-17,https://www.goldengate.hu/felhasznalasi_feltetelek,2025-11-18,23116474 7312 113 17,2025-12-21,73.12,Médiareklám,73.1,Reklám,73,"Reklám, piackutatás, PR-tevékenység",N,"SZAKMAI, TUDOMÁNYOS, MŰSZAKI TEVÉKENYSÉG",113,Korlátolt felelősségű társaság,11,Gazdasági társaság,1,Jogi személyiségű vállalkozás,17,Tolna,40,Dél-Dunántúl,2,Dunántúl,,,,-0.013256113256113256,-0.00016575897089966886,79.97222222222223,81,3.065812510445861,0.03833596748039284,74,88,14
33,15618,femina.hu,IndaWorld Publishing,https://femina.hu/info/impresszum/,2025-11-18,27936748-2-41,https://port.hu/impresszum,2025-11-18,27936748 6391 113 01,2025-12-21,63.91,Internetes keresőportállal kapcsolatos tevékenységek,63.9,Internetes keresőportállal kapcsolatos tevékenységek és egyéb információs szolgáltatás,63,"Számítástechnikai infrastruktúra, adatfeldolgozás, tárhelyszolgáltatás és egyéb információs szolgáltatási tevékenységek",K,"TÁVKÖZLÉS, SZÁMÍTÓGÉPES PROGRAMOZÁS, INFORMÁCIÓTECHNOLÓGIAI SZAKTANÁCSADÁS, SZÁMÍTÁSTECHNIKAI INFRASTRUKTÚRA ÉS EGYÉB INFORMÁCIÓS SZOLGÁLTATÁSOK",113,Korlátolt felelősségű társaság,11,Gazdasági társaság,1,Jogi személyiségű vállalkozás,01,Budapest,11,Budapest,1,Közép-Magyarország,,,,-0.09961389961389962,-0.0013049855844615543,76.33333333333333,76,2.6511453050656115,0.034731161201732905,72,83,11
34,16336,bme.hu,,,,,,,,,,,,,,,,,,,,,,,,,,,,,,,,0.03796653796653797,0.0002762877232252823,137.41666666666666,137,0.5000000000000001,0.003638568829593694,137,138,1
35,18836,u-szeged.hu,Szegedi Tudományegyetem,https://u-szeged.hu/impresszum,2025-12-21,19308650-2-06,https://ceginfo.hu//ceg-adatlap/szegedi-tudomanyegyetem-0699006972.html,2025-12-21,19308650 8540 563 06,2025-12-21,85.40,Felsőoktatás,85.4,Felsőoktatás,85,Oktatás,Q,OKTATÁS,563,Egyéb alapítvány önálló intézménye,56,"Alapítvány, jogi személyiségű intézménye és szervezeti egysége",5,Jogi személyiségű nonprofit szervezet,06,Csongrád-Csanád,70,Dél-Alföld,3,Alföld és Észak,,,,0.07065637065637066,0.0027558281079407645,25.63888888888889,21,13.76984858880918,0.5370688507011164,6,42,36
36,21897,starity.hu,Mediadyn,https://starity.hu/impresszum/,2025-11-18,23062595-2-18,https://starity.hu/impresszum,2025-11-18,23062595 6310 113 18,2025-12-21,63.10,"Számítástechnikai infrastruktúra, adatfeldolgozás, tárhelyszolgáltatás és kapcsolódó szolgáltatások",63.1,"Számítástechnikai infrastruktúra, adatfeldolgozás, tárhelyszolgáltatás és kapcsolódó szolgáltatások",63,"Számítástechnikai infrastruktúra, adatfeldolgozás, tárhelyszolgáltatás és egyéb információs szolgáltatási tevékenységek",K,"TÁVKÖZLÉS, SZÁMÍTÓGÉPES PROGRAMOZÁS, INFORMÁCIÓTECHNOLÓGIAI SZAKTANÁCSADÁS, SZÁMÍTÁSTECHNIKAI INFRASTRUKTÚRA ÉS EGYÉB INFORMÁCIÓS SZOLGÁLTATÁSOK",113,Korlátolt felelősségű társaság,11,Gazdasági társaság,1,Jogi személyiségű vállalkozás,18,Vas,30,Nyugat-Dunántúl,2,Dunántúl,,,,-0.05148005148005148,-0.0010940270680530873,47.05555555555556,47,1.433167210749763,0.030456918292202755,45,52,7
39,25279,vatera.hu,Big2 Platform,https://www.vatera.hu/PR/?activepanel=impressum,2025-11-18,32330681-2-41,https://www.vatera.hu/PR/?activepanel=impressum,2025-11-18,32330681 4779 113 01,2025-12-21,47.79,Használt cikk kiskereskedelme,47.7,"Egyéb áruk kiskereskedelme (kivéve: gépjármű, motorkerékpár)",47,Kiskereskedelem,G,KERESKEDELEM,113,Korlátolt felelősségű társaság,11,Gazdasági társaság,1,Jogi személyiségű vállalkozás,01,Budapest,11,Budapest,1,Közép-Magyarország,,,,-0.03758043758043758,-0.00043113312711787183,87.16666666666667,88,5.634079973061896,0.06463571670816706,63,95,32
40,25729,profession.hu,profession.hu,https://www.profession.hu/impresszum,2025-11-18,25087879-2-44,https://www.profession.hu/impresszum,2025-11-18,25087879 7312 113 01,2025-12-21,73.12,Médiareklám,73.1,Reklám,73,"Reklám, piackutatás, PR-tevékenység",N,"SZAKMAI, TUDOMÁNYOS, MŰSZAKI TEVÉKENYSÉG",113,Korlátolt felelősségű társaság,11,Gazdasági társaság,1,Jogi személyiségű vállalkozás,01,Budapest,11,Budapest,1,Közép-Magyarország,,,,-0.05611325611325611,-0.0017688942382462177,31.72222222222222,32,3.2479541790496897,0.10238734715042805,13,33,20
41,26017,magyarhirlap.hu,MAGYAR HÍRLAP Kiadói,https://www.magyarhirlap.hu/informaciok/impresszum,2025-11-18,13389909-2-42,https://ceginfo.hu//ceg-adatlap/magyar-hirlap-kiadoi-kft-0109732788.html,2025-12-21,13389909 5812 113 01,2025-12-21,58.12,Napilapkiadás,58.1,"Könyv-, napilapkiadás, egyéb kiadói tevékenység (kivéve: szoftverkiadás)",58,Kiadói tevékenység,J,"KIADÓI TEVÉKENYSÉG, MŰSORSZOLGÁLTATÁS, TARTALOMSZOLGÁLTATÁS ÉS -TERJESZTÉS",113,Korlátolt felelősségű társaság,11,Gazdasági társaság,1,Jogi személyiségű vállalkozás,01,Budapest,11,Budapest,1,Közép-Magyarország,,,,0.011196911196911196,0.0001669104774695146,67.08333333333333,67,1.7299876134981842,0.02578863523227107,64,73,9
42,26453,magyarnemzet.hu,Mediaworks Hungary,https://magyarnemzet.hu/impresszum,2025-11-18,24785725-2-44,https://videa.hu/szolgaltato_adatai,2025-07-04,24785725 5812 114 01,2025-12-21,58.12,Napilapkiadás,58.1,"Könyv-, napilapkiadás, egyéb kiadói tevékenység (kivéve: szoftverkiadás)",58,Kiadói tevékenység,J,"KIADÓI TEVÉKENYSÉG, MŰSORSZOLGÁLTATÁS, TARTALOMSZOLGÁLTATÁS ÉS -TERJESZTÉS",114,Részvénytársaság,11,Gazdasági társaság,1,Jogi személyiségű vállalkozás,01,Budapest,11,Budapest,1,Közép-Magyarország,,,,0.32857142857142857,0.015750428000760854,20.86111111111111,19,4.769862398600959,0.2286485304256119,14,30,16
43,27782,metropol.hu,Mediaworks Hungary,https://metropol.hu/impresszum,2025-11-18,24785725-2-44,https://videa.hu/szolgaltato_adatai,2025-07-04,24785725 5812 114 01,2025-12-21,58.12,Napilapkiadás,58.1,"Könyv-, napilapkiadás, egyéb kiadói tevékenység (kivéve: szoftverkiadás)",58,Kiadói tevékenység,J,"KIADÓI TEVÉKENYSÉG, MŰSORSZOLGÁLTATÁS, TARTALOMSZOLGÁLTATÁS ÉS -TERJESZTÉS",114,Részvénytársaság,11,Gazdasági társaság,1,Jogi személyiségű vállalkozás,01,Budapest,11,Budapest,1,Közép-Magyarország,,,,-0.08275418275418275,-0.0013901775917641353,59.52777777777778,60,3.148569844150208,0.05289244721857559,55,66,11
44,27818,kormany.hu,NISZ Nemzeti Infokommunikációs Szolgáltató,https://cdn.kormany.hu/uploads/sheets/3/35/35d/35d5df227ec606231240989d5c80f0d.pdf,2025-12-21,10585560-2-44,https://ceginfo.hu//ceg-adatlap/nisz-nemzeti-infokommunikacios-szolgaltato-zrt-0110041633.html,2025-12-21,10585560 6290 114 01,2025-12-21,62.90,Egyéb információtechnológiai szolgáltatás,62.9,Egyéb információtechnológiai szolgáltatás,62,Információtechnológiai szolgáltatás,K,"TÁVKÖZLÉS, SZÁMÍTÓGÉPES PROGRAMOZÁS, INFORMÁCIÓTECHNOLÓGIAI SZAKTANÁCSADÁS, SZÁMÍTÁSTECHNIKAI INFRASTRUKTÚRA ÉS EGYÉB INFORMÁCIÓS SZOLGÁLTATÁSOK",114,Részvénytársaság,11,Gazdasági társaság,1,Jogi személyiségű vállalkozás,01,Budapest,11,Budapest,1,Közép-Magyarország,,,,-0.6552123552123552,-0.058241098241098285,11.25,18,8.67302880033432,0.7709358933630507,0,19,19
45,27983,menetrendek.hu,CData-Térképtár Informatikai Fejlesztő és Tanácsadó,https://menetrendek.hu/,2025-11-18,14129887-2-42,https://ceginfo.hu//ceg-adatlap/cdata-terkeptar-informatikai-fejleszto-es-tanacsado-kft-0109890248.html,2025-12-21,14129887 6220 113 01,2025-12-21,62.20,"Információtechnológiai szaktanácsadás és számítástechnikai eszközök, rendszerek üzemeltetése",62.2,"Információtechnológiai szaktanácsadás és számítástechnikai eszközök, rendszerek üzemeltetése",62,Információtechnológiai szolgáltatás,K,"TÁVKÖZLÉS, SZÁMÍTÓGÉPES PROGRAMOZÁS, INFORMÁCIÓTECHNOLÓGIAI SZAKTANÁCSADÁS, SZÁMÍTÁSTECHNIKAI INFRASTRUKTÚRA ÉS EGYÉB INFORMÁCIÓS SZOLGÁLTATÁSOK",113,Korlátolt felelősségű társaság,11,Gazdasági társaság,1,Jogi személyiségű vállalkozás,01,Budapest,11,Budapest,1,Közép-Magyarország,,,,0.1622908622908623,0.0009975193857727682,162.69444444444446,164,2.3521351327123377,0.01445737831272736,158,165,7
46,30892,hirado.hu,Duna Médiaszolgáltató Nonprofit,https://hirado.hu/impresszum,2025-11-18,10324224-4-41,https://ceginfo.hu//ceg-adatlap/duna-mediaszolgaltato-nonprofit-zrt-0110041306.html,2025-12-21,10324224 6020 573 01,2025-12-21,60.20,"Televízióműsor összeállítása, szolgáltatása, videótartalom-terjesztés",60.2,"Televízióműsor összeállítása, szolgáltatása, videótartalom-terjesztés",60,"Műsor-összeállítás, műsorszolgáltatás, hírügynökségi és egyéb tartalomterjesztési tevékenység",J,"KIADÓI TEVÉKENYSÉG, MŰSORSZOLGÁLTATÁS, TARTALOMSZOLGÁLTATÁS ÉS -TERJESZTÉS",573,Nonprofit részvénytársaság,57,Nonprofit gazdasági társaság,5,Jogi személyiségű nonprofit szervezet,01,Budapest,11,Budapest,1,Közép-Magyarország,,,,-0.05444015444015444,-0.00047077721831504223,115.63888888888889,114.5,3.6890012413565487,0.03190104364372706,107,122,15
47,31826,mediaklikk.hu,Duna Médiaszolgáltató Nonprofit,https://mediaklikk.hu/impresszum/,2025-11-18,10324224-4-41,https://ceginfo.hu//ceg-adatlap/duna-mediaszolgaltato-nonprofit-zrt-0110041306.html,2025-12-21,10324224 6020 573 01,2025-12-21,60.20,"Televízióműsor összeállítása, szolgáltatása, videótartalom-terjesztés",60.2,"Televízióműsor összeállítása, szolgáltatása, videótartalom-terjesztés",60,"Műsor-összeállítás, műsorszolgáltatás, hírügynökségi és egyéb tartalomterjesztési tevékenység",J,"KIADÓI TEVÉKENYSÉG, MŰSORSZOLGÁLTATÁS, TARTALOMSZOLGÁLTATÁS ÉS -TERJESZTÉS",573,Nonprofit részvénytársaság,57,Nonprofit gazdasági társaság,5,Jogi személyiségű nonprofit szervezet,01,Budapest,11,Budapest,1,Közép-Magyarország,,,,-39.62831402831403,-0.10036719466858769,394.8333333333333,44,548.7361322686369,1.3897918081940994,38,1415,1377
48,32406,indavideo.hu,IndaWorld Publishing,https://indamedia.hu/kiadvanyaink,2025-12-23,27936748-2-41,https://port.hu/impresszum,2025-11-18,27936748 6391 113 01,2025-12-21,63.91,Internetes keresőportállal kapcsolatos tevékenységek,63.9,Internetes keresőportállal kapcsolatos tevékenységek és egyéb információs szolgáltatás,63,"Számítástechnikai infrastruktúra, adatfeldolgozás, tárhelyszolgáltatás és egyéb információs szolgáltatási tevékenységek",K,"TÁVKÖZLÉS, SZÁMÍTÓGÉPES PROGRAMOZÁS, INFORMÁCIÓTECHNOLÓGIAI SZAKTANÁCSADÁS, SZÁMÍTÁSTECHNIKAI INFRASTRUKTÚRA ÉS EGYÉB INFORMÁCIÓS SZOLGÁLTATÁSOK",113,Korlátolt felelősségű társaság,11,Gazdasági társaság,1,Jogi személyiségű vállalkozás,01,Budapest,11,Budapest,1,Közép-Magyarország,,,,0.033075933075933074,0.0008584957395339183,38.52777777777778,38,2.157857550059597,0.05600783835771124,29,42,13
49,35655,oszk.hu,Magyar Nemzeti Múzeum Közgyűjteményi Központ,https://oszk.hu/kapcsolat,2025-12-21,15321226-2-42,https://oszk.hu/kapcsolat,2025-12-21,15321226 9121 312 01,2025-12-21,91.21,"Múzeumi, gyűjteményi tevékenység",91.2,"Múzeumi, gyűjteményi, történelmi helyszíni, műemléki tevékenységek",91,"Könyvtári, levéltári, múzeumi, egyéb kulturális tevékenység",S,"MŰVÉSZET, SPORT, SZABADIDŐ",312,Központi költségvetési szerv,31,Központi költségvetési irányító és költségvetési szervek,3,Költségvetési szervek és költségvetési rend szerint gazdálkodó szervek,01,Budapest,11,Budapest,1,Közép-Magyarország,,,,-0.0655083655083655,-0.001072442545839594,61.083333333333336,61,1.1307393283031366,0.018511421472902644,59,63,4
50,35921,nepszava.hu,XXI. század Média,https://nepszava.hu/oldal/impresszum/,2025-12-21,32640234-2-43,https://ceginfo.hu//ceg-adatlap/xxi-szazad-media-zrt-0110142975.html,2025-12-21,32640234 5812 114 01,2025-12-21,58.12,Napilapkiadás,58.1,"Könyv-, napilapkiadás, egyéb kiadói tevékenység (kivéve: szoftverkiadás)",58,Kiadói tevékenység,J,"KIADÓI TEVÉKENYSÉG, MŰSORSZOLGÁLTATÁS, TARTALOMSZOLGÁLTATÁS ÉS -TERJESZTÉS",114,Részvénytársaság,11,Gazdasági társaság,1,Jogi személyiségű vállalkozás,01,Budapest,11,Budapest,1,Közép-Magyarország,,,,-0.5101673101673102,-0.004140221633458831,123.22222222222223,128.5,10.706769850656203,0.08688992665095205,104,135,31
51,36183,jegy.hu,INTERTICKET Kft.,https://www.jegy.hu/articles/625/altalanos-szerzodesi-feltetelek,2025-12-21,10384709-2-41,https://www.jegy.hu/articles/625/altalanos-szerzodesi-feltetelek,2025-12-21,10384709 7990 113 01,2025-12-21,79.90,Egyéb foglalás,79.9,Egyéb foglalás,79,"Utazásközvetítés, utazásszervezés, egyéb foglalás",O,ADMINISZTRATÍV ÉS SZOLGÁLTATÁST TÁMOGATÓ TEVÉKENYSÉG,113,Korlátolt felelősségű társaság,11,Gazdasági társaság,1,Jogi személyiségű vállalkozás,01,Budapest,11,Budapest,1,Közép-Magyarország,,,,0.09652509652509653,0.00009102801579350181,1060.388888888889,1047,56.916117615702184,0.05367475858346724,990,1178,188
53,36817,borsonline.hu,Mediaworks Hungary,https://www.borsonline.hu/impresszum21,2025-12-21,24785725-2-44,https://videa.hu/szolgaltato_adatai,2025-07-04,24785725 5812 114 01,2025-12-21,58.12,Napilapkiadás,58.1,"Könyv-, napilapkiadás, egyéb kiadói tevékenység (kivéve: szoftverkiadás)",58,Kiadói tevékenység,J,"KIADÓI TEVÉKENYSÉG, MŰSORSZOLGÁLTATÁS, TARTALOMSZOLGÁLTATÁS ÉS -TERJESZTÉS",114,Részvénytársaság,11,Gazdasági társaság,1,Jogi személyiségű vállalkozás,01,Budapest,11,Budapest,1,Közép-Magyarország,,,,-0.38314028314028314,-0.016094574320945437,23.805555555555557,23,5.721235852727947,0.24033196114143066,11,37,26
54,37443,magyarorszag.hu,IdomSoft Informatikai,https://magyarorszag.hu/szuf_impresszum,2025-12-21,23083185-2-44,https://ceginfo.hu//ceg-adatlap/idomsoft-informatikai-zrt-0110046896.html,2025-12-21,23083185 6210 114 01,2025-12-21,62.10,Számítógépes programozás,62.1,Számítógépes programozás,62,Információtechnológiai szolgáltatás,K,"TÁVKÖZLÉS, SZÁMÍTÓGÉPES PROGRAMOZÁS, INFORMÁCIÓTECHNOLÓGIAI SZAKTANÁCSADÁS, SZÁMÍTÁSTECHNIKAI INFRASTRUKTÚRA ÉS EGYÉB INFORMÁCIÓS SZOLGÁLTATÁSOK",114,Részvénytársaság,11,Gazdasági társaság,1,Jogi személyiségű vállalkozás,01,Budapest,11,Budapest,1,Közép-Magyarország,,,,0,0,7,7,0,0,7,7,0
55,38891,hirstart.hu,Central Médiacsoport,https://www.hirstart.hu/impresszum.php,2025-12-21,25087910-2-41,https://24.hu/impresszum/,2025-07-04,25087910 5813 114 01,2025-12-21,58.13,"Folyóirat, időszaki kiadvány kiadása",58.1,"Könyv-, napilapkiadás, egyéb kiadói tevékenység (kivéve: szoftverkiadás)",58,Kiadói tevékenység,J,"KIADÓI TEVÉKENYSÉG, MŰSORSZOLGÁLTATÁS, TARTALOMSZOLGÁLTATÁS ÉS -TERJESZTÉS",114,Részvénytársaság,11,Gazdasági társaság,1,Jogi személyiségű vállalkozás,01,Budapest,11,Budapest,1,Közép-Magyarország,,,,3.4934362934362935,0.03458847815283462,101,71.5,46.152542106119604,0.4569558624368278,64,173,109
56,39754,m4sport.hu, Duna Médiaszolgáltató Nonprofit,https://m4sport.hu/impresszum,2025-12-21,10324224-4-41,https://ceginfo.hu//ceg-adatlap/duna-mediaszolgaltato-nonprofit-zrt-0110041306.html,2025-12-21,10324224 6020 573 01,2025-12-21,60.20,"Televízióműsor összeállítása, szolgáltatása, videótartalom-terjesztés",60.2,"Televízióműsor összeállítása, szolgáltatása, videótartalom-terjesztés",60,"Műsor-összeállítás, műsorszolgáltatás, hírügynökségi és egyéb tartalomterjesztési tevékenység",J,"KIADÓI TEVÉKENYSÉG, MŰSORSZOLGÁLTATÁS, TARTALOMSZOLGÁLTATÁS ÉS -TERJESZTÉS",573,Nonprofit részvénytársaság,57,Nonprofit gazdasági társaság,5,Jogi személyiségű nonprofit szervezet,01,Budapest,11,Budapest,1,Közép-Magyarország,,,,0.058815958815958816,0.0010764486616037384,54.638888888888886,55,5.399220990252881,0.09881644923696173,48,71,23
57,39810,libri.hu,LIBRI Könyvkereskedelmi,https://www.libri.hu/cikk/uzletszabalyzat,2025-12-21,10734977-2-42,https://www.libri.hu/cikk/uzletszabalyzat,2025-12-21,10734977 4761 113 01,2025-12-21,47.61,Könyv-kiskereskedelem,47.6,"Kulturális, szabadidős cikk kiskereskedelme",47,Kiskereskedelem,G,KERESKEDELEM,113,Korlátolt felelősségű társaság,11,Gazdasági társaság,1,Jogi személyiségű vállalkozás,01,Budapest,11,Budapest,1,Közép-Magyarország,,,,-5.331788931788932,-0.09096891068455062,58.611111111111114,31,75.62209721570531,1.2902348340120338,12,231,219
58,39896,e-kreta.hu,ELMS Informatikai,https://tudasbazis.ekreta.hu/pages/viewpage.action?pageId=4064926,2025-12-21,22777375-2-43,https://ceginfo.hu//ceg-adatlap/elms-informatikai-zrt-0110140408.html,2025-12-21,22777375 5829 114 01,2025-12-21,58.29,Egyéb szoftverkiadás,58.2,Szoftverkiadás,58,Kiadói tevékenység,J,"KIADÓI TEVÉKENYSÉG, MŰSORSZOLGÁLTATÁS, TARTALOMSZOLGÁLTATÁS ÉS -TERJESZTÉS",114,Részvénytársaság,11,Gazdasági társaság,1,Jogi személyiségű vállalkozás,01,Budapest,11,Budapest,1,Közép-Magyarország,,,,0,0,20,20,0,0,20,20,0
59,40144,felvi.hu,Oktatási Hivatal,https://www.felvi.hu/sajtoszoba/rolunk,2025-12-21,15329729-2-41,https://ceginfo.hu//ceg-adatlap/oktatasi-hivatal-0198000322.html,2025-12-21,15329729 8412 312 01,2025-12-21,84.12,"Egészségügy, oktatás, kultúra, egyéb szociális szolgáltatás igazgatása",84.1,Közigazgatás,84,"Közigazgatás, védelem, kötelező társadalombiztosítás",P,"KÖZIGAZGATÁS, VÉDELEM; KÖTELEZŐ TÁRSADALOMBIZTOSÍTÁS",312,Központi költségvetési szerv,31,Központi költségvetési irányító és költségvetési szervek,3,Költségvetési szervek és költségvetési rend szerint gazdálkodó szervek,01,Budapest,11,Budapest,1,Közép-Magyarország,,,,0.044787644787644784,0.004113151051926557,10.88888888888889,10.5,4.055175020198813,0.37241403246723787,6,20,14
60,41154,totalcar.hu,Totalcar.hu Informatikai,https://totalcar.hu/impresszum/,2025-12-21,12514988-2-41,https://totalcar.hu/impresszum/,2025-12-21,12514988 5811 113 01,2025-12-21,58.11,Könyvkiadás,58.1,"Könyv-, napilapkiadás, egyéb kiadói tevékenység (kivéve: szoftverkiadás)",58,Kiadói tevékenység,J,"KIADÓI TEVÉKENYSÉG, MŰSORSZOLGÁLTATÁS, TARTALOMSZOLGÁLTATÁS ÉS -TERJESZTÉS",113,Korlátolt felelősségű társaság,11,Gazdasági társaság,1,Jogi személyiségű vállalkozás,01,Budapest,11,Budapest,1,Közép-Magyarország,,,,-2.903088803088803,-0.052597482089178166,55.19444444444444,49,35.23538760511284,0.6383864890709926,17,134,117
61,41515,pte.hu,Pécsi Tudományegyetem,https://pte.hu/hu,2025-12-22,19308681-4-02,https://ceginfo.hu//ceg-adatlap/pecsi-tudomanyegyetem-0299007002.html,2025-12-22,19308681 8540 563 02,2025-12-22,85.40,Felsőoktatás,85.4,Felsőoktatás,85,Oktatás,Q,OKTATÁS,563,Egyéb alapítvány önálló intézménye,56,"Alapítvány, jogi személyiségű intézménye és szervezeti egysége",5,Jogi személyiségű nonprofit szervezet,02,Baranya,40,Dél-Dunántúl,2,Dunántúl,,,,-0.9913770913770914,-0.009669351202810969,102.52777777777777,94.5,14.472606855931284,0.14115791027188465,84,121,37
62,41927,sagikazarmark.hu,Sági-Kazár Márk,https://sagikazarmark.hu/,2025-12-22,55787833-1-33,https://ceginfo.hu//ceg-adatlap/sagi-kazar-mark-1397187078.html,2025-12-22,55787833 6210 231 13,2025-12-22,62.10,Számítógépes programozás,62.1,Számítógépes programozás,62,Információtechnológiai szolgáltatás,K,"TÁVKÖZLÉS, SZÁMÍTÓGÉPES PROGRAMOZÁS, INFORMÁCIÓTECHNOLÓGIAI SZAKTANÁCSADÁS, SZÁMÍTÁSTECHNIKAI INFRASTRUKTÚRA ÉS EGYÉB INFORMÁCIÓS SZOLGÁLTATÁSOK",231,Egyéni vállalkozó,23,Önálló vállalkozó,2,Jogi személyiség nélküli vállalkozás,13,Pest,12,Pest,1,Közép-Magyarország,,,,0,0,63,63,0,0,63,63,0
63,42356,economx.hu,ECNMX Kiadó,https://www.economx.hu/impresszum,2025-12-22,11990259-2-41,https://ceginfo.hu//ceg-adatlap/ecnmx-kiado-kft-0109686813.html,2025-12-22,11990259 5812 113 01,2025-12-22,58.12,Napilapkiadás,58.1,"Könyv-, napilapkiadás, egyéb kiadói tevékenység (kivéve: szoftverkiadás)",58,Kiadói tevékenység,J,"KIADÓI TEVÉKENYSÉG, MŰSORSZOLGÁLTATÁS, TARTALOMSZOLGÁLTATÁS ÉS -TERJESZTÉS",113,Korlátolt felelősségű társaság,11,Gazdasági társaság,1,Jogi személyiségű vállalkozás,01,Budapest,11,Budapest,1,Közép-Magyarország,,,,0.15894465894465895,0.005528509876335939,28.75,28.5,3.7673408583319272,0.13103794289850182,22,39,17
64,42614,divany.hu,IndaWorld Publishing,https://divany.hu/impresszum/,2025-12-21,27936748-2-41,https://port.hu/impresszum,2025-11-18,27936748 6391 113 01,2025-12-21,63.91,Internetes keresőportállal kapcsolatos tevékenységek,63.9,Internetes keresőportállal kapcsolatos tevékenységek és egyéb információs szolgáltatás,63,"Számítástechnikai infrastruktúra, adatfeldolgozás, tárhelyszolgáltatás és egyéb információs szolgáltatási tevékenységek",K,"TÁVKÖZLÉS, SZÁMÍTÓGÉPES PROGRAMOZÁS, INFORMÁCIÓTECHNOLÓGIAI SZAKTANÁCSADÁS, SZÁMÍTÁSTECHNIKAI INFRASTRUKTÚRA ÉS EGYÉB INFORMÁCIÓS SZOLGÁLTATÁSOK",113,Korlátolt felelősségű társaság,11,Gazdasági társaság,1,Jogi személyiségű vállalkozás,01,Budapest,11,Budapest,1,Közép-Magyarország,,,,0.03178893178893179,0.0007051149380169951,45.083333333333336,45,2.1162635536651453,0.0469411509130901,39,51,12
65,42628,otpbank.hu,OTP Bank,https://www.otpbank.hu/portal/hu/jogi-etikai-nyilatkozat,2025-12-22,10537914-4-44,https://ceginfo.hu//ceg-adatlap/otp-bank-nyrt-0110041585.html,2025-12-22,10537914 6419 114 01,2025-12-22,64.19,Egyéb monetáris közvetítés,64.1,Monetáris közvetítés,64,"Pénzügyi szolgáltatás (kivéve: biztosítási, nyugdíjpénztári tevékenység)",L,"PÉNZÜGYI, BIZTOSÍTÁSI TEVÉKENYSÉG",114,Részvénytársaság,11,Gazdasági társaság,1,Jogi személyiségű vállalkozás,01,Budapest,11,Budapest,1,Közép-Magyarország,,,,-0.023166023166023165,-0.00031661990659717605,73.16666666666667,73,0.3779644730092273,0.005165801453429075,73,74,1
66,42864,unideb.hu,,,,,,,,,,,,,,,,,,,,,,,,,,,,,,,,0,0,69,69,0,0,69,69,0
67,43228,moly.hu,Szupernap Bt.,https://moly.hu/dokumentumok/felhasznalasi-feltetelek,2025-12-22,22366157-2-13,https://moly.hu/dokumentumok/felhasznalasi-feltetelek,2025-12-22,22366157 6290 117 13,2025-12-22,62.90,Egyéb információtechnológiai szolgáltatás,62.9,Egyéb információtechnológiai szolgáltatás,62,Információtechnológiai szolgáltatás,K,"TÁVKÖZLÉS, SZÁMÍTÓGÉPES PROGRAMOZÁS, INFORMÁCIÓTECHNOLÓGIAI SZAKTANÁCSADÁS, SZÁMÍTÁSTECHNIKAI INFRASTRUKTÚRA ÉS EGYÉB INFORMÁCIÓS SZOLGÁLTATÁSOK",117,Betéti társaság,11,Gazdasági társaság,1,Jogi személyiségű vállalkozás,13,Pest,12,Pest,1,Közép-Magyarország,,,,-0.07541827541827542,-0.0006123269993364636,123.16666666666667,124.5,12.820742122491524,0.1040926288700259,96,154,58
68,43999,hirtv.hu,HírTV Műsorszolgáltató és Hirdetésszervező,https://hirtv.origo.hu/impresszum,2025-12-22,12896055-2-42,https://ceginfo.hu//ceg-adatlap/hirtv-musorszolgaltato-es-hirdetesszervezo-zrt-0110044815.html,2025-12-22,12896055 6020 114 01,2025-12-22,60.20,"Televízióműsor összeállítása, szolgáltatása, videótartalom-terjesztés",60.2,"Televízióműsor összeállítása, szolgáltatása, videótartalom-terjesztés",60,"Műsor-összeállítás, műsorszolgáltatás, hírügynökségi és egyéb tartalomterjesztési tevékenység",J,"KIADÓI TEVÉKENYSÉG, MŰSORSZOLGÁLTATÁS, TARTALOMSZOLGÁLTATÁS ÉS -TERJESZTÉS",114,Részvénytársaság,11,Gazdasági társaság,1,Jogi személyiségű vállalkozás,01,Budapest,11,Budapest,1,Közép-Magyarország,,,,-3.4048906048906047,-0.04297898379244792,79.22222222222223,106,46.10987567669896,0.5820320912907302,6,116,110
69,44195,lira.hu,Líra Könyv,https://www.lira.hu/,2025-12-22,10853665-2-42,https://ceginfo.hu//ceg-adatlap/lira-koenyv-zrt-0110042263.html,2025-12-22,10853665 4761 114 01,2025-12-22,47.61,Könyv-kiskereskedelem,47.6,"Kulturális, szabadidős cikk kiskereskedelme",47,Kiskereskedelem,G,KERESKEDELEM,114,Részvénytársaság,11,Gazdasági társaság,1,Jogi személyiségű vállalkozás,01,Budapest,11,Budapest,1,Közép-Magyarország,,,,-0.4575289575289575,-0.0018331711153080233,249.58333333333334,248.5,8.839440835579719,0.035416791327865314,221,270,49
70,44315,szallas.hu,Szallas Group,https://szallas.hu/impresszum,2025-12-22,32362903-2-05,https://szallas.hu/impresszum,2025-12-22,32362903 6391 114 05,2025-12-22,63.91,Internetes keresőportállal kapcsolatos tevékenységek,63.9,Internetes keresőportállal kapcsolatos tevékenységek és egyéb információs szolgáltatás,63,"Számítástechnikai infrastruktúra, adatfeldolgozás, tárhelyszolgáltatás és egyéb információs szolgáltatási tevékenységek",K,"TÁVKÖZLÉS, SZÁMÍTÓGÉPES PROGRAMOZÁS, INFORMÁCIÓTECHNOLÓGIAI SZAKTANÁCSADÁS, SZÁMÍTÁSTECHNIKAI INFRASTRUKTÚRA ÉS EGYÉB INFORMÁCIÓS SZOLGÁLTATÁSOK",114,Részvénytársaság,11,Gazdasági társaság,1,Jogi személyiségű vállalkozás,05,Borsod-Abaúj-Zemplén,50,Észak-Magyarország,3,Alföld és Észak,,,,-0.5126126126126126,-0.0022757496675365405,225.25,226,7.192754290653497,0.031932316495687,212,238,26
71,44336,ripost.hu,Mediaworks Hungary,https://ripost.hu/impresszum,2025-12-22,24785725-2-44,https://videa.hu/szolgaltato_adatai,2025-07-04,24785725 5812 114 01,2025-12-21,58.12,Napilapkiadás,58.1,"Könyv-, napilapkiadás, egyéb kiadói tevékenység (kivéve: szoftverkiadás)",58,Kiadói tevékenység,J,"KIADÓI TEVÉKENYSÉG, MŰSORSZOLGÁLTATÁS, TARTALOMSZOLGÁLTATÁS ÉS -TERJESZTÉS",114,Részvénytársaság,11,Gazdasági társaság,1,Jogi személyiségű vállalkozás,01,Budapest,11,Budapest,1,Közép-Magyarország,,,,-1.0267696267696267,-0.04248701903874328,24.166666666666668,30,12.433824833895642,0.514503096574992,3,38,35
72,44726,delmagyar.hu,Mediaworks Hungary,https://www.delmagyar.hu/impresszum,2025-12-22,24785725-2-44,https://videa.hu/szolgaltato_adatai,2025-07-04,24785725 5812 114 01,2025-12-21,58.12,Napilapkiadás,58.1,"Könyv-, napilapkiadás, egyéb kiadói tevékenység (kivéve: szoftverkiadás)",58,Kiadói tevékenység,J,"KIADÓI TEVÉKENYSÉG, MŰSORSZOLGÁLTATÁS, TARTALOMSZOLGÁLTATÁS ÉS -TERJESZTÉS",114,Részvénytársaság,11,Gazdasági társaság,1,Jogi személyiségű vállalkozás,01,Budapest,11,Budapest,1,Közép-Magyarország,,,,-1.8471042471042471,-0.030391111926760927,60.77777777777778,73,22.112841919974418,0.3638310370745334,29,82,53
74,45110,infostart.hu,INFORÁDIÓ,https://infostart.hu/info/impresszum,2025-12-22,32884915-2-41,https://ceginfo.hu//ceg-adatlap/inforadio-musorszolgaltato-zrt-0110143404.html,2025-12-22,32884915 6010 114 01,2025-12-22,60.10,"Rádióműsor-szolgáltatás, audiotartalom-terjesztés",60.1,"Rádióműsor-szolgáltatás, audiotartalom-terjesztés",60,"Műsor-összeállítás, műsorszolgáltatás, hírügynökségi és egyéb tartalomterjesztési tevékenység",J,"KIADÓI TEVÉKENYSÉG, MŰSORSZOLGÁLTATÁS, TARTALOMSZOLGÁLTATÁS ÉS -TERJESZTÉS",114,Részvénytársaság,11,Gazdasági társaság,1,Jogi személyiségű vállalkozás,01,Budapest,11,Budapest,1,Közép-Magyarország,,,,-0.17155727155727155,-0.002626993524483914,65.30555555555556,65,3.3021157238910104,0.05056408594643827,57,71,14
75,45276,jogtar.hu,Wolters Kluwer Hungary,https://www.wolterskluwer.com/hu-hu/solutions/hungary/customer-service,2025-12-22,12643228-2-43,https://www.wolterskluwer.com/hu-hu/solutions/hungary/customer-service,2025-12-22,12643228 5811 113 01,2025-12-22,58.11,Könyvkiadás,58.1,"Könyv-, napilapkiadás, egyéb kiadói tevékenység (kivéve: szoftverkiadás)",58,Kiadói tevékenység,J,"KIADÓI TEVÉKENYSÉG, MŰSORSZOLGÁLTATÁS, TARTALOMSZOLGÁLTATÁS ÉS -TERJESZTÉS",113,Korlátolt felelősségű társaság,11,Gazdasági társaság,1,Jogi személyiségű vállalkozás,01,Budapest,11,Budapest,1,Közép-Magyarország,,,,0,0,3,3,0,0,3,3,0
76,45483,oktatas.hu,Oktatási Hivatal,https://www.oktatas.hu/,2025-12-22,15329729-2-41,https://ceginfo.hu//ceg-adatlap/oktatasi-hivatal-0198000322.html,2025-12-22,15329729 8412 312 01,2025-12-22,84.12,"Egészségügy, oktatás, kultúra, egyéb szociális szolgáltatás igazgatása",84.1,Közigazgatás,84,"Közigazgatás, védelem, kötelező társadalombiztosítás",P,"KÖZIGAZGATÁS, VÉDELEM; KÖTELEZŐ TÁRSADALOMBIZTOSÍTÁS",312,Központi költségvetési szerv,31,Központi költségvetési irányító és költségvetési szervek,3,Költségvetési szervek és költségvetési rend szerint gazdálkodó szervek,01,Budapest,11,Budapest,1,Közép-Magyarország,,,,-0.0583011583011583,-0.0017360146392405035,33.583333333333336,33,2.4068355039048974,0.07166755842892994,31,41,10
77,46091,szeretlekmagyarorszag.hu,Szeretlek Magyarország Médiacsoport,https://www.szeretlekmagyarorszag.hu/szm/kikvagyunk/,2025-12-23,23092822-2-43,https://ceginfo.hu//ceg-adatlap/szeretlek-magyarorszag-mediacsoport-kft-0109952566.html,2025-12-23,23092822 5812 113 01,2025-12-23,58.12,Napilapkiadás,58.1,"Könyv-, napilapkiadás, egyéb kiadói tevékenység (kivéve: szoftverkiadás)",58,Kiadói tevékenység,J,"KIADÓI TEVÉKENYSÉG, MŰSORSZOLGÁLTATÁS, TARTALOMSZOLGÁLTATÁS ÉS -TERJESZTÉS",113,Korlátolt felelősségű társaság,11,Gazdasági társaság,1,Jogi személyiségű vállalkozás,01,Budapest,11,Budapest,1,Közép-Magyarország,,,,-0.05032175032175032,-0.003735222704294826,13.472222222222221,13,0.7740842003337555,0.057457796313433396,12,15,3
78,46209,kisalfold.hu,Mediaworks Hungary,https://www.kisalfold.hu/impresszum,2025-12-22,24785725-2-44,https://videa.hu/szolgaltato_adatai,2025-07-04,24785725 5812 114 01,2025-12-21,58.12,Napilapkiadás,58.1,"Könyv-, napilapkiadás, egyéb kiadói tevékenység (kivéve: szoftverkiadás)",58,Kiadói tevékenység,J,"KIADÓI TEVÉKENYSÉG, MŰSORSZOLGÁLTATÁS, TARTALOMSZOLGÁLTATÁS ÉS -TERJESZTÉS",114,Részvénytársaság,11,Gazdasági társaság,1,Jogi személyiségű vállalkozás,01,Budapest,11,Budapest,1,Közép-Magyarország,,,,-1.673101673101673,-0.027679990915285068,60.44444444444444,71,19.837114485506987,0.32818755582640236,32,81,49
79,46484,agroinform.hu,Agroinform Média,https://www.agroinform.hu/impresszum,2025-12-22,26351409-2-42,https://ceginfo.hu//ceg-adatlap/agroinform-media-kft-0109325609.html,2025-12-22,26351409 7311 113 01,2025-12-22,73.11,Reklámügynöki tevékenység,73.1,Reklám,73,"Reklám, piackutatás, PR-tevékenység",N,"SZAKMAI, TUDOMÁNYOS, MŰSZAKI TEVÉKENYSÉG",113,Korlátolt felelősségű társaság,11,Gazdasági társaság,1,Jogi személyiségű vállalkozás,01,Budapest,11,Budapest,1,Közép-Magyarország,,,,0.5275418275418275,0.0024861245963484564,212.19444444444446,211.5,6.831939462948776,0.03219659911849142,198,227,29
80,46723,agrarszektor.hu,Net Média,https://www.agrarszektor.hu/info/impresszum,2025-12-22,12527052-2-41,https://ceginfo.hu//ceg-adatlap/net-media-kiado-es-internet-tartalomszolgaltato-zrt-0110044439.html,2025-12-21,12527052 6039 114 01,2025-12-21,60.39,Egyéb tartalomterjesztési tevékenység,60.3,Hírügynökségi és egyéb tartalomterjesztési tevékenység,60,"Műsor-összeállítás, műsorszolgáltatás, hírügynökségi és egyéb tartalomterjesztési tevékenység",J,"KIADÓI TEVÉKENYSÉG, MŰSORSZOLGÁLTATÁS, TARTALOMSZOLGÁLTATÁS ÉS -TERJESZTÉS",114,Részvénytársaság,11,Gazdasági társaság,1,Jogi személyiségű vállalkozás,01,Budapest,11,Budapest,1,Közép-Magyarország,,,,-0.45186615186615187,-0.0035263779464949985,128.13888888888889,125,7.231489780428681,0.05643477825610937,119,145,26
81,47038,myonlineradio.hu,MultiAppsFactory,https://myonlineradio.hu/public/docs/user-terms-and-conditions/hu_HU/hu.docx,2025-12-22,26278823-2-41,https://ceginfo.hu//ceg-adatlap/multiappsfactory-kft-0109357239.html,2025-12-22,26278823 6210 113 01,2025-12-22,62.10,Számítógépes programozás,62.1,Számítógépes programozás,62,Információtechnológiai szolgáltatás,K,"TÁVKÖZLÉS, SZÁMÍTÓGÉPES PROGRAMOZÁS, INFORMÁCIÓTECHNOLÓGIAI SZAKTANÁCSADÁS, SZÁMÍTÁSTECHNIKAI INFRASTRUKTÚRA ÉS EGYÉB INFORMÁCIÓS SZOLGÁLTATÁSOK",113,Korlátolt felelősségű társaság,11,Gazdasági társaság,1,Jogi személyiségű vállalkozás,01,Budapest,11,Budapest,1,Közép-Magyarország,,,,0.016216216216216217,0.0972972972972973,0.16666666666666666,0,1,6,0,6,6
82,47334,boon.hu,Mediaworks Hungary,https://www.boon.hu/impresszum,2025-12-22,24785725-2-44,https://videa.hu/szolgaltato_adatai,2025-07-04,24785725 5812 114 01,2025-12-21,58.12,Napilapkiadás,58.1,"Könyv-, napilapkiadás, egyéb kiadói tevékenység (kivéve: szoftverkiadás)",58,Kiadói tevékenység,J,"KIADÓI TEVÉKENYSÉG, MŰSORSZOLGÁLTATÁS, TARTALOMSZOLGÁLTATÁS ÉS -TERJESZTÉS",114,Részvénytársaság,11,Gazdasági társaság,1,Jogi személyiségű vállalkozás,01,Budapest,11,Budapest,1,Közép-Magyarország,,,,-2.0495495495495497,-0.03593949526730834,57.02777777777778,71,24.728798839884885,0.43362725681239933,22,81,59
83,47477,hirkereso.hu,Híreső. hu,https://www.hirkereso.hu/popup/impresszum/,2025-12-22,11884958-2-13,https://ceginfo.hu//ceg-adatlap/hiresohu-szolgaltato-kft-1309189055.html,2025-12-22,11884958 6210 113 13,2025-12-22,62.10,Számítógépes programozás,62.1,Számítógépes programozás,62,Információtechnológiai szolgáltatás,K,"TÁVKÖZLÉS, SZÁMÍTÓGÉPES PROGRAMOZÁS, INFORMÁCIÓTECHNOLÓGIAI SZAKTANÁCSADÁS, SZÁMÍTÁSTECHNIKAI INFRASTRUKTÚRA ÉS EGYÉB INFORMÁCIÓS SZOLGÁLTATÁSOK",113,Korlátolt felelősségű társaság,11,Gazdasági társaság,1,Jogi személyiségű vállalkozás,13,Pest,12,Pest,1,Közép-Magyarország,,,,0,0,21,21,0,0,21,21,0
84,47524,haon.hu,Mediaworks Hungary,https://www.haon.hu/impresszum,2025-12-22,24785725-2-44,https://videa.hu/szolgaltato_adatai,2025-07-04,24785725 5812 114 01,2025-12-21,58.12,Napilapkiadás,58.1,"Könyv-, napilapkiadás, egyéb kiadói tevékenység (kivéve: szoftverkiadás)",58,Kiadói tevékenység,J,"KIADÓI TEVÉKENYSÉG, MŰSORSZOLGÁLTATÁS, TARTALOMSZOLGÁLTATÁS ÉS -TERJESZTÉS",114,Részvénytársaság,11,Gazdasági társaság,1,Jogi személyiségű vállalkozás,01,Budapest,11,Budapest,1,Közép-Magyarország,,,,-1.8018018018018018,-0.0298641182619083,60.333333333333336,72,21.46891440465227,0.3558383602981039,29,82,53
85,47718,prohardver.hu,PROHARDVER Informatikai,https://prohardver.hu/allando/impresszum.html,2025-12-22,12919709-2-41,https://hardverapro.hu/allando/impresszum.html,2025-11-18,12919709 5813 113 01,2025-12-21,58.13,"Folyóirat, időszaki kiadvány kiadása",58.1,"Könyv-, napilapkiadás, egyéb kiadói tevékenység (kivéve: szoftverkiadás)",58,Kiadói tevékenység,J,"KIADÓI TEVÉKENYSÉG, MŰSORSZOLGÁLTATÁS, TARTALOMSZOLGÁLTATÁS ÉS -TERJESZTÉS",113,Korlátolt felelősségű társaság,11,Gazdasági társaság,1,Jogi személyiségű vállalkozás,01,Budapest,11,Budapest,1,Közép-Magyarország,,,,-0.47464607464607467,-0.00453965427397944,104.55555555555556,112,21.329315097763516,0.20399982558966168,0,119,119
86,48038,vezess.hu,Central Médiacsoport,https://www.vezess.hu/impresszum/,2025-12-22,25087910-2-41,https://24.hu/impresszum/,2025-07-04,25087910 5813 114 01,2025-12-21,58.13,"Folyóirat, időszaki kiadvány kiadása",58.1,"Könyv-, napilapkiadás, egyéb kiadói tevékenység (kivéve: szoftverkiadás)",58,Kiadói tevékenység,J,"KIADÓI TEVÉKENYSÉG, MŰSORSZOLGÁLTATÁS, TARTALOMSZOLGÁLTATÁS ÉS -TERJESZTÉS",114,Részvénytársaság,11,Gazdasági társaság,1,Jogi személyiségű vállalkozás,01,Budapest,11,Budapest,1,Közép-Magyarország,,,,-0.21325611325611327,-0.002575384125199698,82.80555555555556,83,2.6813583385445785,0.032381382149481656,79,87,8
87,48104,webbeteg.hu,Webbeteg,https://www.webbeteg.hu/impresszum,2025-12-22,23981306-2-09,https://ceginfo.hu//ceg-adatlap/webbeteg-kft-0909023339.html,2025-12-22,23981306 6039 113 09,2025-12-22,60.39,Egyéb tartalomterjesztési tevékenység,60.3,Hírügynökségi és egyéb tartalomterjesztési tevékenység,60,"Műsor-összeállítás, műsorszolgáltatás, hírügynökségi és egyéb tartalomterjesztési tevékenység",J,"KIADÓI TEVÉKENYSÉG, MŰSORSZOLGÁLTATÁS, TARTALOMSZOLGÁLTATÁS ÉS -TERJESZTÉS",113,Korlátolt felelősségű társaság,11,Gazdasági társaság,1,Jogi személyiségű vállalkozás,09,Hajdú-Bihar,60,Észak-Alföld,3,Alföld és Észak,,,,-0.10746460746460747,-0.002124506243122436,50.583333333333336,51,4.982110854991945,0.09849313057644701,41,61,20
88,48309,mfor.hu,Menedzsment Fórum,https://mfor.hu/menedzsment-forum/impresszum.html,2025-12-22,12500442-2-41,https://mfor.hu/menedzsment-forum/impresszum.html,2025-12-22,12500442 6039 113 01,2025-12-22,60.39,Egyéb tartalomterjesztési tevékenység,60.3,Hírügynökségi és egyéb tartalomterjesztési tevékenység,60,"Műsor-összeállítás, műsorszolgáltatás, hírügynökségi és egyéb tartalomterjesztési tevékenység",J,"KIADÓI TEVÉKENYSÉG, MŰSORSZOLGÁLTATÁS, TARTALOMSZOLGÁLTATÁS ÉS -TERJESZTÉS",113,Korlátolt felelősségű társaság,11,Gazdasági társaság,1,Jogi személyiségű vállalkozás,01,Budapest,11,Budapest,1,Közép-Magyarország,,,,-0.0009009009009009009,-0.000009666894912766439,93.19444444444444,93,0.40138648595974297,0.004306978686900372,93,94,1
89,48701,szon.hu,Mediaworks Hungary,https://www.szon.hu/impresszum,2025-12-22,24785725-2-44,https://videa.hu/szolgaltato_adatai,2025-07-04,24785725 5812 114 01,2025-12-21,58.12,Napilapkiadás,58.1,"Könyv-, napilapkiadás, egyéb kiadói tevékenység (kivéve: szoftverkiadás)",58,Kiadói tevékenység,J,"KIADÓI TEVÉKENYSÉG, MŰSORSZOLGÁLTATÁS, TARTALOMSZOLGÁLTATÁS ÉS -TERJESZTÉS",114,Részvénytársaság,11,Gazdasági társaság,1,Jogi személyiségű vállalkozás,01,Budapest,11,Budapest,1,Közép-Magyarország,,,,-1.7157014157014157,-0.028113450598657632,61.02777777777778,72,20.385549659517032,0.3340372270107479,30,82,52
90,48935,nyugat.hu,Nyugat Média és Világháló Egyesület,https://www.nyugat.hu/cikk/impresszum-2024,2025-12-22,18889332-2-18,https://ceginfo.hu//ceg-adatlap/nyugat-media-es-vilaghalo-egyesuelet-1899000914.html,2025-12-22,18889332 6031 529 18,2025-12-22,60.31,Hírügynökségi tevékenység,60.3,Hírügynökségi és egyéb tartalomterjesztési tevékenység,60,"Műsor-összeállítás, műsorszolgáltatás, hírügynökségi és egyéb tartalomterjesztési tevékenység",J,"KIADÓI TEVÉKENYSÉG, MŰSORSZOLGÁLTATÁS, TARTALOMSZOLGÁLTATÁS ÉS -TERJESZTÉS",529,Egyéb egyesület,52,Az egyesület egyéb formái,5,Jogi személyiségű nonprofit szervezet,18,Vas,30,Nyugat-Dunántúl,2,Dunántúl,,,,-0.15353925353925355,-0.0025913798065697264,59.25,58,5.421517974041693,0.09150241306399483,50,72,22
91,49652,meska.hu,MESKA.hu,https://www.meska.hu/aboutus,2025-12-22,14260960-2-13,https://www.meska.hu/aboutus,2025-12-22,14260960 6310 113 13,2025-12-22,63.10,"Számítástechnikai infrastruktúra, adatfeldolgozás, tárhelyszolgáltatás és kapcsolódó szolgáltatások",63.1,"Számítástechnikai infrastruktúra, adatfeldolgozás, tárhelyszolgáltatás és kapcsolódó szolgáltatások",63,"Számítástechnikai infrastruktúra, adatfeldolgozás, tárhelyszolgáltatás és egyéb információs szolgáltatási tevékenységek",K,"TÁVKÖZLÉS, SZÁMÍTÓGÉPES PROGRAMOZÁS, INFORMÁCIÓTECHNOLÓGIAI SZAKTANÁCSADÁS, SZÁMÍTÁSTECHNIKAI INFRASTRUKTÚRA ÉS EGYÉB INFORMÁCIÓS SZOLGÁLTATÁSOK",113,Korlátolt felelősségű társaság,11,Gazdasági társaság,1,Jogi személyiségű vállalkozás,13,Pest,12,Pest,1,Közép-Magyarország,,,,0.13166023166023166,0.0016171164584675706,81.41666666666667,78,9.002777349240622,0.1105765897552584,72,104,32
92,49820,privatbankar.hu,Privátbankár.hu,https://privatbankar.hu/privatbankar/impresszum.html,2025-12-22,12494086-2-41,https://privatbankar.hu/privatbankar/impresszum.html,2025-12-22,12494086 6039 113 01,2025-12-22,60.39,Egyéb tartalomterjesztési tevékenység,60.3,Hírügynökségi és egyéb tartalomterjesztési tevékenység,60,"Műsor-összeállítás, műsorszolgáltatás, hírügynökségi és egyéb tartalomterjesztési tevékenység",J,"KIADÓI TEVÉKENYSÉG, MŰSORSZOLGÁLTATÁS, TARTALOMSZOLGÁLTATÁS ÉS -TERJESZTÉS",113,Korlátolt felelősségű társaság,11,Gazdasági társaság,1,Jogi személyiségű vállalkozás,01,Budapest,11,Budapest,1,Közép-Magyarország,,,,-0.07451737451737452,-0.0005770327990159893,129.13888888888889,129.5,2.0723041389826062,0.016047095935335303,124,131,7
93,49828,indapass.hu,,,,,,,,,,,,,,,,,,,,,,,,,,,,,,,,0,0,33,33,0,0,33,33,0
94,49897,vaol.hu,Mediaworks Hungary,https://www.vaol.hu/impresszum,2025-12-22,24785725-2-44,https://videa.hu/szolgaltato_adatai,2025-07-04,24785725 5812 114 01,2025-12-21,58.12,Napilapkiadás,58.1,"Könyv-, napilapkiadás, egyéb kiadói tevékenység (kivéve: szoftverkiadás)",58,Kiadói tevékenység,J,"KIADÓI TEVÉKENYSÉG, MŰSORSZOLGÁLTATÁS, TARTALOMSZOLGÁLTATÁS ÉS -TERJESZTÉS",114,Részvénytársaság,11,Gazdasági társaság,1,Jogi személyiségű vállalkozás,01,Budapest,11,Budapest,1,Közép-Magyarország,,,,-1.8057915057915057,-0.03248800310269583,55.583333333333336,72,26.323672127682226,0.4735893036464568,6,82,76
95,50179,hang.hu,Alhambra-Press,https://hang.hu/impresszum,2025-12-22,32874978-2-43,https://ceginfo.hu//ceg-adatlap/alhambra-press-kommunikacios-kft-0109447226.html,2025-12-22,32874978 6031 113 01,2025-12-22,60.31,Hírügynökségi tevékenység,60.3,Hírügynökségi és egyéb tartalomterjesztési tevékenység,60,"Műsor-összeállítás, műsorszolgáltatás, hírügynökségi és egyéb tartalomterjesztési tevékenység",J,"KIADÓI TEVÉKENYSÉG, MŰSORSZOLGÁLTATÁS, TARTALOMSZOLGÁLTATÁS ÉS -TERJESZTÉS",113,Korlátolt felelősségű társaság,11,Gazdasági társaság,1,Jogi személyiségű vállalkozás,01,Budapest,11,Budapest,1,Közép-Magyarország,,,,-0.05405405405405406,-0.000640113798008506,84.44444444444444,85,1.5936381457791917,0.018872030673700954,80,85,5
96,50320,szoljon.hu,Mediaworks Hungary,https://www.szoljon.hu/impresszum,2025-12-22,24785725-2-44,https://videa.hu/szolgaltato_adatai,2025-07-04,24785725 5812 114 01,2025-12-21,58.12,Napilapkiadás,58.1,"Könyv-, napilapkiadás, egyéb kiadói tevékenység (kivéve: szoftverkiadás)",58,Kiadói tevékenység,J,"KIADÓI TEVÉKENYSÉG, MŰSORSZOLGÁLTATÁS, TARTALOMSZOLGÁLTATÁS ÉS -TERJESZTÉS",114,Részvénytársaság,11,Gazdasági társaság,1,Jogi személyiségű vállalkozás,01,Budapest,11,Budapest,1,Közép-Magyarország,,,,-1.5877734877734877,-0.02677276138634465,59.30555555555556,69,18.75377210733799,0.31622285520569915,32,80,48
97,50554,femcafe.hu,Netrise Hungary,https://www.femcafe.hu/impresszum,2025-12-22,23522154-2-41,https://www.femcafe.hu/impresszum,2025-12-22,23522154 5819 113 01,2025-12-22,58.19,Egyéb kiadói tevékenység (kivéve: szoftverkiadás),58.1,"Könyv-, napilapkiadás, egyéb kiadói tevékenység (kivéve: szoftverkiadás)",58,Kiadói tevékenység,J,"KIADÓI TEVÉKENYSÉG, MŰSORSZOLGÁLTATÁS, TARTALOMSZOLGÁLTATÁS ÉS -TERJESZTÉS",113,Korlátolt felelősségű társaság,11,Gazdasági társaság,1,Jogi személyiségű vállalkozás,01,Budapest,11,Budapest,1,Közép-Magyarország,,,,0.20347490347490346,0.004053733550136344,50.19444444444444,52,6.013410938154074,0.11980232084866999,30,53,23
98,50937,heol.hu,Mediaworks Hungary,https://www.heol.hu/impresszum,2025-12-22,24785725-2-44,https://videa.hu/szolgaltato_adatai,2025-07-04,24785725 5812 114 01,2025-12-21,58.12,Napilapkiadás,58.1,"Könyv-, napilapkiadás, egyéb kiadói tevékenység (kivéve: szoftverkiadás)",58,Kiadói tevékenység,J,"KIADÓI TEVÉKENYSÉG, MŰSORSZOLGÁLTATÁS, TARTALOMSZOLGÁLTATÁS ÉS -TERJESZTÉS",114,Részvénytársaság,11,Gazdasági társaság,1,Jogi személyiségű vállalkozás,01,Budapest,11,Budapest,1,Közép-Magyarország,,,,-2.090990990990991,-0.036277434060566556,57.638888888888886,72,25.272404801372677,0.43846099896357416,22,82,60
99,51142,pestisracok.hu,Mediaworks Hungary,https://pestisracok.hu/pestisracok-impresszum,2025-12-22,24785725-2-44,https://videa.hu/szolgaltato_adatai,2025-07-04,24785725 5812 114 01,2025-12-21,58.12,Napilapkiadás,58.1,"Könyv-, napilapkiadás, egyéb kiadói tevékenység (kivéve: szoftverkiadás)",58,Kiadói tevékenység,J,"KIADÓI TEVÉKENYSÉG, MŰSORSZOLGÁLTATÁS, TARTALOMSZOLGÁLTATÁS ÉS -TERJESZTÉS",114,Részvénytársaság,11,Gazdasági társaság,1,Jogi személyiségű vállalkozás,01,Budapest,11,Budapest,1,Közép-Magyarország,,,,-3.490990990990991,-0.05086024916053243,68.63888888888889,47,83.9371032475347,1.2228796911822133,35,408,373
100,52296,streetkitchen.hu,SK Sales House,https://streetkitchen.hu/impresszum,2025-12-22,29308651-2-43,https://ceginfo.hu//ceg-adatlap/sk-sales-house-kft-0109386472.html,2025-12-22,29308651 7312 113 01,2025-12-22,73.12,Médiareklám,73.1,Reklám,73,"Reklám, piackutatás, PR-tevékenység",N,"SZAKMAI, TUDOMÁNYOS, MŰSZAKI TEVÉKENYSÉG",113,Korlátolt felelősségű társaság,11,Gazdasági társaság,1,Jogi személyiségű vállalkozás,01,Budapest,11,Budapest,1,Közép-Magyarország,,,,-7.658558558558559,-0.05653231661023334,135.47222222222223,64,98.30578710217308,0.7256527241497295,41,268,227
101,52883,ipon.hu,iPon Computer,https://ipon.hu/impresszum,2025-12-22,13392327-2-42,https://ipon.hu/impresszum,2025-12-22,13392327 4650 113 01,2025-12-22,46.50,"Információtechnológiai, híradástechnikai termék nagykereskedelme",46.5,"Információtechnológiai, híradástechnikai termék nagykereskedelme",46,Nagykereskedelem,G,KERESKEDELEM,113,Korlátolt felelősségű társaság,11,Gazdasági társaság,1,Jogi személyiségű vállalkozás,01,Budapest,11,Budapest,1,Közép-Magyarország,,,,0.051608751608751606,0.001339520589700825,38.52777777777778,38,1.2532497439197507,0.03252847208443477,37,42,5
102,52966,kapu.hu,Híreső. hu,https://www.hirkereso.hu/popup/impresszum/,2025-12-22,11884958-2-13,https://ceginfo.hu//ceg-adatlap/hiresohu-szolgaltato-kft-1309189055.html,2025-12-22,11884958 6210 113 13,2025-12-22,62.10,Számítógépes programozás,62.1,Számítógépes programozás,62,Információtechnológiai szolgáltatás,K,"TÁVKÖZLÉS, SZÁMÍTÓGÉPES PROGRAMOZÁS, INFORMÁCIÓTECHNOLÓGIAI SZAKTANÁCSADÁS, SZÁMÍTÁSTECHNIKAI INFRASTRUKTÚRA ÉS EGYÉB INFORMÁCIÓS SZOLGÁLTATÁSOK",113,Korlátolt felelősségű társaság,11,Gazdasági társaság,1,Jogi személyiségű vállalkozás,13,Pest,12,Pest,1,Közép-Magyarország,,,,0.05353925353925354,0.002322184490859164,23.055555555555557,23,0.8926507698004837,0.038717382786527005,22,25,3
103,53284,tv2play.hu,TV2 Média Csoport,https://tv2play.hu/,2025-12-22,25771859-2-44,https://ceginfo.hu//ceg-adatlap/tv2-media-csoport-zrt-0110049017.html,2025-12-22,25771859 6020 114 01,2025-12-22,60.20,"Televízióműsor összeállítása, szolgáltatása, videótartalom-terjesztés",60.2,"Televízióműsor összeállítása, szolgáltatása, videótartalom-terjesztés",60,"Műsor-összeállítás, műsorszolgáltatás, hírügynökségi és egyéb tartalomterjesztési tevékenység",J,"KIADÓI TEVÉKENYSÉG, MŰSORSZOLGÁLTATÁS, TARTALOMSZOLGÁLTATÁS ÉS -TERJESZTÉS",114,Részvénytársaság,11,Gazdasági társaság,1,Jogi személyiségű vállalkozás,01,Budapest,11,Budapest,1,Közép-Magyarország,,,,-0.1676962676962677,-0.021794460783630475,7.694444444444445,8,2.670681501515986,0.34709218070243864,2,11,9
104,53443,bien.hu,Netbase Media,https://www.bien.hu/impresszum/,2025-12-22,24994356-2-13,https://ceginfo.hu//ceg-adatlap/netbase-media-kft-1309203379.html,2025-12-22,24994356 6391 113 13,2025-12-22,63.91,Internetes keresőportállal kapcsolatos tevékenységek,63.9,Internetes keresőportállal kapcsolatos tevékenységek és egyéb információs szolgáltatás,63,"Számítástechnikai infrastruktúra, adatfeldolgozás, tárhelyszolgáltatás és egyéb információs szolgáltatási tevékenységek",K,"TÁVKÖZLÉS, SZÁMÍTÓGÉPES PROGRAMOZÁS, INFORMÁCIÓTECHNOLÓGIAI SZAKTANÁCSADÁS, SZÁMÍTÁSTECHNIKAI INFRASTRUKTÚRA ÉS EGYÉB INFORMÁCIÓS SZOLGÁLTATÁSOK",113,Korlátolt felelősségű társaság,11,Gazdasági társaság,1,Jogi személyiségű vállalkozás,13,Pest,12,Pest,1,Közép-Magyarország,,,,-0.01904761904761905,-0.0001596169193935099,119.33333333333333,119.5,2.354327322794591,0.01972899991168652,112,123,11
105,53638,noklapja.hu,Central Médiacsoport,https://www.noklapja.hu/felhasznalasi-feltetelek/,2025-12-23,25087910-2-41,https://24.hu/impresszum/,2025-07-04,25087910 5813 114 01,2025-12-21,58.13,"Folyóirat, időszaki kiadvány kiadása",58.1,"Könyv-, napilapkiadás, egyéb kiadói tevékenység (kivéve: szoftverkiadás)",58,Kiadói tevékenység,J,"KIADÓI TEVÉKENYSÉG, MŰSORSZOLGÁLTATÁS, TARTALOMSZOLGÁLTATÁS ÉS -TERJESZTÉS",114,Részvénytársaság,11,Gazdasági társaság,1,Jogi személyiségű vállalkozás,01,Budapest,11,Budapest,1,Közép-Magyarország,,,,0.06537966537966539,0.0004846927416943723,134.88888888888889,136,5.755880361001149,0.04267127121005795,118,145,27
107,54887,vadhajtasok.hu,,,,,,,,,,,,,,,,,,,,,,,,,,,,,,,,-0.4703989703989704,-0.008833783481670885,53.25,57,6.591661399070799,0.12378706852715116,41,57,16
108,54893,csakfoci.hu,Dr. Foci,https://www.csakfoci.hu/impresszum,2025-12-23,22667544-2-42,https://ceginfo.hu//ceg-adatlap/dr-foci-kft-0109938179.html,2025-12-23,22667544 7020 113 01,2025-12-23,70.20,"Üzletviteli, egyéb üzletvezetési tanácsadás",70.2,"Üzletviteli, egyéb üzletvezetési tanácsadás",70,"Üzletvezetés, üzletvezetési tanácsadás",N,"SZAKMAI, TUDOMÁNYOS, MŰSZAKI TEVÉKENYSÉG",113,Korlátolt felelősségű társaság,11,Gazdasági társaság,1,Jogi személyiségű vállalkozás,01,Budapest,11,Budapest,1,Közép-Magyarország,,,,-0.04465894465894466,-0.001285149486588377,34.75,35,0.7319250547113999,0.02106259150248633,33,36,3
109,55179,sobors.hu,IndaWorld Publishing,https://sobors.hu/info/impresszum/,2025-12-23,27936748-2-41,https://port.hu/impresszum,2025-11-18,27936748 6391 113 01,2025-12-21,63.91,Internetes keresőportállal kapcsolatos tevékenységek,63.9,Internetes keresőportállal kapcsolatos tevékenységek és egyéb információs szolgáltatás,63,"Számítástechnikai infrastruktúra, adatfeldolgozás, tárhelyszolgáltatás és egyéb információs szolgáltatási tevékenységek",K,"TÁVKÖZLÉS, SZÁMÍTÓGÉPES PROGRAMOZÁS, INFORMÁCIÓTECHNOLÓGIAI SZAKTANÁCSADÁS, SZÁMÍTÁSTECHNIKAI INFRASTRUKTÚRA ÉS EGYÉB INFORMÁCIÓS SZOLGÁLTATÁSOK",113,Korlátolt felelősségű társaság,11,Gazdasági társaság,1,Jogi személyiségű vállalkozás,01,Budapest,11,Budapest,1,Közép-Magyarország,,,,0.06254826254826255,0.003868964693706909,16.166666666666668,15.5,2.9325756597230352,0.18139643256018773,6,25,19
110,55285,mobilarena.hu,PROHARDVER Informatikai,https://mobilarena.hu/allando/impresszum.html,2025-12-23,12919709-2-41,https://hardverapro.hu/allando/impresszum.html,2025-11-18,12919709 5813 113 01,2025-12-21,58.13,"Folyóirat, időszaki kiadvány kiadása",58.1,"Könyv-, napilapkiadás, egyéb kiadói tevékenység (kivéve: szoftverkiadás)",58,Kiadói tevékenység,J,"KIADÓI TEVÉKENYSÉG, MŰSORSZOLGÁLTATÁS, TARTALOMSZOLGÁLTATÁS ÉS -TERJESZTÉS",113,Korlátolt felelősségű társaság,11,Gazdasági társaság,1,Jogi személyiségű vállalkozás,01,Budapest,11,Budapest,1,Közép-Magyarország,,,,-0.010424710424710425,-0.00013915075094167266,74.91666666666667,76.5,13.425721582097552,0.17920874191898845,0,89,89
111,55532,alon.hu,Várnai Zsolt,https://www.alon.hu/impresszum,2025-12-23,66406156-1-38,https://ceginfo.hu//ceg-adatlap/varnai-zsolt-1897030347.html,2025-12-23,66406156 6310 231 18,2025-12-23,63.10,"Számítástechnikai infrastruktúra, adatfeldolgozás, tárhelyszolgáltatás és kapcsolódó szolgáltatások",63.1,"Számítástechnikai infrastruktúra, adatfeldolgozás, tárhelyszolgáltatás és kapcsolódó szolgáltatások",63,"Számítástechnikai infrastruktúra, adatfeldolgozás, tárhelyszolgáltatás és egyéb információs szolgáltatási tevékenységek",K,"TÁVKÖZLÉS, SZÁMÍTÓGÉPES PROGRAMOZÁS, INFORMÁCIÓTECHNOLÓGIAI SZAKTANÁCSADÁS, SZÁMÍTÁSTECHNIKAI INFRASTRUKTÚRA ÉS EGYÉB INFORMÁCIÓS SZOLGÁLTATÁSOK",231,Egyéni vállalkozó,23,Önálló vállalkozó,2,Jogi személyiség nélküli vállalkozás,18,Vas,30,Nyugat-Dunántúl,2,Dunántúl,,,,0.014028314028314028,0.0005568018798448713,25.194444444444443,25,1.653039528426251,0.06561127124955352,21,28,7
112,55740,pornox.hu,,,,,,,,,,,,,,,,,,,,,,,,,,,,,,,,-0.6854568854568854,-0.032814425367616834,20.88888888888889,17,14.841597483863254,0.7105020072062196,15,70,55
113,56719,bardiauto.hu,Bárdi Autó,https://www.bardiauto.hu/webshop/impresszum,2025-12-23,12229132-2-44,https://www.bardiauto.hu/webshop/impresszum,2025-12-23,12229132 4672 114 01,2025-12-23,46.72,Gépjárműalkatrész és -tartozék nagykereskedelme,46.7,"Gépjármű, motorkerékpár és -alkatrész, -tartozék nagykereskedelme",46,Nagykereskedelem,G,KERESKEDELEM,114,Részvénytársaság,11,Gazdasági társaság,1,Jogi személyiségű vállalkozás,01,Budapest,11,Budapest,1,Közép-Magyarország,,,,-0.5221364221364221,-0.0038212870902442067,136.63888888888889,136,14.855788247159573,0.10872298778161103,104,172,68
114,56803,astronet.hu,Mediaworks Hungary,https://astronet.borsonline.hu/impresszum/,2025-12-23,24785725-2-44,https://videa.hu/szolgaltato_adatai,2025-07-04,24785725 5812 114 01,2025-12-21,58.12,Napilapkiadás,58.1,"Könyv-, napilapkiadás, egyéb kiadói tevékenység (kivéve: szoftverkiadás)",58,Kiadói tevékenység,J,"KIADÓI TEVÉKENYSÉG, MŰSORSZOLGÁLTATÁS, TARTALOMSZOLGÁLTATÁS ÉS -TERJESZTÉS",114,Részvénytársaság,11,Gazdasági társaság,1,Jogi személyiségű vállalkozás,01,Budapest,11,Budapest,1,Közép-Magyarország,,,,2.7164736164736163,0.026741331745433444,101.58333333333333,81,40.31261766317269,0.39684283179497315,55,168,113
115,56853,randivonal.hu,Dating Central Europe,https://www.randivonal.hu/aszf,2025-12-23,24925543-2-41,https://www.randivonal.hu/aszf,2025-12-23,24925543 6391 114 01,2025-12-23,63.91,Internetes keresőportállal kapcsolatos tevékenységek,63.9,Internetes keresőportállal kapcsolatos tevékenységek és egyéb információs szolgáltatás,63,"Számítástechnikai infrastruktúra, adatfeldolgozás, tárhelyszolgáltatás és egyéb információs szolgáltatási tevékenységek",K,"TÁVKÖZLÉS, SZÁMÍTÓGÉPES PROGRAMOZÁS, INFORMÁCIÓTECHNOLÓGIAI SZAKTANÁCSADÁS, SZÁMÍTÁSTECHNIKAI INFRASTRUKTÚRA ÉS EGYÉB INFORMÁCIÓS SZOLGÁLTATÁSOK",114,Részvénytársaság,11,Gazdasági társaság,1,Jogi személyiségű vállalkozás,01,Budapest,11,Budapest,1,Közép-Magyarország,,,,-10.451994851994852,-0.05794145590881037,180.38888888888889,62,127.23527762777066,0.7053387734215805,57,314,257
117,57109,anotalk.hu,UNDECAGON,https://anotalk.hu/aszf/anotalk-hu-szf.pdf,2025-12-23,27987342-2-09,https://anotalk.hu/aszf/anotalk-hu-szf.pdf,2025-12-23,27987342 6039 113 09,2025-12-23,60.39,Egyéb tartalomterjesztési tevékenység,60.3,Hírügynökségi és egyéb tartalomterjesztési tevékenység,60,"Műsor-összeállítás, műsorszolgáltatás, hírügynökségi és egyéb tartalomterjesztési tevékenység",J,"KIADÓI TEVÉKENYSÉG, MŰSORSZOLGÁLTATÁS, TARTALOMSZOLGÁLTATÁS ÉS -TERJESZTÉS",113,Korlátolt felelősségű társaság,11,Gazdasági társaság,1,Jogi személyiségű vállalkozás,09,Hajdú-Bihar,60,Észak-Alföld,3,Alföld és Észak,,,,0,0,44,44,0,0,44,44,0
120,57993,vagyaid.hu,Epic Web,https://www.vagyaid.hu/impressum,2025-12-23,23890819-2-02,https://www.vagyaid.hu/impressum,2025-12-23,23890819 6210 113 02,2025-12-23,62.10,Számítógépes programozás,62.1,Számítógépes programozás,62,Információtechnológiai szolgáltatás,K,"TÁVKÖZLÉS, SZÁMÍTÓGÉPES PROGRAMOZÁS, INFORMÁCIÓTECHNOLÓGIAI SZAKTANÁCSADÁS, SZÁMÍTÁSTECHNIKAI INFRASTRUKTÚRA ÉS EGYÉB INFORMÁCIÓS SZOLGÁLTATÁSOK",113,Korlátolt felelősségű társaság,11,Gazdasági társaság,1,Jogi személyiségű vállalkozás,02,Baranya,40,Dél-Dunántúl,2,Dunántúl,,,,0,0,1,1,0,0,1,1,0
121,58152,hungarytoday.hu,Magyarország Barátai Alapítvány,https://hungarytoday.hu/wp-content/uploads/2017/05/FELHASZN%C3%81L%C3%81SI-FELT%C3%89TELEK.pdf,2025-12-23,18219612-1-41,https://hungarytoday.hu/wp-content/uploads/2017/05/FELHASZN%C3%81L%C3%81SI-FELT%C3%89TELEK.pdf,2025-12-23,18219612 9499 569 01,2025-12-23,94.99,"M.n.s. egyéb közösségi, társadalmi tevékenység",94.9,"Egyéb közösségi, társadalmi tevékenység",94,Érdekképviselet,T,EGYÉB SZOLGÁLTATÁS,569,Egyéb alapítvány,56,"Alapítvány, jogi személyiségű intézménye és szervezeti egysége",5,Jogi személyiségű nonprofit szervezet,01,Budapest,11,Budapest,1,Közép-Magyarország,,,,0.035392535392535396,0.0030264400810719105,11.694444444444445,12,0.4671765921511566,0.03994859220294926,11,12,1
122,58627,szexrandi.hu,Dating Central Europe,https://www.szexrandi.hu/impresszum,2025-12-23,24925543-2-41,https://www.randivonal.hu/aszf,2025-12-23,24925543 6391 114 01,2025-12-23,63.91,Internetes keresőportállal kapcsolatos tevékenységek,63.9,Internetes keresőportállal kapcsolatos tevékenységek és egyéb információs szolgáltatás,63,"Számítástechnikai infrastruktúra, adatfeldolgozás, tárhelyszolgáltatás és egyéb információs szolgáltatási tevékenységek",K,"TÁVKÖZLÉS, SZÁMÍTÓGÉPES PROGRAMOZÁS, INFORMÁCIÓTECHNOLÓGIAI SZAKTANÁCSADÁS, SZÁMÍTÁSTECHNIKAI INFRASTRUKTÚRA ÉS EGYÉB INFORMÁCIÓS SZOLGÁLTATÁSOK",114,Részvénytársaság,11,Gazdasági társaság,1,Jogi személyiségű vállalkozás,01,Budapest,11,Budapest,1,Közép-Magyarország,,,,0.0032175032175032173,0.00004409216438141269,72.97222222222223,73,0.16666666666666657,0.002283974114960029,72,73,1
123,58753,naphire.hu,Naphire.hu,https://naphire.hu/impresszum,2025-12-23,27555826-2-42,https://naphire.hu/impresszum,2025-12-23,27555826 5819 113 01,2025-12-23,58.19,Egyéb kiadói tevékenység (kivéve: szoftverkiadás),58.1,"Könyv-, napilapkiadás, egyéb kiadói tevékenység (kivéve: szoftverkiadás)",58,Kiadói tevékenység,J,"KIADÓI TEVÉKENYSÉG, MŰSORSZOLGÁLTATÁS, TARTALOMSZOLGÁLTATÁS ÉS -TERJESZTÉS",113,Korlátolt felelősségű társaság,11,Gazdasági társaság,1,Jogi személyiségű vállalkozás,01,Budapest,11,Budapest,1,Közép-Magyarország,,,,0.2796653796653797,0.00337964205033696,82.75,80,9.478923989567592,0.11454893038752377,72,107,35
124,59435,sztaki.hu,HUN-REN Számítástechnikai és Automatizálási Kutatóintézet,https://sztaki.hun-ren.hu/jogi-nyilatkozat,2025-12-23,19426244-2-43,https://ceginfo.hu//ceg-adatlap/hun-ren-szamitastechnikai-es-automatizalasi-kutatointezet-0199045043.html,2025-12-23,19426244 7210 599 01,2025-12-23,72.10,"Természettudományi, műszaki kutatás, kísérleti fejlesztés",72.1,"Természettudományi, műszaki kutatás, kísérleti fejlesztés",72,"Tudományos kutatás, fejlesztés",N,"SZAKMAI, TUDOMÁNYOS, MŰSZAKI TEVÉKENYSÉG",599,"Egyéb, jogi személyiségű nonprofit szervezet",59,"Egyéb, jogi személyiségű nonprofit szervezet",5,Jogi személyiségű nonprofit szervezet,01,Budapest,11,Budapest,1,Közép-Magyarország,,,,0.09420849420849421,0.006729178157749624,14,13,1.7566201313073597,0.12547286652195427,13,17,4
125,59771,semmelweis.hu,Semmelweis Egyetem,https://semmelweis.hu/,2025-12-23,19308674-4-44,https://ceginfo.hu//ceg-adatlap/semmelweis-egyetem-0199042116.html,2025-12-23,19308674 8540 563 01,2025-12-23,85.40,Felsőoktatás,85.4,Felsőoktatás,85,Oktatás,Q,OKTATÁS,563,Egyéb alapítvány önálló intézménye,56,"Alapítvány, jogi személyiségű intézménye és szervezeti egysége",5,Jogi személyiségű nonprofit szervezet,01,Budapest,11,Budapest,1,Közép-Magyarország,,,,-0.05418275418275418,-0.00042174684336852684,128.47222222222223,128,3.3078790020288666,0.025747814934711177,124,138,14
127,60087,csakporno.hu,,,,,,,,,,,,,,,,,,,,,,,,,,,,,,,,0,0,7,7,0,0,7,7,0
128,60095,erotikaweb.hu,,,,,,,,,,,,,,,,,,,,,,,,,,,,,,,,0.29176319176319176,0.03192545563366228,9.13888888888889,11,3.810907486808865,0.4169989955170794,3,15,12
129,60097,etitan.hu,E-Educatio Információtechnológia,https://edukresz.hu/impresszum,2025-12-23,14644335-2-43,https://edukresz.hu/impresszum,2025-12-23,14644335 5819 114 01,2025-12-23,58.19,Egyéb kiadói tevékenység (kivéve: szoftverkiadás),58.1,"Könyv-, napilapkiadás, egyéb kiadói tevékenység (kivéve: szoftverkiadás)",58,Kiadói tevékenység,J,"KIADÓI TEVÉKENYSÉG, MŰSORSZOLGÁLTATÁS, TARTALOMSZOLGÁLTATÁS ÉS -TERJESZTÉS",114,Részvénytársaság,11,Gazdasági társaság,1,Jogi személyiségű vállalkozás,01,Budapest,11,Budapest,1,Közép-Magyarország,,,,0,0,2,2,0,0,2,2,0
130,60109,hoxa.hu,WebMinute,https://www.hoxa.hu/kapcsolat,2025-12-23,14435986-2-13,https://ceginfo.hu//ceg-adatlap/webminute-szolgaltato-kft-1309122408.html,2025-12-21,14435986 6310 113 13,2025-12-21,63.10,"Számítástechnikai infrastruktúra, adatfeldolgozás, tárhelyszolgáltatás és kapcsolódó szolgáltatások",63.1,"Számítástechnikai infrastruktúra, adatfeldolgozás, tárhelyszolgáltatás és kapcsolódó szolgáltatások",63,"Számítástechnikai infrastruktúra, adatfeldolgozás, tárhelyszolgáltatás és egyéb információs szolgáltatási tevékenységek",K,"TÁVKÖZLÉS, SZÁMÍTÓGÉPES PROGRAMOZÁS, INFORMÁCIÓTECHNOLÓGIAI SZAKTANÁCSADÁS, SZÁMÍTÁSTECHNIKAI INFRASTRUKTÚRA ÉS EGYÉB INFORMÁCIÓS SZOLGÁLTATÁSOK",113,Korlátolt felelősségű társaság,11,Gazdasági társaság,1,Jogi személyiségű vállalkozás,13,Pest,12,Pest,1,Közép-Magyarország,,,,-0.16795366795366795,-0.0013181452030372196,127.41666666666667,128,3.604560603299263,0.02828955345951024,122,139,17
131,60146,trixxx.hu,,,,,,,,,,,,,,,,,,,,,,,,,,,,,,,,-0.002702702702702703,-0.0004483746419230634,6.027777777777778,6,0.16666666666666655,0.027649769585253437,6,7,1
132,60231,akcios-ujsag.hu,Central Médiacsoport,https://akcios-ujsag.hu/kapcsolat/,2025-12-23,25087910-2-41,https://24.hu/impresszum/,2025-07-04,25087910 5813 114 01,2025-12-21,58.13,"Folyóirat, időszaki kiadvány kiadása",58.1,"Könyv-, napilapkiadás, egyéb kiadói tevékenység (kivéve: szoftverkiadás)",58,Kiadói tevékenység,J,"KIADÓI TEVÉKENYSÉG, MŰSORSZOLGÁLTATÁS, TARTALOMSZOLGÁLTATÁS ÉS -TERJESZTÉS",114,Részvénytársaság,11,Gazdasági társaság,1,Jogi személyiségű vállalkozás,01,Budapest,11,Budapest,1,Közép-Magyarország,,,,-0.4109395109395109,-0.010950275643095789,37.52777777777778,35,5.644142911580927,0.15039907092295585,29,46,17
133,60278,beol.hu,Mediaworks Hungary,https://www.beol.hu/impresszum,2025-12-23,24785725-2-44,https://videa.hu/szolgaltato_adatai,2025-07-04,24785725 5812 114 01,2025-12-21,58.12,Napilapkiadás,58.1,"Könyv-, napilapkiadás, egyéb kiadói tevékenység (kivéve: szoftverkiadás)",58,Kiadói tevékenység,J,"KIADÓI TEVÉKENYSÉG, MŰSORSZOLGÁLTATÁS, TARTALOMSZOLGÁLTATÁS ÉS -TERJESZTÉS",114,Részvénytársaság,11,Gazdasági társaság,1,Jogi személyiségű vállalkozás,01,Budapest,11,Budapest,1,Közép-Magyarország,,,,-2.040797940797941,-0.03575120480229971,57.083333333333336,71,24.696298161002648,0.4326358801927471,23,81,58
134,60544,topszotar.hu,Midnet Digital,https://topszotar.hu/alkalmazasok/impresszum/,2025-12-23,24788261-2-43,https://ceginfo.hu//ceg-adatlap/midnet-digital-informatikai-kft-0109182434.html,2025-12-23,24788261 7312 113 01,2025-12-23,73.12,Médiareklám,73.1,Reklám,73,"Reklám, piackutatás, PR-tevékenység",N,"SZAKMAI, TUDOMÁNYOS, MŰSZAKI TEVÉKENYSÉG",113,Korlátolt felelősségű társaság,11,Gazdasági társaság,1,Jogi személyiségű vállalkozás,01,Budapest,11,Budapest,1,Közép-Magyarország,,,,0.01673101673101673,0.0008319290087245512,20.11111111111111,22,4.076257231318089,0.20268682365670057,14,24,10
135,60942,napiszar.hu,,,,,,,,,,,,,,,,,,,,,,,,,,,,,,,,0,,0,0,0,,0,0,0
136,61201,racingbazar.hu,RacingNet Webmester,https://racingbazar.hu/kapcsolat,2025-12-23,12945771-2-09,https://ceginfo.hu//ceg-adatlap/racingnet-webmester-informatikai-szolgaltato-kft-0909015631.html,2025-12-23,12945771 6039 113 09,2025-12-23,60.39,Egyéb tartalomterjesztési tevékenység,60.3,Hírügynökségi és egyéb tartalomterjesztési tevékenység,60,"Műsor-összeállítás, műsorszolgáltatás, hírügynökségi és egyéb tartalomterjesztési tevékenység",J,"KIADÓI TEVÉKENYSÉG, MŰSORSZOLGÁLTATÁS, TARTALOMSZOLGÁLTATÁS ÉS -TERJESZTÉS",113,Korlátolt felelősségű társaság,11,Gazdasági társaság,1,Jogi személyiségű vállalkozás,09,Hajdú-Bihar,60,Észak-Alföld,3,Alföld és Észak,,,,-0.1879021879021879,-0.0013599675843342757,138.16666666666666,138.5,4.83735464897913,0.03501101072843762,128,146,18
137,61308,bontoplaza.hu,BONTÓ,https://bontoplaza.hu/webaruhaz-cms/77-impressum,2025-12-23,24386759-2-06,https://bontoplaza.hu/webaruhaz-cms/77-impressum,2025-12-23,24386759 6290 113 06,2025-12-23,62.90,Egyéb információtechnológiai szolgáltatás,62.9,Egyéb információtechnológiai szolgáltatás,62,Információtechnológiai szolgáltatás,K,"TÁVKÖZLÉS, SZÁMÍTÓGÉPES PROGRAMOZÁS, INFORMÁCIÓTECHNOLÓGIAI SZAKTANÁCSADÁS, SZÁMÍTÁSTECHNIKAI INFRASTRUKTÚRA ÉS EGYÉB INFORMÁCIÓS SZOLGÁLTATÁSOK",113,Korlátolt felelősségű társaság,11,Gazdasági társaság,1,Jogi személyiségű vállalkozás,06,Csongrád-Csanád,70,Dél-Alföld,3,Alföld és Észak,,,,1.8774774774774774,0.03775932356937938,49.72222222222222,34,24.587582360801687,0.49449886312226854,34,90,56
138,61663,hotbull.hu,What to Watch Tartalomszolgáltató,https://hotbull.hu/docs/Impresszum.pdf,2025-12-23,14590195-2-41,https://ceginfo.hu//ceg-adatlap/what-to-watch-tartalomszolgaltato-kft-0109910836.html,2025-12-23,14590195 6039 113 01,2025-12-23,60.39,Egyéb tartalomterjesztési tevékenység,60.3,Hírügynökségi és egyéb tartalomterjesztési tevékenység,60,"Műsor-összeállítás, műsorszolgáltatás, hírügynökségi és egyéb tartalomterjesztési tevékenység",J,"KIADÓI TEVÉKENYSÉG, MŰSORSZOLGÁLTATÁS, TARTALOMSZOLGÁLTATÁS ÉS -TERJESZTÉS",113,Korlátolt felelősségű társaság,11,Gazdasági társaság,1,Jogi személyiségű vállalkozás,01,Budapest,11,Budapest,1,Közép-Magyarország,,,,-0.0001287001287001287,-0.000012905862487956503,9.972222222222221,10,0.16666666666666669,0.016713091922005575,9,10,1
139,61717,zsozirisz.hu,Zsiborács Zsuzsánna,https://zsozirisz.hu/adatkezelesi_szabalyzat.html,2025-12-23,76712713-1-42,https://ceginfo.hu//ceg-adatlap/zsiboracs-zsuzsanna-0197203460.html,2025-12-23,76712713 9699 231 01,2025-12-23,96.99,M.n.s. egyéb személyi szolgáltatás,96.9,Egyéb személyi szolgáltatás,96,Személyi szolgáltatás,T,EGYÉB SZOLGÁLTATÁS,231,Egyéni vállalkozó,23,Önálló vállalkozó,2,Jogi személyiség nélküli vállalkozás,01,Budapest,11,Budapest,1,Közép-Magyarország,,,,0,0,8,8,0,0,8,8,0
140,61858,hitelforum.hu,,,,,,,,,,,,,,,,,,,,,,,,,,,,,,,,-2.2023166023166025,-0.026062918370610588,84.5,97.5,30.662680900403995,0.36287196331839044,36,130,94
141,61926,meglepetes.hu,Central Médiacsoport,https://meglepetes.hu/impresszum/,2025-12-23,25087910-2-41,https://24.hu/impresszum/,2025-07-04,25087910 5813 114 01,2025-12-21,58.13,"Folyóirat, időszaki kiadvány kiadása",58.1,"Könyv-, napilapkiadás, egyéb kiadói tevékenység (kivéve: szoftverkiadás)",58,Kiadói tevékenység,J,"KIADÓI TEVÉKENYSÉG, MŰSORSZOLGÁLTATÁS, TARTALOMSZOLGÁLTATÁS ÉS -TERJESZTÉS",114,Részvénytársaság,11,Gazdasági társaság,1,Jogi személyiségű vállalkozás,01,Budapest,11,Budapest,1,Közép-Magyarország,,,,-0.27696267696267696,-0.0031532752595371124,87.83333333333333,87.5,5.331845030434722,0.0607041179935642,79,101,22
142,62234,netmafia.hu,Kiszely Bence,https://netmafia.hu/altalanos_szerz.php,2025-12-23,60516697-1-32,https://netmafia.hu/altalanos_szerz.php,2025-12-23,60516697 6310 231 12,2025-12-23,63.10,"Számítástechnikai infrastruktúra, adatfeldolgozás, tárhelyszolgáltatás és kapcsolódó szolgáltatások",63.1,"Számítástechnikai infrastruktúra, adatfeldolgozás, tárhelyszolgáltatás és kapcsolódó szolgáltatások",63,"Számítástechnikai infrastruktúra, adatfeldolgozás, tárhelyszolgáltatás és egyéb információs szolgáltatási tevékenységek",K,"TÁVKÖZLÉS, SZÁMÍTÓGÉPES PROGRAMOZÁS, INFORMÁCIÓTECHNOLÓGIAI SZAKTANÁCSADÁS, SZÁMÍTÁSTECHNIKAI INFRASTRUKTÚRA ÉS EGYÉB INFORMÁCIÓS SZOLGÁLTATÁSOK",231,Egyéni vállalkozó,23,Önálló vállalkozó,2,Jogi személyiség nélküli vállalkozás,12,Nógrád,50,Észak-Magyarország,3,Alföld és Észak,,,,0,0,10,10,0,0,10,10,0
143,62329,kepesmotor.hu,AdComNet,https://www.kepesmotor.hu/page/contact,2025-12-23,23761342-2-18,https://ceginfo.hu//ceg-adatlap/adcomnet-kft-1809110832.html,2025-12-23,23761342 6039 113 18,2025-12-23,60.39,Egyéb tartalomterjesztési tevékenység,60.3,Hírügynökségi és egyéb tartalomterjesztési tevékenység,60,"Műsor-összeállítás, műsorszolgáltatás, hírügynökségi és egyéb tartalomterjesztési tevékenység",J,"KIADÓI TEVÉKENYSÉG, MŰSORSZOLGÁLTATÁS, TARTALOMSZOLGÁLTATÁS ÉS -TERJESZTÉS",113,Korlátolt felelősségű társaság,11,Gazdasági társaság,1,Jogi személyiségű vállalkozás,18,Vas,30,Nyugat-Dunántúl,2,Dunántúl,,,,-0.021621621621621623,-0.0004964147821291013,43.55555555555556,44,1.0808579778370369,0.024815616838095234,42,45,3
144,62465,filmi.hu,,,,,,,,,,,,,,,,,,,,,,,,,,,,,,,,0.06615186615186615,0.005268732702360938,12.555555555555555,12,1.4821691525684229,0.11804887055854696,10,15,5
145,62566,brendon.hu,Brendon Gyermekáruházak,https://www.brendon.hu/cegadatok,2025-12-23,10857690-2-41,https://www.brendon.hu/cegadatok,2025-12-23,10857690 4712 113 01,2025-12-23,47.12,Iparcikk jellegű vegyes kiskereskedelem,47.1,Vegyes termékkörű kiskereskedelem,47,Kiskereskedelem,G,KERESKEDELEM,113,Korlátolt felelősségű társaság,11,Gazdasági társaság,1,Jogi személyiségű vállalkozás,01,Budapest,11,Budapest,1,Közép-Magyarország,,,,0.06602316602316602,0.005727310787551765,11.527777777777779,11,1.2067929426165893,0.10468565285348726,10,13,3
146,62687,joy.hu,Marquard Group Hungary,https://www.joy.hu/impresszum,2025-12-23,10353835-2-41,https://ceginfo.hu//ceg-adatlap/marquard-group-hungary-kft-0109067082.html,2025-12-23,10353835 5813 113 01,2025-12-23,58.13,"Folyóirat, időszaki kiadvány kiadása",58.1,"Könyv-, napilapkiadás, egyéb kiadói tevékenység (kivéve: szoftverkiadás)",58,Kiadói tevékenység,J,"KIADÓI TEVÉKENYSÉG, MŰSORSZOLGÁLTATÁS, TARTALOMSZOLGÁLTATÁS ÉS -TERJESZTÉS",113,Korlátolt felelősségű társaság,11,Gazdasági társaság,1,Jogi személyiségű vállalkozás,01,Budapest,11,Budapest,1,Közép-Magyarország,,,,0.3025740025740026,0.0022802311267875325,132.69444444444446,131,9.086314495498772,0.06847547034497714,116,148,32
147,62737,csucsvideok.hu,,,,,,,,,,,,,,,,,,,,,,,,,,,,,,,,-0.0001287001287001287,-0.00006525640328454592,1.9722222222222223,2,0.1666666666666666,0.08450704225352108,1,2,1
148,62774,kirsche.hu,KIRSCHE,https://kirsche.hu/,2025-12-23,11035996-2-03,https://ceginfo.hu//ceg-adatlap/kirsche-kereskedelmi-es-szolgaltato-kft-0309127324.html,2025-12-23,11035996 0113 113 03,2025-12-23,01.13,"Zöldségféle, dinnye, gyökér-, gumósnövény termesztése",01.1,Nem évelő növény termesztése,01,"Növénytermesztés, állattenyésztés, vadgazdálkodás és kapcsolódó szolgáltatások",A,"MEZŐGAZDASÁG, ERDŐGAZDÁLKODÁS, HALÁSZAT",113,Korlátolt felelősségű társaság,11,Gazdasági társaság,1,Jogi személyiségű vállalkozás,03,Bács-Kiskun,70,Dél-Alföld,3,Alföld és Észak,,,,0,0,39,39,0,0,39,39,0
149,63051,mosthir.hu,,,,,,,,,,,,,,,,,,,,,,,,,,,,,,,,0.18288288288288287,0.006101745860782005,29.97222222222222,29.5,4.272744926431861,0.14255682794397315,23,37,14
150,63748,erdekesmagazin.hu,Feedi Media,https://erdekesmagazin.hu/adatvedelmi-nyilatkozat/,2025-12-23,32749711-2-13,https://ceginfo.hu//ceg-adatlap/feedi-media-kft-1309238758.html,2025-12-23,32749711 6039 113 13,2025-12-23,60.39,Egyéb tartalomterjesztési tevékenység,60.3,Hírügynökségi és egyéb tartalomterjesztési tevékenység,60,"Műsor-összeállítás, műsorszolgáltatás, hírügynökségi és egyéb tartalomterjesztési tevékenység",J,"KIADÓI TEVÉKENYSÉG, MŰSORSZOLGÁLTATÁS, TARTALOMSZOLGÁLTATÁS ÉS -TERJESZTÉS",113,Korlátolt felelősségű társaság,11,Gazdasági társaság,1,Jogi személyiségű vállalkozás,13,Pest,12,Pest,1,Közép-Magyarország,,,,-0.2712998712998713,-0.026831855403284005,10.11111111111111,11,4.2746948280568375,0.42277201596166525,1,15,14
151,63865,hadawebshop.hu,HÁDA-1 Ipari és Kereskedelmi,https://hadawebshop.hu/,2025-12-23,13554585-2-15,https://ceginfo.hu//ceg-adatlap/hada-1-ipari-es-kereskedelmi-kft-1509070099.html,2025-12-23,13554585 4779 113 15,2025-12-23,47.79,Használt cikk kiskereskedelme,47.7,"Egyéb áruk kiskereskedelme (kivéve: gépjármű, motorkerékpár)",47,Kiskereskedelem,G,KERESKEDELEM,113,Korlátolt felelősségű társaság,11,Gazdasági társaság,1,Jogi személyiségű vállalkozás,15,Szabolcs-Szatmár-Bereg,60,Észak-Alföld,3,Alföld és Észak,,,,1.4985842985842985,0.016796088028964727,89.22222222222223,103,19.1477131959647,0.21460699721504642,62,116,54
152,64004,keresztlabda.hu,,,,,,,,,,,,,,,,,,,,,,,,,,,,,,,,0.023166023166023165,0.0032324683487475157,7.166666666666667,7,0.3779644730092272,0.052739228791985185,7,8,1
153,64005,kertesrecept.hu,Feedi Media,https://kertesrecept.hu/impresszum/,2025-12-23,32749711-2-13,https://kertesrecept.hu/impresszum/,2025-12-23,32749711 6039 113 13,2025-12-23,60.39,Egyéb tartalomterjesztési tevékenység,60.3,Hírügynökségi és egyéb tartalomterjesztési tevékenység,60,"Műsor-összeállítás, műsorszolgáltatás, hírügynökségi és egyéb tartalomterjesztési tevékenység",J,"KIADÓI TEVÉKENYSÉG, MŰSORSZOLGÁLTATÁS, TARTALOMSZOLGÁLTATÁS ÉS -TERJESZTÉS",113,Korlátolt felelősségű társaság,11,Gazdasági társaság,1,Jogi személyiségű vállalkozás,13,Pest,12,Pest,1,Közép-Magyarország,,,,1.343886743886744,0.05972829972829969,22.5,16.5,15.491011218491469,0.6884893874885097,8,50,42
154,64047,kvizguru.hu,Bialkó Ádám Csaba,https://kvizguru.hu/impresszum/,2025-12-23,48283289-1-23,https://kvizguru.hu/impresszum/,2025-12-23,48283289 6310 231 03,2025-12-23,63.10,"Számítástechnikai infrastruktúra, adatfeldolgozás, tárhelyszolgáltatás és kapcsolódó szolgáltatások",63.1,"Számítástechnikai infrastruktúra, adatfeldolgozás, tárhelyszolgáltatás és kapcsolódó szolgáltatások",63,"Számítástechnikai infrastruktúra, adatfeldolgozás, tárhelyszolgáltatás és egyéb információs szolgáltatási tevékenységek",K,"TÁVKÖZLÉS, SZÁMÍTÓGÉPES PROGRAMOZÁS, INFORMÁCIÓTECHNOLÓGIAI SZAKTANÁCSADÁS, SZÁMÍTÁSTECHNIKAI INFRASTRUKTÚRA ÉS EGYÉB INFORMÁCIÓS SZOLGÁLTATÁSOK",231,Egyéni vállalkozó,23,Önálló vállalkozó,2,Jogi személyiség nélküli vállalkozás,03,Bács-Kiskun,70,Dél-Alföld,3,Alföld és Észak,,,,-0.3631917631917632,-0.007700178724913657,47.166666666666664,44,6.763346593429702,0.1433925072811951,43,67,24
155,64069,lender.hu,,,,,,,,,,,,,,,,,,,,,,,,,,,,,,,,0,0,17,17,0,0,17,17,0
156,64071,life.hu,Mediaworks Hungary,https://www.life.hu/impresszum,2025-12-23,24785725-2-44,https://videa.hu/szolgaltato_adatai,2025-07-04,24785725 5812 114 01,2025-12-21,58.12,Napilapkiadás,58.1,"Könyv-, napilapkiadás, egyéb kiadói tevékenység (kivéve: szoftverkiadás)",58,Kiadói tevékenység,J,"KIADÓI TEVÉKENYSÉG, MŰSORSZOLGÁLTATÁS, TARTALOMSZOLGÁLTATÁS ÉS -TERJESZTÉS",114,Részvénytársaság,11,Gazdasági társaság,1,Jogi személyiségű vállalkozás,01,Budapest,11,Budapest,1,Közép-Magyarország,,,,-0.10334620334620334,-0.0014013044521518385,73.75,73,1.6966353257466462,0.02300522475588673,72,78,6
157,64331,player.hu,Player Media Group,https://player.hu/impresszum,2025-12-23,27715518-2-43,https://ceginfo.hu//ceg-adatlap/player-media-group-zrt-0110142994.html,2025-12-23,27715518 6391 114 01,2025-12-23,63.91,Internetes keresőportállal kapcsolatos tevékenységek,63.9,Internetes keresőportállal kapcsolatos tevékenységek és egyéb információs szolgáltatás,63,"Számítástechnikai infrastruktúra, adatfeldolgozás, tárhelyszolgáltatás és egyéb információs szolgáltatási tevékenységek",K,"TÁVKÖZLÉS, SZÁMÍTÓGÉPES PROGRAMOZÁS, INFORMÁCIÓTECHNOLÓGIAI SZAKTANÁCSADÁS, SZÁMÍTÁSTECHNIKAI INFRASTRUKTÚRA ÉS EGYÉB INFORMÁCIÓS SZOLGÁLTATÁSOK",114,Részvénytársaság,11,Gazdasági társaság,1,Jogi személyiségű vállalkozás,01,Budapest,11,Budapest,1,Közép-Magyarország,,,,0.12007722007722008,0.003933375725914368,30.52777777777778,31,3.1394823150241193,0.10284018502353803,26,37,11
158,64521,spar.hu,SPAR Magyarország,https://www.spar.hu/kapcsolat,2025-12-23,10485824-2-07,https://www.spar.hu/kapcsolat,2025-12-23,10485824 4711 113 07,2025-12-23,47.11,Élelmiszer jellegű vegyes kiskereskedelem,47.1,Vegyes termékkörű kiskereskedelem,47,Kiskereskedelem,G,KERESKEDELEM,113,Korlátolt felelősségű társaság,11,Gazdasági társaság,1,Jogi személyiségű vállalkozás,07,Fejér,20,Közép-Dunántúl,2,Dunántúl,,,,-0.5597168597168597,-0.018744006464936753,29.86111111111111,29,8.669001516990713,0.29031074847596805,19,45,26
159,64525,sport365.hu,FINAL SCORE MÉDIA,https://sport365.hu/impresszum/,2025-12-24,26633040-2-41,https://ceginfo.hu//ceg-adatlap/final-score-media-kft-0109336254.html,2025-12-24,26633040 7311 113 01,2025-12-24,73.11,Reklámügynöki tevékenység,73.1,Reklám,73,"Reklám, piackutatás, PR-tevékenység",N,"SZAKMAI, TUDOMÁNYOS, MŰSZAKI TEVÉKENYSÉG",113,Korlátolt felelősségű társaság,11,Gazdasági társaság,1,Jogi személyiségű vállalkozás,01,Budapest,11,Budapest,1,Közép-Magyarország,,,,-0.08404118404118405,-0.003739780748433473,22.47222222222222,22,1.874431130634589,0.08341102682675551,20,32,12
160,64671,vegas.hu,LVC Diamond,https://vegas.hu/,2025-12-24,25002889-4-44,https://ceginfo.hu//ceg-adatlap/lvc-diamond-jatekkaszino-uezemelteto-kft-0109194087.html,2025-12-24,25002889 9200 113 01,2025-12-24,92.00,"Szerencsejáték, fogadás",92.0,"Szerencsejáték, fogadás",92,"Szerencsejáték, fogadás",S,"MŰVÉSZET, SPORT, SZABADIDŐ",113,Korlátolt felelősségű társaság,11,Gazdasági társaság,1,Jogi személyiségű vállalkozás,01,Budapest,11,Budapest,1,Közép-Magyarország,,,,-0.7373230373230373,-0.016274450854463125,45.30555555555556,55,18.629959657105996,0.4112069574836394,9,63,54
161,64680,vince.hu,Hamu és Gyémánt,https://vince.hu/impresszum/,2025-12-25,12965669-2-41,https://ceginfo.hu//ceg-adatlap/hamu-es-gyemant-media-kft-0109712316.html,2025-12-25,12965669 7330 113 01,2025-12-25,73.30,PR-tevékenység,73.3,PR-tevékenység,73,"Reklám, piackutatás, PR-tevékenység",N,"SZAKMAI, TUDOMÁNYOS, MŰSZAKI TEVÉKENYSÉG",113,Korlátolt felelősségű társaság,11,Gazdasági társaság,1,Jogi személyiségű vállalkozás,01,Budapest,11,Budapest,1,Közép-Magyarország,,,,-0.5633204633204634,-0.0051017702338456835,110.41666666666667,119,33.633635375490236,0.30460650906104364,1,130,129
162,66862,gsplus.hu,Project029 Magyarország Szolgáltató,https://www.gsplus.hu/,2025-12-25,27922965-2-42,https://ceginfo.hu//ceg-adatlap/project029-magyarorszag-szolgaltato-kft-kenyszertoerles-alatt-0109357277.html,2025-12-25,27922965 5813 113 01,2025-12-25,58.13,"Folyóirat, időszaki kiadvány kiadása",58.1,"Könyv-, napilapkiadás, egyéb kiadói tevékenység (kivéve: szoftverkiadás)",58,Kiadói tevékenység,J,"KIADÓI TEVÉKENYSÉG, MŰSORSZOLGÁLTATÁS, TARTALOMSZOLGÁLTATÁS ÉS -TERJESZTÉS",113,Korlátolt felelősségű társaság,11,Gazdasági társaság,1,Jogi személyiségű vállalkozás,01,Budapest,11,Budapest,1,Közép-Magyarország,,,,0.025868725868725868,0.003436435908760609,7.527777777777778,7,2.1445760301762093,0.28488832873189496,4,12,8
163,67470,teol.hu,Mediaworks Hungary,https://www.teol.hu/impresszum,2025-12-25,24785725-2-44,https://videa.hu/szolgaltato_adatai,2025-07-04,24785725 5812 114 01,2025-12-21,58.12,Napilapkiadás,58.1,"Könyv-, napilapkiadás, egyéb kiadói tevékenység (kivéve: szoftverkiadás)",58,Kiadói tevékenység,J,"KIADÓI TEVÉKENYSÉG, MŰSORSZOLGÁLTATÁS, TARTALOMSZOLGÁLTATÁS ÉS -TERJESZTÉS",114,Részvénytársaság,11,Gazdasági társaság,1,Jogi személyiségű vállalkozás,01,Budapest,11,Budapest,1,Közép-Magyarország,,,,-1.4472329472329473,-0.025012187278149817,57.861111111111114,67,17.307558675376125,0.2991224735062604,31,77,46
164,69321,bookline.hu,Libri-Bookline,https://bookline.hu/aszf,2025-12-25,12921360-2-42,https://ceginfo.hu//ceg-adatlap/libri-bookline-kereskedelmi-zrt-0110044841.html,2025-12-25,12921360 4761 114 01,2025-12-25,47.61,Könyv-kiskereskedelem,47.6,"Kulturális, szabadidős cikk kiskereskedelme",47,Kiskereskedelem,G,KERESKEDELEM,114,Részvénytársaság,11,Gazdasági társaság,1,Jogi személyiségű vállalkozás,01,Budapest,11,Budapest,1,Közép-Magyarország,,,,-0.4900900900900901,-0.0036392828472036156,134.66666666666666,132,7.297749163758841,0.05419120666157556,117,158,41
165,69389,megyeriszabolcskerteszete.hu,Megyeri Kertészeti,https://www.megyeriszabolcskerteszete.hu/impresszum,2025-12-25,22665810-2-42,https://www.megyeriszabolcskerteszete.hu/impresszum,2025-12-25,22665810 4776 113 01,2025-12-25,47.76,"Virág, növény, műtrágya, hobbiállat, hobbiállat-eledel kiskereskedelme",47.7,"Egyéb áruk kiskereskedelme (kivéve: gépjármű, motorkerékpár)",47,Kiskereskedelem,G,KERESKEDELEM,113,Korlátolt felelősségű társaság,11,Gazdasági társaság,1,Jogi személyiségű vállalkozás,01,Budapest,11,Budapest,1,Közép-Magyarország,,,,0.42676962676962676,0.012135629197240556,35.166666666666664,35,5.326483696720431,0.15146399137593644,29,43,14
166,69893,sportfactory.hu,Szinga Sport,https://sportfactory.hu/vasarlasi-feltetelek,2025-12-26,10318102-2-44,https://sportfactory.hu/vasarlasi-feltetelek,2025-12-26,10318102 4771 113 01,2025-12-26,47.71,Ruházat-kiskereskedelem,47.7,"Egyéb áruk kiskereskedelme (kivéve: gépjármű, motorkerékpár)",47,Kiskereskedelem,G,KERESKEDELEM,113,Korlátolt felelősségű társaság,11,Gazdasági társaság,1,Jogi személyiségű vállalkozás,01,Budapest,11,Budapest,1,Közép-Magyarország,,,,0.050965250965250966,0.001398436764290419,36.44444444444444,36,3.40960361704947,0.09355619680928424,29,44,15
167,70273,kfki.hu,,,,,,,,,,,,,,,,,,,,,,,,,,,,,,,,-0.06795366795366796,-0.0023658917275938282,28.72222222222222,29,1.9800593225039804,0.06893823559975173,24,30,6
168,70487,naih.hu,Nemzeti Adatvédelmi és Információszabadság Hatóság,https://naih.hu/,2025-12-26,15795771-1-41,https://naih.hu/,2025-12-26,15795771 8411 311 01,2025-12-26,84.11,Általános közigazgatás,84.1,Közigazgatás,84,"Közigazgatás, védelem, kötelező társadalombiztosítás",P,"KÖZIGAZGATÁS, VÉDELEM; KÖTELEZŐ TÁRSADALOMBIZTOSÍTÁS",311,Központi költségvetési irányító szerv,31,Központi költségvetési irányító és költségvetési szervek,3,Költségvetési szervek és költségvetési rend szerint gazdálkodó szervek,01,Budapest,11,Budapest,1,Közép-Magyarország,,,,-0.06512226512226513,-0.004688803088803126,13.88888888888889,14,1.5816406992700023,0.11387813034744017,11,17,6
169,70578,mediacenter.hu,MediaCenter Hungary,https://mediacenter.hu/ceg.php,2025-12-26,13922546-2-03,https://mediacenter.hu/ceg.php,2025-12-26,13922546 6290 113 03,2025-12-26,62.90,Egyéb információtechnológiai szolgáltatás,62.9,Egyéb információtechnológiai szolgáltatás,62,Információtechnológiai szolgáltatás,K,"TÁVKÖZLÉS, SZÁMÍTÓGÉPES PROGRAMOZÁS, INFORMÁCIÓTECHNOLÓGIAI SZAKTANÁCSADÁS, SZÁMÍTÁSTECHNIKAI INFRASTRUKTÚRA ÉS EGYÉB INFORMÁCIÓS SZOLGÁLTATÁSOK",113,Korlátolt felelősségű társaság,11,Gazdasági társaság,1,Jogi személyiségű vállalkozás,03,Bács-Kiskun,70,Dél-Alföld,3,Alföld és Észak,,,,0.05019305019305019,0.017715194185782435,2.8333333333333335,1,3.3594217189442412,1.1856782537450263,0,8,8
170,70990,shoprenter.hu,Shoprenter,https://www.shoprenter.hu/,2025-12-26,23174108-2-09,https://ceginfo.hu//ceg-adatlap/shoprenter-kereskedelmi-es-szolgaltato-kft-0909020636.html,2025-12-26,23174108 6290 113 09,2025-12-26,62.90,Egyéb információtechnológiai szolgáltatás,62.9,Egyéb információtechnológiai szolgáltatás,62,Információtechnológiai szolgáltatás,K,"TÁVKÖZLÉS, SZÁMÍTÓGÉPES PROGRAMOZÁS, INFORMÁCIÓTECHNOLÓGIAI SZAKTANÁCSADÁS, SZÁMÍTÁSTECHNIKAI INFRASTRUKTÚRA ÉS EGYÉB INFORMÁCIÓS SZOLGÁLTATÁSOK",113,Korlátolt felelősségű társaság,11,Gazdasági társaság,1,Jogi személyiségű vállalkozás,09,Hajdú-Bihar,60,Észak-Alföld,3,Alföld és Észak,,,,-1.8204633204633205,-0.02667345524488381,68.25,55,25.63075719298426,0.3755422299338353,36,118,82
171,71202,holdpont.hu,Ö.T.M.,https://holdpont.hu/content/impresszum,2025-12-26,12146116-2-13,https://ceginfo.hu//ceg-adatlap/oetm-epitoipari-es-kereskedelmi-kft-1309072395.html,2025-12-26,12146116 6391 113 13,2025-12-26,63.91,Internetes keresőportállal kapcsolatos tevékenységek,63.9,Internetes keresőportállal kapcsolatos tevékenységek és egyéb információs szolgáltatás,63,"Számítástechnikai infrastruktúra, adatfeldolgozás, tárhelyszolgáltatás és egyéb információs szolgáltatási tevékenységek",K,"TÁVKÖZLÉS, SZÁMÍTÓGÉPES PROGRAMOZÁS, INFORMÁCIÓTECHNOLÓGIAI SZAKTANÁCSADÁS, SZÁMÍTÁSTECHNIKAI INFRASTRUKTÚRA ÉS EGYÉB INFORMÁCIÓS SZOLGÁLTATÁSOK",113,Korlátolt felelősségű társaság,11,Gazdasági társaság,1,Jogi személyiségű vállalkozás,13,Pest,12,Pest,1,Közép-Magyarország,,,,0.2184041184041184,0.002299663136165024,94.97222222222223,93,2.833333333333334,0.0298332845861363,93,99,6
172,71557,sussfelnap.hu,Midnet Digital,https://sussfelnap.hu/impresszum/,2025-12-26,24788261-2-43,https://ceginfo.hu//ceg-adatlap/midnet-digital-informatikai-kft-0109182434.html,2025-12-26,24788261 7312 113 01,2025-12-26,73.12,Médiareklám,73.1,Reklám,73,"Reklám, piackutatás, PR-tevékenység",N,"SZAKMAI, TUDOMÁNYOS, MŰSZAKI TEVÉKENYSÉG",113,Korlátolt felelősségű társaság,11,Gazdasági társaság,1,Jogi személyiségű vállalkozás,01,Budapest,11,Budapest,1,Közép-Magyarország,,,,0.222007722007722,0.0023555195968988835,94.25,93,3.7673408583319272,0.03997178629529896,90,102,12
173,72456,instylemen.hu,Marquard Group Hungary,https://www.instylemen.hu/,2025-12-26,10353835-2-41,https://ceginfo.hu//ceg-adatlap/marquard-group-hungary-kft-0109067082.html,2025-12-23,10353835 5813 113 01,2025-12-23,58.13,"Folyóirat, időszaki kiadvány kiadása",58.1,"Könyv-, napilapkiadás, egyéb kiadói tevékenység (kivéve: szoftverkiadás)",58,Kiadói tevékenység,J,"KIADÓI TEVÉKENYSÉG, MŰSORSZOLGÁLTATÁS, TARTALOMSZOLGÁLTATÁS ÉS -TERJESZTÉS",113,Korlátolt felelősségű társaság,11,Gazdasági társaság,1,Jogi személyiségű vállalkozás,01,Budapest,11,Budapest,1,Közép-Magyarország,,,,0.04658944658944659,0.0005502690542061223,84.66666666666667,84,3.0047581314594067,0.03548926926920559,81,93,12
178,74651,ksh.hu,Központi Statisztikai Hivatal,https://www.ksh.hu/,2025-12-26,15302724-2-41,https://ceginfo.hu//ceg-adatlap/koezponti-statisztikai-hivatal-0198000006.html,2025-12-26,15302724 8411 311 01,2025-12-26,84.11,Általános közigazgatás,84.1,Közigazgatás,84,"Közigazgatás, védelem, kötelező társadalombiztosítás",P,"KÖZIGAZGATÁS, VÉDELEM; KÖTELEZŐ TÁRSADALOMBIZTOSÍTÁS",311,Központi költségvetési irányító szerv,31,Központi költségvetési irányító és költségvetési szervek,3,Költségvetési szervek és költségvetési rend szerint gazdálkodó szervek,01,Budapest,11,Budapest,1,Közép-Magyarország,,,,0.05778635778635779,0.03649664702296282,1.5833333333333333,2,0.8742343589025279,0.552148016148965,0,3,3
179,75184,mavcsoport.hu,MÁV Személyszállítási,https://www.mavcsoport.hu/mav-szemelyszallitas/bemutatkozas/altalanos-informaciok,2025-12-26,13834492-2-44,https://ceginfo.hu//ceg-adatlap/mav-szemelyszallitasi-zrt-0110045551.html,2025-12-26,13834492 4911 114 01,2025-12-26,49.11,Távolsági vasúti személyszállítás,49.1,Vasúti személyszállítás,49,"Szárazföldi, csővezetékes szállítás",H,"SZÁLLÍTÁS, RAKTÁROZÁS",114,Részvénytársaság,11,Gazdasági társaság,1,Jogi személyiségű vállalkozás,01,Budapest,11,Budapest,1,Közép-Magyarország,,,,-0.1314028314028314,-0.014829159656745985,8.86111111111111,10,1.8071726580138978,0.20394424980721104,6,10,4
184,85864,p24.hu,Central Médiacsoport,https://p24.hu/,2025-12-26,25087910-2-41,https://24.hu/impresszum/,2025-07-04,25087910 5813 114 01,2025-12-21,58.13,"Folyóirat, időszaki kiadvány kiadása",58.1,"Könyv-, napilapkiadás, egyéb kiadói tevékenység (kivéve: szoftverkiadás)",58,Kiadói tevékenység,J,"KIADÓI TEVÉKENYSÉG, MŰSORSZOLGÁLTATÁS, TARTALOMSZOLGÁLTATÁS ÉS -TERJESZTÉS",114,Részvénytársaság,11,Gazdasági társaság,1,Jogi személyiségű vállalkozás,01,Budapest,11,Budapest,1,Közép-Magyarország,,,,0,0,9,9,0,0,9,9,0
185,86212,antikvarium.hu,Antikvárium.hu,https://www.antikvarium.hu/segitseg?selector=about-us,2025-12-29,23699261-2-06,https://www.antikvarium.hu/segitseg?selector=about-us,2025-12-29,23699261 4779 113 06,2025-12-29,47.79,Használt cikk kiskereskedelme,47.7,"Egyéb áruk kiskereskedelme (kivéve: gépjármű, motorkerékpár)",47,Kiskereskedelem,G,KERESKEDELEM,113,Korlátolt felelősségű társaság,11,Gazdasági társaság,1,Jogi személyiségű vállalkozás,06,Csongrád-Csanád,70,Dél-Alföld,3,Alföld és Észak,,,,1.7459459459459459,0.0053914954584023435,323.8333333333333,287,73.1048171170292,0.2257482772527922,178,453,275
187,86876,piacesprofit.hu,Piac és Profit,https://piacesprofit.hu/impresszum.html,2025-12-29,12607862-2-41,https://piacesprofit.hu/impresszum.html,2025-12-29,12607862 7312 113 01,2025-12-29,73.12,Médiareklám,73.1,Reklám,73,"Reklám, piackutatás, PR-tevékenység",N,"SZAKMAI, TUDOMÁNYOS, MŰSZAKI TEVÉKENYSÉG",113,Korlátolt felelősségű társaság,11,Gazdasági társaság,1,Jogi személyiségű vállalkozás,01,Budapest,11,Budapest,1,Közép-Magyarország,,,,0.023680823680823682,0.00023318097716327953,101.55555555555556,102,0.8765009801785548,0.00863075363414332,98,102,4
188,87187,related.hu,Natív Hirdetés,https://related.hu/adatkezeles,2025-12-29,25552937-2-42,https://related.hu/adatkezeles,2025-12-29,25552937 7311 113 01,2025-12-29,73.11,Reklámügynöki tevékenység,73.1,Reklám,73,"Reklám, piackutatás, PR-tevékenység",N,"SZAKMAI, TUDOMÁNYOS, MŰSZAKI TEVÉKENYSÉG",113,Korlátolt felelősségű társaság,11,Gazdasági társaság,1,Jogi személyiségű vállalkozás,01,Budapest,11,Budapest,1,Közép-Magyarország,,,,0,0,19,19,0,0,19,19,0
191,89073,hrportal.hu,Brand & Standard Capital Tanácsadó és Szolgáltató,https://www.hrportal.hu/impresszum.html,2025-12-29,13414166-2-41,https://ceginfo.hu//ceg-adatlap/brand-standard-capital-tanacsado-es-szolgaltato-kft-0109733997.html,2025-12-29,13414166 7020 113 01,2025-12-29,70.20,"Üzletviteli, egyéb üzletvezetési tanácsadás",70.2,"Üzletviteli, egyéb üzletvezetési tanácsadás",70,"Üzletvezetés, üzletvezetési tanácsadás",N,"SZAKMAI, TUDOMÁNYOS, MŰSZAKI TEVÉKENYSÉG",113,Korlátolt felelősségű társaság,11,Gazdasági társaság,1,Jogi személyiségű vállalkozás,01,Budapest,11,Budapest,1,Közép-Magyarország,,,,-0.23384813384813385,-0.004096609644054931,57.083333333333336,57.5,4.27868471111659,0.07495506063269938,49,64,15
192,89596,uni-corvinus.hu,Budapesti Corvinus Egyetem,https://www.uni-corvinus.hu/,2025-12-29,19156972-2-44,https://ceginfo.hu//ceg-adatlap/budapesti-corvinus-egyetem-0199039582.html,2025-12-29,19156972 8540 563 01,2025-12-29,85.40,Felsőoktatás,85.4,Felsőoktatás,85,Oktatás,Q,OKTATÁS,563,Egyéb alapítvány önálló intézménye,56,"Alapítvány, jogi személyiségű intézménye és szervezeti egysége",5,Jogi személyiségű nonprofit szervezet,01,Budapest,11,Budapest,1,Közép-Magyarország,,,,0,0,21,21,0,0,21,21,0
193,89747,profitline.hu,ProfitLine Financial Solutions,https://profitline.hu/impresszum-185515,2025-12-29,23501540-1-13,https://ceginfo.hu//ceg-adatlap/profitline-financial-solutions-kft-1309149873.html,2025-12-29,23501540 6391 113 13,2025-12-29,63.91,Internetes keresőportállal kapcsolatos tevékenységek,63.9,Internetes keresőportállal kapcsolatos tevékenységek és egyéb információs szolgáltatás,63,"Számítástechnikai infrastruktúra, adatfeldolgozás, tárhelyszolgáltatás és egyéb információs szolgáltatási tevékenységek",K,"TÁVKÖZLÉS, SZÁMÍTÓGÉPES PROGRAMOZÁS, INFORMÁCIÓTECHNOLÓGIAI SZAKTANÁCSADÁS, SZÁMÍTÁSTECHNIKAI INFRASTRUKTÚRA ÉS EGYÉB INFORMÁCIÓS SZOLGÁLTATÁSOK",113,Korlátolt felelősségű társaság,11,Gazdasági társaság,1,Jogi személyiségű vállalkozás,13,Pest,12,Pest,1,Közép-Magyarország,,,,-0.15366795366795366,-0.008725625129410688,17.61111111111111,18,2.0181714181446213,0.11459648431105106,13,23,10
194,90297,gportal.hu,Egonet Work,https://gportal.hu/feltetelek,2025-12-29,23069901-2-13,https://gportal.hu/feltetelek,2025-12-29,23069901 6210 113 13,2025-12-29,62.10,Számítógépes programozás,62.1,Számítógépes programozás,62,Információtechnológiai szolgáltatás,K,"TÁVKÖZLÉS, SZÁMÍTÓGÉPES PROGRAMOZÁS, INFORMÁCIÓTECHNOLÓGIAI SZAKTANÁCSADÁS, SZÁMÍTÁSTECHNIKAI INFRASTRUKTÚRA ÉS EGYÉB INFORMÁCIÓS SZOLGÁLTATÁSOK",113,Korlátolt felelősségű társaság,11,Gazdasági társaság,1,Jogi személyiségű vállalkozás,13,Pest,12,Pest,1,Közép-Magyarország,,,,-0.01788931788931789,-0.0001873772022158086,95.47222222222223,96,1.1584746402332218,0.012134153927377359,90,97,7
195,90332,mbhbank.hu,MBH Bank,https://www.mbhbank.hu/,2025-12-29,10011922-4-44,https://ceginfo.hu//ceg-adatlap/mbh-bank-nyrt-0110040952.html,2025-12-29,10011922 6419 114 01,2025-12-29,64.19,Egyéb monetáris közvetítés,64.1,Monetáris közvetítés,64,"Pénzügyi szolgáltatás (kivéve: biztosítási, nyugdíjpénztári tevékenység)",L,"PÉNZÜGYI, BIZTOSÍTÁSI TEVÉKENYSÉG",114,Részvénytársaság,11,Gazdasági társaság,1,Jogi személyiségű vállalkozás,01,Budapest,11,Budapest,1,Közép-Magyarország,,,,-1.8642213642213643,-0.06883278883278864,27.083333333333332,37,21.631161384843455,0.798689035748066,1,52,51
196,90842,kemma.hu,Mediaworks Hungary,https://www.kemma.hu/impresszum,2025-12-29,24785725-2-44,https://videa.hu/szolgaltato_adatai,2025-07-04,24785725 5812 114 01,2025-12-21,58.12,Napilapkiadás,58.1,"Könyv-, napilapkiadás, egyéb kiadói tevékenység (kivéve: szoftverkiadás)",58,Kiadói tevékenység,J,"KIADÓI TEVÉKENYSÉG, MŰSORSZOLGÁLTATÁS, TARTALOMSZOLGÁLTATÁS ÉS -TERJESZTÉS",114,Részvénytársaság,11,Gazdasági társaság,1,Jogi személyiségű vállalkozás,01,Budapest,11,Budapest,1,Közép-Magyarország,,,,-1.6694980694980694,-0.0276203724733137,60.44444444444444,71,19.834233673041805,0.3281398953260593,31,81,50
197,91929,bkk.hu,BKK Budapesti Közlekedési Központ,https://bkk.hu/,2025-12-29,23028966-4-44,https://ceginfo.hu//ceg-adatlap/bkk-budapesti-koezlekedesi-koezpont-zrt-0110046840.html,2025-12-29,23028966 4931 114 01,2025-12-29,49.31,Menetrend szerinti közúti személyszállítás,49.3,Egyéb szárazföldi személyszállítás,49,"Szárazföldi, csővezetékes szállítás",H,"SZÁLLÍTÁS, RAKTÁROZÁS",114,Részvénytársaság,11,Gazdasági társaság,1,Jogi személyiségű vállalkozás,01,Budapest,11,Budapest,1,Közép-Magyarország,,,,0.0341055341055341,0.0020704877365922917,16.47222222222222,16,2.63477959079379,0.15995289252711034,13,25,12
198,92288,uni-miskolc.hu,Miskolci Egyetem,https://www.uni-miskolc.hu/,2025-12-29,19253055-2-05,https://ceginfo.hu//ceg-adatlap/miskolci-egyetem-0599009887.html,2025-12-29,19253055 8540 563 05,2025-12-29,85.40,Felsőoktatás,85.4,Felsőoktatás,85,Oktatás,Q,OKTATÁS,563,Egyéb alapítvány önálló intézménye,56,"Alapítvány, jogi személyiségű intézménye és szervezeti egysége",5,Jogi személyiségű nonprofit szervezet,05,Borsod-Abaúj-Zemplén,50,Észak-Magyarország,3,Alföld és Észak,,,,0.040025740025740025,0.0014540127557281142,27.52777777777778,26,8.666804028215477,0.3148384914387055,25,78,53
199,93878,hupont.hu,Mass Presence,https://www.hupont.hu/44/aszf,2025-12-29,29251133-2-13,https://www.hupont.hu/44/aszf,2025-12-29,29251133 6310 113 13,2025-12-29,63.10,"Számítástechnikai infrastruktúra, adatfeldolgozás, tárhelyszolgáltatás és kapcsolódó szolgáltatások",63.1,"Számítástechnikai infrastruktúra, adatfeldolgozás, tárhelyszolgáltatás és kapcsolódó szolgáltatások",63,"Számítástechnikai infrastruktúra, adatfeldolgozás, tárhelyszolgáltatás és egyéb információs szolgáltatási tevékenységek",K,"TÁVKÖZLÉS, SZÁMÍTÓGÉPES PROGRAMOZÁS, INFORMÁCIÓTECHNOLÓGIAI SZAKTANÁCSADÁS, SZÁMÍTÁSTECHNIKAI INFRASTRUKTÚRA ÉS EGYÉB INFORMÁCIÓS SZOLGÁLTATÁSOK",113,Korlátolt felelősségű társaság,11,Gazdasági társaság,1,Jogi személyiségű vállalkozás,13,Pest,12,Pest,1,Közép-Magyarország,,,,0.0016731016731016731,0.0000645569777403264,25.916666666666668,26,0.3683941988065039,0.01421456715652105,24,26,2
201,96273,regiojatek.hu,REGIO Játékkereskedelmi,https://www.regiojatek.hu/terms.html,2025-12-29,10431674-2-44,https://ceginfo.hu//ceg-adatlap/regio-jatekkereskedelmi-kft-0109070999.html,2025-12-29,10431674 4649 113 01,2025-12-29,46.49,Egyéb háztartási cikk nagykereskedelme,46.4,Háztartási cikk nagykereskedelme,46,Nagykereskedelem,G,KERESKEDELEM,113,Korlátolt felelősségű társaság,11,Gazdasági társaság,1,Jogi személyiségű vállalkozás,01,Budapest,11,Budapest,1,Közép-Magyarország,,,,-0.2498069498069498,-0.0029037940565224737,86.02777777777777,85,6.504882171376515,0.0756137417402501,74,103,29
202,96537,mvmnext.hu,MVM Next Energiakereskedelmi,https://www.mvmnext.hu/foldgaz/informaciok/Impresszum,2025-12-29,26713111-2-44,https://www.mvmnext.hu/foldgaz/informaciok/Impresszum,2025-12-29,26713111 3523 114 01,2025-12-29,35.23,Gázkereskedelem,35.2,Gázellátás,35,"Villamosenergia-, gáz-, gőzellátás, légkondicionálás",D,"VILLAMOSENERGIA-, GÁZ-, GŐZELLÁTÁS, LÉGKONDICIONÁLÁS",114,Részvénytársaság,11,Gazdasági társaság,1,Jogi személyiségű vállalkozás,01,Budapest,11,Budapest,1,Közép-Magyarország,,,,0.1963963963963964,0.012403982930298738,15.833333333333334,15,2.197401062294143,0.1387832249869985,13,20,7
203,97381,pepita.hu,Pepita Group,https://pepita.hu/assets/szabalyzat/aszf/hasznalati-szabalyzat-2025-06-01-tol.pdf,2025-12-29,27124253-2-04,https://ceginfo.hu//ceg-adatlap/pepita-group-zrt-0410001650.html,2025-12-29,27124253 4791 114 04,2025-12-29,47.91,Vegyes termékkörű kiskereskedelem közvetítése,47.9,Kiskereskedelem közvetítése,47,Kiskereskedelem,G,KERESKEDELEM,114,Részvénytársaság,11,Gazdasági társaság,1,Jogi személyiségű vállalkozás,04,Békés,70,Dél-Alföld,3,Alföld és Észak,,,,-0.21904761904761905,-0.001710567090176558,128.05555555555554,127,12.212275895167227,0.09536701349805211,97,164,67
204,98909,sielok.hu,Síelők,https://sielok.hu/rovat/portalinfo/cikk/impresszum/,2025-12-29,22536927-2-42,https://ceginfo.hu//ceg-adatlap/sielok-bt-0106779038.html,2025-12-29,22536927 7312 117 01,2025-12-29,73.12,Médiareklám,73.1,Reklám,73,"Reklám, piackutatás, PR-tevékenység",N,"SZAKMAI, TUDOMÁNYOS, MŰSZAKI TEVÉKENYSÉG",117,Betéti társaság,11,Gazdasági társaság,1,Jogi személyiségű vállalkozás,01,Budapest,11,Budapest,1,Közép-Magyarország,,,,5.870398970398971,0.02952834468832791,198.80555555555554,180,65.4949592147341,0.32944229869085195,122,345,223
206,99358,veol.hu,Mediaworks Hungary,https://www.veol.hu/impresszum,2025-12-29,24785725-2-44,https://videa.hu/szolgaltato_adatai,2025-07-04,24785725 5812 114 01,2025-12-21,58.12,Napilapkiadás,58.1,"Könyv-, napilapkiadás, egyéb kiadói tevékenység (kivéve: szoftverkiadás)",58,Kiadói tevékenység,J,"KIADÓI TEVÉKENYSÉG, MŰSORSZOLGÁLTATÁS, TARTALOMSZOLGÁLTATÁS ÉS -TERJESZTÉS",114,Részvénytársaság,11,Gazdasági társaság,1,Jogi személyiségű vállalkozás,01,Budapest,11,Budapest,1,Közép-Magyarország,,,,-1.8756756756756756,-0.03498669654110057,53.611111111111114,66,22.485903873668786,0.4194261862445991,22,76,54
207,100052,klubradio.hu,Klubrádió Szolgáltató,https://www.klubradio.hu/egyeb/impresszum-106326,2025-12-29,13511335-2-42,https://ceginfo.hu//ceg-adatlap/klubradio-szolgaltato-zrt-0110045252.html,2025-12-29,13511335 6010 114 01,2025-12-29,60.10,"Rádióműsor-szolgáltatás, audiotartalom-terjesztés",60.1,"Rádióműsor-szolgáltatás, audiotartalom-terjesztés",60,"Műsor-összeállítás, műsorszolgáltatás, hírügynökségi és egyéb tartalomterjesztési tevékenység",J,"KIADÓI TEVÉKENYSÉG, MŰSORSZOLGÁLTATÁS, TARTALOMSZOLGÁLTATÁS ÉS -TERJESZTÉS",114,Részvénytársaság,11,Gazdasági társaság,1,Jogi személyiségű vállalkozás,01,Budapest,11,Budapest,1,Közép-Magyarország,,,,-0.09575289575289575,-0.004596138996138989,20.833333333333332,20.5,2.569046515733026,0.12331423275518524,15,26,11
210,102788,fradi.hu,Ferencvárosi Torna Club,https://www.fradi.hu,2025-12-29,19709893-2-43,https://ceginfo.hu//ceg-adatlap/ferencvarosi-torna-club-0199019967.html,2025-12-29,19709893 9312 521 01,2025-12-29,93.12,Sportegyesületi tevékenység,93.1,Sporttevékenység,93,"Sport-, szórakoztató, szabadidős tevékenység",S,"MŰVÉSZET, SPORT, SZABADIDŐ",521,Sportegyesület,52,Az egyesület egyéb formái,5,Jogi személyiségű nonprofit szervezet,01,Budapest,11,Budapest,1,Közép-Magyarország,,,,0.1927927927927928,0.0034055645439354898,56.611111111111114,58,4.086757553560927,0.07219002547997712,43,59,16
211,103487,velvet.hu,Index.hu,https://velvet.hu/impresszum/,2025-12-29,12765335-2-41,https://ceginfo.hu//ceg-adatlap/indexhu-informatikai-zrt-0110044705.html,2025-12-21,12765335 5812 114 01,2025-12-21,58.12,Napilapkiadás,58.1,"Könyv-, napilapkiadás, egyéb kiadói tevékenység (kivéve: szoftverkiadás)",58,Kiadói tevékenység,J,"KIADÓI TEVÉKENYSÉG, MŰSORSZOLGÁLTATÁS, TARTALOMSZOLGÁLTATÁS ÉS -TERJESZTÉS",114,Részvénytársaság,11,Gazdasági társaság,1,Jogi személyiségű vállalkozás,01,Budapest,11,Budapest,1,Közép-Magyarország,,,,-0.05328185328185328,-0.0035130892273749323,15.166666666666666,15,2.3114621223063856,0.1524040959762452,6,18,12
213,104069,esport1.hu,Esport1,https://esport1.hu/content/impresszum,2025-12-29,25957428-2-41,https://ceginfo.hu//ceg-adatlap/esport1-kft-0109298495.html,2025-12-29,25957428 6391 113 01,2025-12-29,63.91,Internetes keresőportállal kapcsolatos tevékenységek,63.9,Internetes keresőportállal kapcsolatos tevékenységek és egyéb információs szolgáltatás,63,"Számítástechnikai infrastruktúra, adatfeldolgozás, tárhelyszolgáltatás és egyéb információs szolgáltatási tevékenységek",K,"TÁVKÖZLÉS, SZÁMÍTÓGÉPES PROGRAMOZÁS, INFORMÁCIÓTECHNOLÓGIAI SZAKTANÁCSADÁS, SZÁMÍTÁSTECHNIKAI INFRASTRUKTÚRA ÉS EGYÉB INFORMÁCIÓS SZOLGÁLTATÁSOK",113,Korlátolt felelősségű társaság,11,Gazdasági társaság,1,Jogi személyiségű vállalkozás,01,Budapest,11,Budapest,1,Közép-Magyarország,,,,-0.15418275418275418,-0.004760359477340575,32.388888888888886,33,2.0740268324173874,0.06403513376245794,27,34,7
214,104241,mme.hu,Magyar Madártani és Természetvédelmi Egyesület,https://mme.hu/,2025-12-29,19001243-2-43,https://ceginfo.hu//ceg-adatlap/magyar-madartani-es-termeszetvedelmi-egyesuelet-0199014613.html,2025-12-29,19001243 9499 529 01,2025-12-29,94.99,"M.n.s. egyéb közösségi, társadalmi tevékenység",94.9,"Egyéb közösségi, társadalmi tevékenység",94,Érdekképviselet,T,EGYÉB SZOLGÁLTATÁS,529,Egyéb egyesület,52,Az egyesület egyéb formái,5,Jogi személyiségű nonprofit szervezet,01,Budapest,11,Budapest,1,Közép-Magyarország,,,,0.11338481338481339,0.0022220213836980163,51.02777777777778,51,3.426669445987385,0.06715302126050401,45,60,15
215,104262,kocsi.hu,Kocsi.hu Informatikai,https://kocsi.hu/aszf,2025-12-29,25999495-2-41,https://kocsi.hu/aszf,2025-12-29,25999495 7311 113 01,2025-12-29,73.11,Reklámügynöki tevékenység,73.1,Reklám,73,"Reklám, piackutatás, PR-tevékenység",N,"SZAKMAI, TUDOMÁNYOS, MŰSZAKI TEVÉKENYSÉG",113,Korlátolt felelősségű társaság,11,Gazdasági társaság,1,Jogi személyiségű vállalkozás,01,Budapest,11,Budapest,1,Közép-Magyarország,,,,0.3904761904761905,0.0028924162257495814,135,137,11.173949295443526,0.08276999478106316,105,157,52
216,104975,dijnet.hu,Díjnet,https://www.dijnet.hu/docs/hu/aszf_20251127.pdf,2025-12-29,14113765-2-43,https://ceginfo.hu//ceg-adatlap/dijnet-zrt-0110045817.html,2025-12-29,14113765 8240 114 01,2025-12-29,82.40,Egyéb üzletmenetet támogató szolgáltatás közvetítése,82.4,Egyéb üzletmenetet támogató szolgáltatás közvetítése,82,"Adminisztratív, irodai és egyéb üzletmenetet támogató szolgáltatás",O,ADMINISZTRATÍV ÉS SZOLGÁLTATÁST TÁMOGATÓ TEVÉKENYSÉG,114,Részvénytársaság,11,Gazdasági társaság,1,Jogi személyiségű vállalkozás,01,Budapest,11,Budapest,1,Közép-Magyarország,,,,0.40965250965250966,0.006299654142456397,65.02777777777777,71,14.549395885565847,0.2237412438617559,2,71,69
217,105234,eduline.hu,HVG Kiadó,https://eduline.hu/egyeb/impresszum,2025-12-29,10226353-2-41,https://ceginfo.hu//ceg-adatlap/heti-vilaggazdasag-kiadoi-zrt-0110041172.html,2025-12-21,10226353 5813 114 01,2025-12-21,58.13,"Folyóirat, időszaki kiadvány kiadása",58.1,"Könyv-, napilapkiadás, egyéb kiadói tevékenység (kivéve: szoftverkiadás)",58,Kiadói tevékenység,J,"KIADÓI TEVÉKENYSÉG, MŰSORSZOLGÁLTATÁS, TARTALOMSZOLGÁLTATÁS ÉS -TERJESZTÉS",114,Részvénytársaság,11,Gazdasági társaság,1,Jogi személyiségű vállalkozás,01,Budapest,11,Budapest,1,Közép-Magyarország,,,,-0.5128700128700129,-0.007400128442212598,69.30555555555556,72.5,13.744234000262374,0.19831359679737293,13,78,65
220,106183,yettel.hu,Yettel Magyarország,https://www.yettel.hu/,2025-12-29,11107792-2-44,https://ceginfo.hu//ceg-adatlap/yettel-magyarorszag-zrt-1310040409.html,2025-12-29,11107792 6110 114 13,2025-12-29,61.10,"Vezetékes, vezeték nélküli és műholdas távközlés",61.1,"Vezetékes, vezeték nélküli és műholdas távközlés",61,Távközlés,K,"TÁVKÖZLÉS, SZÁMÍTÓGÉPES PROGRAMOZÁS, INFORMÁCIÓTECHNOLÓGIAI SZAKTANÁCSADÁS, SZÁMÍTÁSTECHNIKAI INFRASTRUKTÚRA ÉS EGYÉB INFORMÁCIÓS SZOLGÁLTATÁSOK",114,Részvénytársaság,11,Gazdasági társaság,1,Jogi személyiségű vállalkozás,13,Pest,12,Pest,1,Közép-Magyarország,,,,0.08262548262548262,0.004924697639929411,16.77777777777778,18,1.5327120894696262,0.09135370069686513,13,18,5
221,106511,magyarnarancs.hu,Magyarnarancs.hu,https://magyarnarancs.hu/rolunk/a_lap_imresszum-77332,2025-12-29,11774756-2-42,https://ceginfo.hu//ceg-adatlap/magyarnarancshu-lapkiado-kft-0109676067.html,2025-12-29,11774756 5813 113 01,2025-12-29,58.13,"Folyóirat, időszaki kiadvány kiadása",58.1,"Könyv-, napilapkiadás, egyéb kiadói tevékenység (kivéve: szoftverkiadás)",58,Kiadói tevékenység,J,"KIADÓI TEVÉKENYSÉG, MŰSORSZOLGÁLTATÁS, TARTALOMSZOLGÁLTATÁS ÉS -TERJESZTÉS",113,Korlátolt felelősségű társaság,11,Gazdasági társaság,1,Jogi személyiségű vállalkozás,01,Budapest,11,Budapest,1,Közép-Magyarország,,,,0.004118404118404118,0.00015705778417647102,26.22222222222222,26,2.1528865819918694,0.0821016069403679,22,31,9
222,106772,baon.hu,Mediaworks Hungary,https://www.baon.hu/impresszum,2025-12-29,24785725-2-44,https://videa.hu/szolgaltato_adatai,2025-07-04,24785725 5812 114 01,2025-12-21,58.12,Napilapkiadás,58.1,"Könyv-, napilapkiadás, egyéb kiadói tevékenység (kivéve: szoftverkiadás)",58,Kiadói tevékenység,J,"KIADÓI TEVÉKENYSÉG, MŰSORSZOLGÁLTATÁS, TARTALOMSZOLGÁLTATÁS ÉS -TERJESZTÉS",114,Részvénytársaság,11,Gazdasági társaság,1,Jogi személyiségű vállalkozás,01,Budapest,11,Budapest,1,Közép-Magyarország,,,,-1.6824967824967825,-0.027594480259628327,60.97222222222222,71,19.950633518206327,0.3272085679523589,32,81,49
223,106851,feol.hu,Mediaworks Hungary,https://www.feol.hu/impresszum,2025-12-29,24785725-2-44,https://videa.hu/szolgaltato_adatai,2025-07-04,24785725 5812 114 01,2025-12-21,58.12,Napilapkiadás,58.1,"Könyv-, napilapkiadás, egyéb kiadói tevékenység (kivéve: szoftverkiadás)",58,Kiadói tevékenység,J,"KIADÓI TEVÉKENYSÉG, MŰSORSZOLGÁLTATÁS, TARTALOMSZOLGÁLTATÁS ÉS -TERJESZTÉS",114,Részvénytársaság,11,Gazdasági társaság,1,Jogi személyiségű vállalkozás,01,Budapest,11,Budapest,1,Közép-Magyarország,,,,-2.0014157014157012,-0.03554561679870012,56.30555555555556,70,24.220203425410244,0.4301565482559293,22,80,58
224,107076,programturizmus.hu,Magyar TourMix,https://www.programturizmus.hu/page-rolunk-info.html,2025-12-29,13861616-2-19,https://www.programturizmus.hu/page-rolunk-info.html,2025-12-29,13861616 6310 113 19,2025-12-29,63.10,"Számítástechnikai infrastruktúra, adatfeldolgozás, tárhelyszolgáltatás és kapcsolódó szolgáltatások",63.1,"Számítástechnikai infrastruktúra, adatfeldolgozás, tárhelyszolgáltatás és kapcsolódó szolgáltatások",63,"Számítástechnikai infrastruktúra, adatfeldolgozás, tárhelyszolgáltatás és egyéb információs szolgáltatási tevékenységek",K,"TÁVKÖZLÉS, SZÁMÍTÓGÉPES PROGRAMOZÁS, INFORMÁCIÓTECHNOLÓGIAI SZAKTANÁCSADÁS, SZÁMÍTÁSTECHNIKAI INFRASTRUKTÚRA ÉS EGYÉB INFORMÁCIÓS SZOLGÁLTATÁSOK",113,Korlátolt felelősségű társaság,11,Gazdasági társaság,1,Jogi személyiségű vállalkozás,19,Veszprém,20,Közép-Dunántúl,2,Dunántúl,,,,-0.6028314028314028,-0.006102905090531641,98.77777777777777,96,9.888264649460883,0.10010616630500332,83,126,43
225,107349,pcx.hu,PCX,https://www.pcx.hu/altalanos_szerzodesi_feltetelek,2025-12-29,23563539-2-41,https://ceginfo.hu//ceg-adatlap/pcx-kereskedelmi-kft-0109380101.html,2025-12-29,23563539 4791 113 01,2025-12-29,47.91,Vegyes termékkörű kiskereskedelem közvetítése,47.9,Kiskereskedelem közvetítése,47,Kiskereskedelem,G,KERESKEDELEM,113,Korlátolt felelősségű társaság,11,Gazdasági társaság,1,Jogi személyiségű vállalkozás,01,Budapest,11,Budapest,1,Közép-Magyarország,,,,-0.131016731016731,-0.007146367146367124,18.333333333333332,18,1.5118578920369081,0.08246497592928591,17,21,4
227,107598,opten.hu,OPTEN Informatikai,https://www.opten.hu/impresszum,2025-12-29,12012187-2-41,https://ceginfo.hu//ceg-adatlap/opten-informatikai-kft-0109367756.html,2025-12-29,12012187 6391 113 01,2025-12-29,63.91,Internetes keresőportállal kapcsolatos tevékenységek,63.9,Internetes keresőportállal kapcsolatos tevékenységek és egyéb információs szolgáltatás,63,"Számítástechnikai infrastruktúra, adatfeldolgozás, tárhelyszolgáltatás és egyéb információs szolgáltatási tevékenységek",K,"TÁVKÖZLÉS, SZÁMÍTÓGÉPES PROGRAMOZÁS, INFORMÁCIÓTECHNOLÓGIAI SZAKTANÁCSADÁS, SZÁMÍTÁSTECHNIKAI INFRASTRUKTÚRA ÉS EGYÉB INFORMÁCIÓS SZOLGÁLTATÁSOK",113,Korlátolt felelősségű társaság,11,Gazdasági társaság,1,Jogi személyiségű vállalkozás,01,Budapest,11,Budapest,1,Közép-Magyarország,,,,0.08314028314028314,0.0006595527089137864,126.05555555555556,127,1.012618795696004,0.008033115170792452,125,127,2
228,108079,tenyek.hu,TV2,https://tenyek.hu/,2025-12-29,25771859-2-44,https://ceginfo.hu//ceg-adatlap/tv2-media-csoport-zrt-0110049017.html,2025-12-29,25771859 6020 114 01,2025-12-29,60.20,"Televízióműsor összeállítása, szolgáltatása, videótartalom-terjesztés",60.2,"Televízióműsor összeállítása, szolgáltatása, videótartalom-terjesztés",60,"Műsor-összeállítás, műsorszolgáltatás, hírügynökségi és egyéb tartalomterjesztési tevékenység",J,"KIADÓI TEVÉKENYSÉG, MŰSORSZOLGÁLTATÁS, TARTALOMSZOLGÁLTATÁS ÉS -TERJESZTÉS",114,Részvénytársaság,11,Gazdasági társaság,1,Jogi személyiségű vállalkozás,01,Budapest,11,Budapest,1,Közép-Magyarország,,,,-1.2355212355212355,-0.04386465924927463,28.166666666666668,40,15.346474699887453,0.544845255617306,8,41,33
230,109313,twn.hu,Top News Hungary,https://twn.hu/24-ora/2019/02/01/impresszum,2025-12-29,26606455-2-41,https://twn.hu/24-ora/2019/02/01/impresszum,2025-12-29,26606455 6039 113 01,2025-12-29,60.39,Egyéb tartalomterjesztési tevékenység,60.3,Hírügynökségi és egyéb tartalomterjesztési tevékenység,60,"Műsor-összeállítás, műsorszolgáltatás, hírügynökségi és egyéb tartalomterjesztési tevékenység",J,"KIADÓI TEVÉKENYSÉG, MŰSORSZOLGÁLTATÁS, TARTALOMSZOLGÁLTATÁS ÉS -TERJESZTÉS",113,Korlátolt felelősségű társaság,11,Gazdasági társaság,1,Jogi személyiségű vállalkozás,01,Budapest,11,Budapest,1,Közép-Magyarország,,,,-0.017503217503217504,-0.00221871771167542,7.888888888888889,8,0.4646213682914464,0.05889566640314109,6,8,2
231,109445,ceginformacio.hu,Céginformáció.hu,https://portal.ceginformacio.hu/impresszum/,2025-12-29,10347036-2-43,https://ceginfo.hu//ceg-adatlap/ceginformaciohu-kft-0109065988.html,2025-12-29,10347036 6392 113 01,2025-12-29,63.92,Egyéb információs szolgáltatás,63.9,Internetes keresőportállal kapcsolatos tevékenységek és egyéb információs szolgáltatás,63,"Számítástechnikai infrastruktúra, adatfeldolgozás, tárhelyszolgáltatás és egyéb információs szolgáltatási tevékenységek",K,"TÁVKÖZLÉS, SZÁMÍTÓGÉPES PROGRAMOZÁS, INFORMÁCIÓTECHNOLÓGIAI SZAKTANÁCSADÁS, SZÁMÍTÁSTECHNIKAI INFRASTRUKTÚRA ÉS EGYÉB INFORMÁCIÓS SZOLGÁLTATÁSOK",113,Korlátolt felelősségű társaság,11,Gazdasági társaság,1,Jogi személyiségű vállalkozás,01,Budapest,11,Budapest,1,Közép-Magyarország,,,,0,0,42,42,0,0,42,42,0
232,109733,bitepito.hu,Pölöskei Csaba,https://bitepito.hu/data/adatvedelmi_tajekoztato_altalanos.html,2025-12-29,59786188-1-24,https://ceginfo.hu//ceg-adatlap/poeloeskei-csaba-0497122512.html,2025-12-29,59786188 6310 231 04,2025-12-29,63.10,"Számítástechnikai infrastruktúra, adatfeldolgozás, tárhelyszolgáltatás és kapcsolódó szolgáltatások",63.1,"Számítástechnikai infrastruktúra, adatfeldolgozás, tárhelyszolgáltatás és kapcsolódó szolgáltatások",63,"Számítástechnikai infrastruktúra, adatfeldolgozás, tárhelyszolgáltatás és egyéb információs szolgáltatási tevékenységek",K,"TÁVKÖZLÉS, SZÁMÍTÓGÉPES PROGRAMOZÁS, INFORMÁCIÓTECHNOLÓGIAI SZAKTANÁCSADÁS, SZÁMÍTÁSTECHNIKAI INFRASTRUKTÚRA ÉS EGYÉB INFORMÁCIÓS SZOLGÁLTATÁSOK",231,Egyéni vállalkozó,23,Önálló vállalkozó,2,Jogi személyiség nélküli vállalkozás,04,Békés,70,Dél-Alföld,3,Alföld és Észak,,,,0,0,96,96,0,0,96,96,0
234,110255,bikuci.hu,,,,,,,,,,,,,,,,,,,,,,,,,,,,,,,,0.04247104247104247,0.01274131274131282,3.3333333333333335,3,0.828078671210825,0.24842360136324748,2,6,4
235,110833,unixauto.hu,Unix Autó,https://www.unixauto.hu/,2025-12-29,10465802-2-44,https://ceginfo.hu//ceg-adatlap/unix-auto-es-alkatreszkereskedelmi-kft-0109072803.html,2025-12-29,10465802 4672 113 01,2025-12-29,46.72,Gépjárműalkatrész és -tartozék nagykereskedelme,46.7,"Gépjármű, motorkerékpár és -alkatrész, -tartozék nagykereskedelme",46,Nagykereskedelem,G,KERESKEDELEM,113,Korlátolt felelősségű társaság,11,Gazdasági társaság,1,Jogi személyiségű vállalkozás,01,Budapest,11,Budapest,1,Közép-Magyarország,,,,0.0018018018018018018,0.00006687099470598972,26.944444444444443,27,0.33333333333333337,0.01237113402061856,25,27,2
237,113053,szabadeuropa.hu,RFE/RL Inc. Magyarországi Közvetlen Kereskedelmi Képviselet,https://www.szabadeuropa.hu/p/7729.html,2025-12-29,27936920-1-41,https://ceginfo.hu//ceg-adatlap/rferl-inc-magyarorszagi-koezvetlen-kereskedelmi-kepviselet-0112074234.html,2025-12-29,27936920 8299 611 01,2025-12-29,82.99,M.n.s. egyéb üzletmenetet támogató szolgáltatás,82.9,Egyéb üzletmenetet támogató szolgáltatás,82,"Adminisztratív, irodai és egyéb üzletmenetet támogató szolgáltatás",O,ADMINISZTRATÍV ÉS SZOLGÁLTATÁST TÁMOGATÓ TEVÉKENYSÉG,611,Külföldiek magyarországi közvetlen kereskedelmi képviselete,61,Jogi személyiség nélküli nonprofit szervezet,6,Jogi személyiség nélküli nonprofit szervezet,01,Budapest,11,Budapest,1,Közép-Magyarország,,,,2.0823680823680824,0.07236028085448931,28.77777777777778,11,27.734569569516477,0.9637495217206498,10,70,60
238,113245,hunguesthotels.hu,Hunguest,https://www.hunguesthotels.hu/hu/hunguest_hotels_altalanos_szerzodesi_feltetelek/,2025-12-29,32431081-2-44,https://ceginfo.hu//ceg-adatlap/hunguest-szallashelyszolgaltato-zrt-0110142591.html,2025-12-29,32431081 5510 114 01,2025-12-29,55.10,Szállodai szolgáltatás,55.1,Szállodai szolgáltatás,55,Szálláshely-szolgáltatás,I,"SZÁLLÁSHELY-SZOLGÁLTATÁS, VENDÉGLÁTÁS",114,Részvénytársaság,11,Gazdasági társaság,1,Jogi személyiségű vállalkozás,01,Budapest,11,Budapest,1,Közép-Magyarország,,,,-2.6355212355212356,-0.024579990797607358,107.22222222222223,121,30.57927506485501,0.2851953114856944,66,140,74
241,114500,foxpost.hu,FoxPost,https://foxpost.hu/impresszum,2025-12-29,32435119-2-42,https://foxpost.hu/impresszum,2025-12-29,32435119 5320 113 01,2025-12-29,53.20,"Egyéb postai, futárpostai tevékenység",53.2,"Egyéb postai, futárpostai tevékenység",53,"Postai, futárpostai tevékenység",H,"SZÁLLÍTÁS, RAKTÁROZÁS",113,Korlátolt felelősségű társaság,11,Gazdasági társaság,1,Jogi személyiségű vállalkozás,01,Budapest,11,Budapest,1,Közép-Magyarország,,,,-0.09716859716859717,-0.002080945566965749,46.69444444444444,47,1.9686027596741873,0.04215925005845969,39,48,9
243,114858,kremmania.hu,Central Médiacsoport,https://kremmania.hu/impresszum,2025-12-29,25087910-2-41,https://24.hu/impresszum/,2025-07-04,25087910 5813 114 01,2025-12-21,58.13,"Folyóirat, időszaki kiadvány kiadása",58.1,"Könyv-, napilapkiadás, egyéb kiadói tevékenység (kivéve: szoftverkiadás)",58,Kiadói tevékenység,J,"KIADÓI TEVÉKENYSÉG, MŰSORSZOLGÁLTATÁS, TARTALOMSZOLGÁLTATÁS ÉS -TERJESZTÉS",114,Részvénytársaság,11,Gazdasági társaság,1,Jogi személyiségű vállalkozás,01,Budapest,11,Budapest,1,Közép-Magyarország,,,,-0.5146718146718147,-0.015224474386347846,33.80555555555556,34,6.319219863443562,0.18692844296135433,22,44,22
244,114901,magyarkurir.hu,Magyar Katolikus Püspöki Konferencia,https://www.magyarkurir.hu/impresszum,2025-12-29,18181490-1-42,https://ceginfo.hu//ceg-adatlap/magyar-katolikus-puespoeki-konferencia-0199011160.html,2025-12-29,18181490 9491 555 01,2025-12-29,94.91,Egyházi tevékenység,94.9,"Egyéb közösségi, társadalmi tevékenység",94,Érdekképviselet,T,EGYÉB SZOLGÁLTATÁS,555,Bevett egyház elsődlegesen vallási tevékenységet végző belső egyházi jogi személye,55,Egyházi jogi személy,5,Jogi személyiségű nonprofit szervezet,01,Budapest,11,Budapest,1,Közép-Magyarország,,,,-0.09974259974259975,-0.001234353245353661,80.80555555555556,80,1.8018949461123954,0.022299146806478595,79,86,7
246,116298,sonline.hu,Mediaworks Hungary,https://www.sonline.hu/impresszum,2025-12-29,24785725-2-44,https://videa.hu/szolgaltato_adatai,2025-07-04,24785725 5812 114 01,2025-12-21,58.12,Napilapkiadás,58.1,"Könyv-, napilapkiadás, egyéb kiadói tevékenység (kivéve: szoftverkiadás)",58,Kiadói tevékenység,J,"KIADÓI TEVÉKENYSÉG, MŰSORSZOLGÁLTATÁS, TARTALOMSZOLGÁLTATÁS ÉS -TERJESZTÉS",114,Részvénytársaság,11,Gazdasági társaság,1,Jogi személyiségű vállalkozás,01,Budapest,11,Budapest,1,Közép-Magyarország,,,,-1.7523809523809524,-0.033880619917139705,51.72222222222222,63,20.903330030146066,0.4041460156204395,23,73,50
247,116460,kormanyhivatalok.hu,Lechner Nonprofit,https://kormanyhivatalok.hu/,2025-12-29,24225221-2-43,https://ceginfo.hu//ceg-adatlap/lechner-tudaskoezpont-nonprofit-kft-0109996479.html,2025-12-29,24225221 7112 572 01,2025-12-29,71.12,"Mérnöki tevékenység, műszaki tanácsadás",71.1,"Építészmérnöki, mérnöki tevékenység, műszaki tanácsadás",71,"Építészmérnöki, mérnöki tevékenység, műszaki vizsgálat, elemzés",N,"SZAKMAI, TUDOMÁNYOS, MŰSZAKI TEVÉKENYSÉG",572,Nonprofit korlátolt felelősségű társaság,57,Nonprofit gazdasági társaság,5,Jogi személyiségű nonprofit szervezet,01,Budapest,11,Budapest,1,Közép-Magyarország,,,,0.054826254826254826,0.001424058566915678,38.5,39,6.618156843109719,0.1719001777431096,1,44,43
248,116652,demokrata.hu,Demokrata Kiadó és Vagyonkezelő,https://demokrata.hu/impresszum/,2025-12-29,32434974-2-43,https://ceginfo.hu//ceg-adatlap/demokrata-kiado-es-vagyonkezelo-zrt-0110142605.html,2025-12-29,32434974 5812 114 01,2025-12-29,58.12,Napilapkiadás,58.1,"Könyv-, napilapkiadás, egyéb kiadói tevékenység (kivéve: szoftverkiadás)",58,Kiadói tevékenység,J,"KIADÓI TEVÉKENYSÉG, MŰSORSZOLGÁLTATÁS, TARTALOMSZOLGÁLTATÁS ÉS -TERJESZTÉS",114,Részvénytársaság,11,Gazdasági társaság,1,Jogi személyiségű vállalkozás,01,Budapest,11,Budapest,1,Közép-Magyarország,,,,-0.01287001287001287,-0.0003328451604313162,38.666666666666664,38,5.323801005189539,0.13768450875490187,28,53,25
249,116905,c3.hu,C3 KULTURÁLIS ÉS KOMMUNIKÁCIÓS KÖZPONT ALAPITVÁNY,https://www.c3.hu/support/index-en.html,2025-12-29,18097168-1-42,https://ceginfo.hu//ceg-adatlap/c3-kulturalis-es-kommunikacios-koezpont-alapitvany-0199007112.html,2025-12-29,18097168 9121 569 01,2025-12-29,91.21,"Múzeumi, gyűjteményi tevékenység",91.2,"Múzeumi, gyűjteményi, történelmi helyszíni, műemléki tevékenységek",91,"Könyvtári, levéltári, múzeumi, egyéb kulturális tevékenység",S,"MŰVÉSZET, SPORT, SZABADIDŐ",569,Egyéb alapítvány,56,"Alapítvány, jogi személyiségű intézménye és szervezeti egysége",5,Jogi személyiségű nonprofit szervezet,01,Budapest,11,Budapest,1,Közép-Magyarország,,,,0,0,3,3,0,0,3,3,0
250,117335,njt.hu,MKIFK,https://njt.hu/static/about,2025-12-29,10941908-2-42,https://njt.hu/static/about,2025-12-29,10941908 5813 114 01,2025-12-29,58.13,"Folyóirat, időszaki kiadvány kiadása",58.1,"Könyv-, napilapkiadás, egyéb kiadói tevékenység (kivéve: szoftverkiadás)",58,Kiadói tevékenység,J,"KIADÓI TEVÉKENYSÉG, MŰSORSZOLGÁLTATÁS, TARTALOMSZOLGÁLTATÁS ÉS -TERJESZTÉS",114,Részvénytársaság,11,Gazdasági társaság,1,Jogi személyiségű vállalkozás,01,Budapest,11,Budapest,1,Közép-Magyarország,,,,0,0,6,6,0,0,6,6,0
251,117522,terebess.hu,Terebess Hungária,https://terebess.hu/,2025-12-29,10971864-2-42,https://ceginfo.hu//ceg-adatlap/terebess-hungaria-kereskedelmi-kft-0109364898.html,2025-12-29,10971864 4755 113 01,2025-12-29,47.55,"Bútor, világítási eszköz, edény, evőeszköz és egyéb háztartási cikk kiskereskedelme",47.5,Egyéb háztartási cikk kiskereskedelme,47,Kiskereskedelem,G,KERESKEDELEM,113,Korlátolt felelősségű társaság,11,Gazdasági társaság,1,Jogi személyiségű vállalkozás,01,Budapest,11,Budapest,1,Közép-Magyarország,,,,0.5683397683397683,0.02982541058342809,19.055555555555557,13,9.686351058339607,0.5083216298837111,13,38,25
253,118749,citatum.hu,Vibdo Media,https://citatum.hu/adatvedelem.php,2025-12-29,23894538-1-16,https://ceginfo.hu//ceg-adatlap/vibdo-media-szolgaltato-kft-1609014165.html,2025-12-29,23894538 6039 113 16,2025-12-29,60.39,Egyéb tartalomterjesztési tevékenység,60.3,Hírügynökségi és egyéb tartalomterjesztési tevékenység,60,"Műsor-összeállítás, műsorszolgáltatás, hírügynökségi és egyéb tartalomterjesztési tevékenység",J,"KIADÓI TEVÉKENYSÉG, MŰSORSZOLGÁLTATÁS, TARTALOMSZOLGÁLTATÁS ÉS -TERJESZTÉS",113,Korlátolt felelősségű társaság,11,Gazdasági társaság,1,Jogi személyiségű vállalkozás,16,Jász-Nagykun-Szolnok,60,Észak-Alföld,3,Alföld és Észak,,,,-0.00888030888030888,-0.00023911078510937983,37.138888888888886,37,0.3507361872061007,0.009443906312206153,37,38,1
254,119037,maiutazas.hu,Szallas Group,https://www.maiutazas.hu/kapcsolat,2025-12-29,32362903-2-05,https://szallas.hu/impresszum,2025-12-22,32362903 6391 114 05,2025-12-22,63.91,Internetes keresőportállal kapcsolatos tevékenységek,63.9,Internetes keresőportállal kapcsolatos tevékenységek és egyéb információs szolgáltatás,63,"Számítástechnikai infrastruktúra, adatfeldolgozás, tárhelyszolgáltatás és egyéb információs szolgáltatási tevékenységek",K,"TÁVKÖZLÉS, SZÁMÍTÓGÉPES PROGRAMOZÁS, INFORMÁCIÓTECHNOLÓGIAI SZAKTANÁCSADÁS, SZÁMÍTÁSTECHNIKAI INFRASTRUKTÚRA ÉS EGYÉB INFORMÁCIÓS SZOLGÁLTATÁSOK",114,Részvénytársaság,11,Gazdasági társaság,1,Jogi személyiségű vállalkozás,05,Borsod-Abaúj-Zemplén,50,Észak-Magyarország,3,Alföld és Észak,,,,-0.10283140283140284,-0.0010448576070930336,98.41666666666667,97,12.083932661655666,0.12278339707016764,79,132,53
255,119130,ingatlanbazar.hu,Mediaworks Hungary,https://www.ingatlanbazar.hu/impresszum,2025-12-29,24785725-2-44,https://videa.hu/szolgaltato_adatai,2025-07-04,24785725 5812 114 01,2025-12-21,58.12,Napilapkiadás,58.1,"Könyv-, napilapkiadás, egyéb kiadói tevékenység (kivéve: szoftverkiadás)",58,Kiadói tevékenység,J,"KIADÓI TEVÉKENYSÉG, MŰSORSZOLGÁLTATÁS, TARTALOMSZOLGÁLTATÁS ÉS -TERJESZTÉS",114,Részvénytársaság,11,Gazdasági társaság,1,Jogi személyiségű vállalkozás,01,Budapest,11,Budapest,1,Közép-Magyarország,,,,-0.010296010296010296,-0.00018349325280021028,56.111111111111114,56,1.347543326158019,0.024015623634499345,54,60,6
256,119235,nool.hu,Mediaworks Hungary,https://www.nool.hu/impresszum,2025-12-29,24785725-2-44,https://videa.hu/szolgaltato_adatai,2025-07-04,24785725 5812 114 01,2025-12-21,58.12,Napilapkiadás,58.1,"Könyv-, napilapkiadás, egyéb kiadói tevékenység (kivéve: szoftverkiadás)",58,Kiadói tevékenység,J,"KIADÓI TEVÉKENYSÉG, MŰSORSZOLGÁLTATÁS, TARTALOMSZOLGÁLTATÁS ÉS -TERJESZTÉS",114,Részvénytársaság,11,Gazdasági társaság,1,Jogi személyiségű vállalkozás,01,Budapest,11,Budapest,1,Közép-Magyarország,,,,-1.8126126126126125,-0.03004330297147979,60.333333333333336,72,21.535352993889575,0.35693955238491004,28,82,54
258,120187,liner.hu,Liner Media Group,https://liner.hu/impresszum/,2025-12-29,23937981-2-06,https://ceginfo.hu//ceg-adatlap/liner-media-group-kft-0609019788.html,2025-12-29,23937981 6031 113 06,2025-12-29,60.31,Hírügynökségi tevékenység,60.3,Hírügynökségi és egyéb tartalomterjesztési tevékenység,60,"Műsor-összeállítás, műsorszolgáltatás, hírügynökségi és egyéb tartalomterjesztési tevékenység",J,"KIADÓI TEVÉKENYSÉG, MŰSORSZOLGÁLTATÁS, TARTALOMSZOLGÁLTATÁS ÉS -TERJESZTÉS",113,Korlátolt felelősségű társaság,11,Gazdasági társaság,1,Jogi személyiségű vállalkozás,06,Csongrád-Csanád,70,Dél-Alföld,3,Alföld és Észak,,,,0.09935649935649936,0.0027856962436402085,35.666666666666664,35,1.6035674514745464,0.044959835088071394,33,39,6
259,120408,lap.hu,Central Médiacsoport,https://www.startlap.hu/impresszum/,2025-12-29,25087910-2-41,https://24.hu/impresszum/,2025-07-04,25087910 5813 114 01,2025-12-21,58.13,"Folyóirat, időszaki kiadvány kiadása",58.1,"Könyv-, napilapkiadás, egyéb kiadói tevékenység (kivéve: szoftverkiadás)",58,Kiadói tevékenység,J,"KIADÓI TEVÉKENYSÉG, MŰSORSZOLGÁLTATÁS, TARTALOMSZOLGÁLTATÁS ÉS -TERJESZTÉS",114,Részvénytársaság,11,Gazdasági társaság,1,Jogi személyiségű vállalkozás,01,Budapest,11,Budapest,1,Közép-Magyarország,,,,0,0,39,39,0,0,39,39,0
260,121723,netrisk.hu,Netrisk Magyarország,https://www.netrisk.hu/,2025-12-29,26208600-4-41,https://ceginfo.hu//ceg-adatlap/netrisk-magyarorszag-elso-online-biztositasi-alkusz-kft-0109307894.html,2025-12-29,26208600 6622 113 01,2025-12-29,66.22,"Biztosítási ügynöki, brókeri tevékenység",66.2,"Biztosítást, nyugdíjalapot kiegészítő tevékenység",66,"Pénzügyi, biztosítási kiegészítő tevékenységek",L,"PÉNZÜGYI, BIZTOSÍTÁSI TEVÉKENYSÉG",113,Korlátolt felelősségű társaság,11,Gazdasági társaság,1,Jogi személyiségű vállalkozás,01,Budapest,11,Budapest,1,Közép-Magyarország,,,,0.06267696267696268,0.0015444015444015704,40.583333333333336,40,1.2955969390869322,0.031924359895365885,37,43,6
262,122736,expressone.hu,Express One Hungary,https://expressone.hu/downloads/ASZF_2025_04_15.pdf,2025-12-29,13947109-2-43,https://ceginfo.hu//ceg-adatlap/express-one-hungary-kft-0109980899.html,2025-12-29,13947109 5320 113 01,2025-12-29,53.20,"Egyéb postai, futárpostai tevékenység",53.2,"Egyéb postai, futárpostai tevékenység",53,"Postai, futárpostai tevékenység",H,"SZÁLLÍTÁS, RAKTÁROZÁS",113,Korlátolt felelősségű társaság,11,Gazdasági társaság,1,Jogi személyiségű vállalkozás,01,Budapest,11,Budapest,1,Közép-Magyarország,,,,-0.012741312741312742,-0.00027061195202790375,47.083333333333336,47,0.28030595529069374,0.005953400820333318,47,48,1
263,122813,gyerekszoba.hu,Central Médiacsoport,https://gyerekszoba.hu/,2025-12-29,25087910-2-41,https://24.hu/impresszum/,2025-07-04,25087910 5813 114 01,2025-12-21,58.13,"Folyóirat, időszaki kiadvány kiadása",58.1,"Könyv-, napilapkiadás, egyéb kiadói tevékenység (kivéve: szoftverkiadás)",58,Kiadói tevékenység,J,"KIADÓI TEVÉKENYSÉG, MŰSORSZOLGÁLTATÁS, TARTALOMSZOLGÁLTATÁS ÉS -TERJESZTÉS",114,Részvénytársaság,11,Gazdasági társaság,1,Jogi személyiségű vállalkozás,01,Budapest,11,Budapest,1,Közép-Magyarország,,,,-0.26074646074646074,-0.0077705898897952284,33.55555555555556,33.5,4.384677505290078,0.13066919717751888,26,45,19
264,123309,jateknet.hu,Modell & Hobby,https://www.jateknet.hu/kapcsolat-elerhetoseg,2025-12-29,10929829-2-43,https://ceginfo.hu//ceg-adatlap/modell-hobby-kereskedelmi-es-szolgaltato-kft-0109724357.html,2025-12-29,10929829 4649 113 01,2025-12-29,46.49,Egyéb háztartási cikk nagykereskedelme,46.4,Háztartási cikk nagykereskedelme,46,Nagykereskedelem,G,KERESKEDELEM,113,Korlátolt felelősségű társaság,11,Gazdasági társaság,1,Jogi személyiségű vállalkozás,01,Budapest,11,Budapest,1,Közép-Magyarország,,,,3.714800514800515,0.02183036541508635,170.16666666666666,160.5,42.635665821000146,0.25055239463859047,123,225,102
265,123498,foldhivatal.hu,Közigazgatási és Területfejlesztési Minisztérium,https://www.foldhivatal.hu/content/view/57/70/,2025-12-29,15849272-2-41,https://ceginfo.hu//ceg-adatlap/koezigazgatasi-es-terueletfejlesztesi-miniszterium-0198003716.html,2025-12-29,15849272 8411 311 01,2025-12-29,84.11,Általános közigazgatás,84.1,Közigazgatás,84,"Közigazgatás, védelem, kötelező társadalombiztosítás",P,"KÖZIGAZGATÁS, VÉDELEM; KÖTELEZŐ TÁRSADALOMBIZTOSÍTÁS",311,Központi költségvetési irányító szerv,31,Központi költségvetési irányító és költségvetési szervek,3,Költségvetési szervek és költségvetési rend szerint gazdálkodó szervek,01,Budapest,11,Budapest,1,Közép-Magyarország,,,,0.016473616473616472,0.0012781254160564811,12.88888888888889,13,0.3187276291558385,0.024728867779332298,12,13,1
266,123787,hu-go.hu,Nemzeti Útdíjfizetési Szolgáltató,https://hu-go.hu/documents/document/e-utdij-felhasznaloi-aszf-2024-06-24,2025-12-29,12147715-2-44,https://hu-go.hu/documents/document/e-utdij-felhasznaloi-aszf-2024-06-24,2025-12-29,12147715 5221 114 01,2025-12-29,52.21,Szárazföldi szállítást kiegészítő szolgáltatás,52.2,Szállítást kiegészítő tevékenység,52,"Raktározás, tárolás, szállítást kiegészítő tevékenység",H,"SZÁLLÍTÁS, RAKTÁROZÁS",114,Részvénytársaság,11,Gazdasági társaság,1,Jogi személyiségű vállalkozás,01,Budapest,11,Budapest,1,Közép-Magyarország,,,,-0.02882882882882883,-0.0005416690176608125,53.22222222222222,53,0.4216370213557836,0.007922198731110757,53,54,1
268,124051,eoldal.hu,,,,,,,,,,,,,,,,,,,,,,,,,,,,,,,,0,0,5,5,0,0,5,5,0
269,124650,nemzeticegtar.hu,BCE Nemzeti Cégtár Nonprofit,https://www.nemzeticegtar.hu/felhasznalasi-feltetelek,2025-12-29,14662874-2-43,https://www.nemzeticegtar.hu/felhasznalasi-feltetelek,2025-12-29,14662874 6391 573 01,2025-12-29,63.91,Internetes keresőportállal kapcsolatos tevékenységek,63.9,Internetes keresőportállal kapcsolatos tevékenységek és egyéb információs szolgáltatás,63,"Számítástechnikai infrastruktúra, adatfeldolgozás, tárhelyszolgáltatás és egyéb információs szolgáltatási tevékenységek",K,"TÁVKÖZLÉS, SZÁMÍTÓGÉPES PROGRAMOZÁS, INFORMÁCIÓTECHNOLÓGIAI SZAKTANÁCSADÁS, SZÁMÍTÁSTECHNIKAI INFRASTRUKTÚRA ÉS EGYÉB INFORMÁCIÓS SZOLGÁLTATÁSOK",573,Nonprofit részvénytársaság,57,Nonprofit gazdasági társaság,5,Jogi személyiségű nonprofit szervezet,01,Budapest,11,Budapest,1,Közép-Magyarország,,,,-0.0018018018018018018,-0.00011880011880008079,15.166666666666666,15,0.3779644730092273,0.02492073448412488,15,16,1
270,124904,birosag.hu,Országos Bírósági Hivatal,https://birosag.hu/,2025-12-29,15795960-2-41,https://ceginfo.hu//ceg-adatlap/orszagos-birosagi-hivatal-0198003305.html,2025-12-29,15795960 8423 311 01,2025-12-29,84.23,"Igazságügy, bíróság",84.2,Társadalmi közszolgáltatás,84,"Közigazgatás, védelem, kötelező társadalombiztosítás",P,"KÖZIGAZGATÁS, VÉDELEM; KÖTELEZŐ TÁRSADALOMBIZTOSÍTÁS",311,Központi költségvetési irányító szerv,31,Központi költségvetési irányító és költségvetési szervek,3,Költségvetési szervek és költségvetési rend szerint gazdálkodó szervek,01,Budapest,11,Budapest,1,Közép-Magyarország,,,,-0.7001287001287001,-0.0818332246903676,8.555555555555555,1,8.567194721542483,1.0013604219984722,1,18,17
271,125084,reformatus.hu,Magyarországi Református Egyház,https://reformatus.hu/impresszum/,2025-12-29,19024048-1-42,https://ceginfo.hu//ceg-adatlap/magyarorszagi-reformatus-egyhaz-0199016428.html,2025-12-29,19024048 9491 551 01,2025-12-29,94.91,Egyházi tevékenység,94.9,"Egyéb közösségi, társadalmi tevékenység",94,Érdekképviselet,T,EGYÉB SZOLGÁLTATÁS,551,Bevett egyház,55,Egyházi jogi személy,5,Jogi személyiségű nonprofit szervezet,01,Budapest,11,Budapest,1,Közép-Magyarország,,,,-0.18455598455598454,-0.0023985615321354525,76.94444444444444,77,6.890757555054428,0.0895549718346424,60,95,35
272,125173,meta-inf.hu,META-INF,https://www.meta-inf.hu/legal-documents/impresszum,2025-12-30,13024583-2-43,https://www.meta-inf.hu/legal-documents/impresszum,2025-12-30,13024583 6210 113 01,2025-12-30,62.10,Számítógépes programozás,62.1,Számítógépes programozás,62,Információtechnológiai szolgáltatás,K,"TÁVKÖZLÉS, SZÁMÍTÓGÉPES PROGRAMOZÁS, INFORMÁCIÓTECHNOLÓGIAI SZAKTANÁCSADÁS, SZÁMÍTÁSTECHNIKAI INFRASTRUKTÚRA ÉS EGYÉB INFORMÁCIÓS SZOLGÁLTATÁSOK",113,Korlátolt felelősségű társaság,11,Gazdasági társaság,1,Jogi személyiségű vállalkozás,01,Budapest,11,Budapest,1,Közép-Magyarország,,,,-0.22110682110682112,-0.00231525467127562,95.5,98,5.789152417607064,0.06061939704300591,87,101,14
273,125185,koponyeg.hu,Mediaworks Hungary,https://koponyeg.hu/impresszum,2025-12-30,24785725-2-44,https://videa.hu/szolgaltato_adatai,2025-07-04,24785725 5812 114 01,2025-12-21,58.12,Napilapkiadás,58.1,"Könyv-, napilapkiadás, egyéb kiadói tevékenység (kivéve: szoftverkiadás)",58,Kiadói tevékenység,J,"KIADÓI TEVÉKENYSÉG, MŰSORSZOLGÁLTATÁS, TARTALOMSZOLGÁLTATÁS ÉS -TERJESZTÉS",114,Részvénytársaság,11,Gazdasági társaság,1,Jogi személyiségű vállalkozás,01,Budapest,11,Budapest,1,Közép-Magyarország,,,,-0.7478764478764479,-0.019383406856409047,38.583333333333336,37,8.784320446926197,0.22767137227454504,23,50,27
274,126847,parom.hu, Egyesült Társkereső Szolgáltatások,https://www.parom.hu/impresszum,2025-12-30,12927191-2-43,https://www.parom.hu/impresszum,2025-12-30,12927191 7311 113 01,2025-12-30,73.11,Reklámügynöki tevékenység,73.1,Reklám,73,"Reklám, piackutatás, PR-tevékenység",N,"SZAKMAI, TUDOMÁNYOS, MŰSZAKI TEVÉKENYSÉG",113,Korlátolt felelősségű társaság,11,Gazdasági társaság,1,Jogi személyiségű vállalkozás,01,Budapest,11,Budapest,1,Közép-Magyarország,,,,-0.00398970398970399,-0.0000419846079009563,95.02777777777777,95,0.16666666666666657,0.0017538731365097915,95,96,1
276,128445,nb1.hu,FINAL SCORE MÉDIA,https://nb1.hu/impresszum/,2025-12-30,26633040-2-41,https://ceginfo.hu//ceg-adatlap/final-score-media-kft-0109336254.html,2025-12-30,26633040 7311 113 01,2025-12-30,73.11,Reklámügynöki tevékenység,73.1,Reklám,73,"Reklám, piackutatás, PR-tevékenység",N,"SZAKMAI, TUDOMÁNYOS, MŰSZAKI TEVÉKENYSÉG",113,Korlátolt felelősségű társaság,11,Gazdasági társaság,1,Jogi személyiségű vállalkozás,01,Budapest,11,Budapest,1,Közép-Magyarország,,,,-0.03462033462033462,-0.001318869890298414,26.25,26,0.7319250547113999,0.02788285922710095,24,27,3
278,128572,propeller.hu,H. A. Consulting,https://propeller.hu/statikus/imprint,2025-12-30,24814601-2-13,https://ceginfo.hu//ceg-adatlap/ha-consulting-kft-1309221971.html,2025-12-30,24814601 6391 113 13,2025-12-30,63.91,Internetes keresőportállal kapcsolatos tevékenységek,63.9,Internetes keresőportállal kapcsolatos tevékenységek és egyéb információs szolgáltatás,63,"Számítástechnikai infrastruktúra, adatfeldolgozás, tárhelyszolgáltatás és egyéb információs szolgáltatási tevékenységek",K,"TÁVKÖZLÉS, SZÁMÍTÓGÉPES PROGRAMOZÁS, INFORMÁCIÓTECHNOLÓGIAI SZAKTANÁCSADÁS, SZÁMÍTÁSTECHNIKAI INFRASTRUKTÚRA ÉS EGYÉB INFORMÁCIÓS SZOLGÁLTATÁSOK",113,Korlátolt felelősségű társaság,11,Gazdasági társaság,1,Jogi személyiségű vállalkozás,13,Pest,12,Pest,1,Közép-Magyarország,,,,-0.09871299871299871,-0.001790260933837785,55.138888888888886,56,2.2947490093413303,0.041617614275208006,47,58,11
279,128987,pelenka.hu,Webshop Global,https://www.pelenka.hu/altalanos-szerzodesi-feltetelek,2025-12-30,26218032-2-41,https://www.pelenka.hu/altalanos-szerzodesi-feltetelek,2025-12-30,26218032 4778 113 01,2025-12-30,47.78,Egyéb új áru kiskereskedelme,47.7,"Egyéb áruk kiskereskedelme (kivéve: gépjármű, motorkerékpár)",47,Kiskereskedelem,G,KERESKEDELEM,113,Korlátolt felelősségű társaság,11,Gazdasági társaság,1,Jogi személyiségű vállalkozás,01,Budapest,11,Budapest,1,Közép-Magyarország,,,,-0.6195624195624195,-0.053615978615978645,11.555555555555555,7.5,9.110259348494171,0.7883878282350726,3,29,26
280,129016,koltozzbe.hu,OTP Otthonmegoldások,https://koltozzbe.hu/y/ASZF/Koltozzbe_hu_ASZF_250919.pdf,2025-12-30,29311419-2-41,https://koltozzbe.hu/y/ASZF/Koltozzbe_hu_ASZF_250919.pdf,2025-12-30,29311419 6310 113 01,2025-12-30,63.10,"Számítástechnikai infrastruktúra, adatfeldolgozás, tárhelyszolgáltatás és kapcsolódó szolgáltatások",63.1,"Számítástechnikai infrastruktúra, adatfeldolgozás, tárhelyszolgáltatás és kapcsolódó szolgáltatások",63,"Számítástechnikai infrastruktúra, adatfeldolgozás, tárhelyszolgáltatás és egyéb információs szolgáltatási tevékenységek",K,"TÁVKÖZLÉS, SZÁMÍTÓGÉPES PROGRAMOZÁS, INFORMÁCIÓTECHNOLÓGIAI SZAKTANÁCSADÁS, SZÁMÍTÁSTECHNIKAI INFRASTRUKTÚRA ÉS EGYÉB INFORMÁCIÓS SZOLGÁLTATÁSOK",113,Korlátolt felelősségű társaság,11,Gazdasági társaság,1,Jogi személyiségű vállalkozás,01,Budapest,11,Budapest,1,Közép-Magyarország,,,,0.2492921492921493,0.0065555276658271775,38.02777777777778,39.5,3.8802511782549853,0.10203728445374688,27,42,15
281,129088,filmkatalogus.hu,,,,,,,,,,,,,,,,,,,,,,,,,,,,,,,,0.011196911196911196,0.0003621642435659407,30.916666666666668,31,0.5000000000000003,0.016172506738544486,28,31,3
282,129485,dorko.hu,Szinga Sport,https://dorko.hu/feltetelek,2025-12-30,10318102-2-44,https://sportfactory.hu/vasarlasi-feltetelek,2025-12-26,10318102 4771 113 01,2025-12-26,47.71,Ruházat-kiskereskedelem,47.7,"Egyéb áruk kiskereskedelme (kivéve: gépjármű, motorkerékpár)",47,Kiskereskedelem,G,KERESKEDELEM,113,Korlátolt felelősségű társaság,11,Gazdasági társaság,1,Jogi személyiségű vállalkozás,01,Budapest,11,Budapest,1,Közép-Magyarország,,,,-0.4274131274131274,-0.006467790074347446,66.08333333333333,68,6.91323781905824,0.10461393925434917,51,79,28
283,129496,teletal.hu,Teletál Ételfutár,https://www.teletal.hu/aszf-uj,2025-12-30,14894729-2-13,https://www.teletal.hu/aszf-uj,2025-12-30,14894729 5622 113 13,2025-12-30,56.22,Szerződéses étkeztetés és egyéb vendéglátás,56.2,"Rendezvényi étkeztetés, szerződéses étkeztetés és egyéb vendéglátás",56,Vendéglátás,I,"SZÁLLÁSHELY-SZOLGÁLTATÁS, VENDÉGLÁTÁS",113,Korlátolt felelősségű társaság,11,Gazdasági társaság,1,Jogi személyiségű vállalkozás,13,Pest,12,Pest,1,Közép-Magyarország,,,,-0.011068211068211068,-0.0002770901240998719,39.94444444444444,40.5,2.1104426677757098,0.052834447871992735,34,43,9
284,129730,crystalnails.hu,CosmoPro,https://www.crystalnails.hu/bolt/jogi_dokumentumok/crystalnails_adatkezelesi_tajekoztato_cosmopro.pdf,2025-12-30,25334188-4-42,https://www.crystalnails.hu/bolt/jogi_dokumentumok/crystalnails_adatkezelesi_tajekoztato_cosmopro.pdf,2025-12-30,25334188 4645 113 01,2025-12-30,46.45,"Illatszer, kozmetikai cikk nagykereskedelme",46.4,Háztartási cikk nagykereskedelme,46,Nagykereskedelem,G,KERESKEDELEM,113,Korlátolt felelősségű társaság,11,Gazdasági társaság,1,Jogi személyiségű vállalkozás,01,Budapest,11,Budapest,1,Közép-Magyarország,,,,0.2902187902187902,0.0025588725074397168,113.41666666666667,113,4.993567290596402,0.044028513950886715,106,123,17
285,129740,homelux.hu,"LEZITER Bútoripari, Kereskedelmi és Szolgáltató",https://www.homelux.hu/shop_help.php?tab=terms,2025-12-30,13764351-2-03,https://www.homelux.hu/shop_help.php?tab=terms,2025-12-30,13764351 4712 113 03,2025-12-30,47.12,Iparcikk jellegű vegyes kiskereskedelem,47.1,Vegyes termékkörű kiskereskedelem,47,Kiskereskedelem,G,KERESKEDELEM,113,Korlátolt felelősségű társaság,11,Gazdasági társaság,1,Jogi személyiségű vállalkozás,03,Bács-Kiskun,70,Dél-Alföld,3,Alföld és Észak,,,,-0.17915057915057914,-0.00814320814320802,22,21,3.1075943842694236,0.1412542901940647,16,29,13
287,130123,autonavigator.hu,TRP Media Holding,https://www.autonavigator.hu/impresszum/,2025-12-30,29201640-2-13,https://www.autonavigator.hu/impresszum/,2025-12-30,29201640 7312 113 13,2025-12-30,73.12,Médiareklám,73.1,Reklám,73,"Reklám, piackutatás, PR-tevékenység",N,"SZAKMAI, TUDOMÁNYOS, MŰSZAKI TEVÉKENYSÉG",113,Korlátolt felelősségű társaság,11,Gazdasági társaság,1,Jogi személyiségű vállalkozás,13,Pest,12,Pest,1,Közép-Magyarország,,,,-0.34723294723294723,-0.0021251931486545683,163.38888888888889,165.5,8.449100637778058,0.05171159859911766,141,176,35
289,130942,uni-obuda.hu,Óbudai Egyetem,https://uni-obuda.hu/kozerdeku-adatok/,2025-12-30,19308760-2-41,https://ceginfo.hu//ceg-adatlap/obudai-egyetem-0199042119.html,2025-12-30,19308760 8540 563 01,2025-12-30,85.40,Felsőoktatás,85.4,Felsőoktatás,85,Oktatás,Q,OKTATÁS,563,Egyéb alapítvány önálló intézménye,56,"Alapítvány, jogi személyiségű intézménye és szervezeti egysége",5,Jogi személyiségű nonprofit szervezet,01,Budapest,11,Budapest,1,Közép-Magyarország,,,,0.012097812097812098,0.00019959726650836765,60.611111111111114,61,0.87105118031615,0.01437114687964317,59,62,3
290,131396,atlatszo.hu,atlatszo.hu Közhasznú Nonprofit,https://atlatszo.hu/impresszum/,2025-12-30,23399538-1-42,https://ceginfo.hu//ceg-adatlap/atlatszohu-koezhasznu-nonprofit-kft-0109963846.html,2025-12-30,23399538 9499 572 01,2025-12-30,94.99,"M.n.s. egyéb közösségi, társadalmi tevékenység",94.9,"Egyéb közösségi, társadalmi tevékenység",94,Érdekképviselet,T,EGYÉB SZOLGÁLTATÁS,572,Nonprofit korlátolt felelősségű társaság,57,Nonprofit gazdasági társaság,5,Jogi személyiségű nonprofit szervezet,01,Budapest,11,Budapest,1,Közép-Magyarország,,,,-0.05070785070785071,-0.0004072919735569849,124.5,124.5,1.8283482006601322,0.01468552771614564,121,131,10
292,131992,heavytools.hu,PREMIUM SPORT,https://www.heavytools.hu/altalanos-szerzodesi-feltetelek,2025-12-30,14101087-2-41,https://www.heavytools.hu/altalanos-szerzodesi-feltetelek,2025-12-30,14101087 4642 113 01,2025-12-30,46.42,"Ruházat, lábbeli nagykereskedelme",46.4,Háztartási cikk nagykereskedelme,46,Nagykereskedelem,G,KERESKEDELEM,113,Korlátolt felelősségű társaság,11,Gazdasági társaság,1,Jogi személyiségű vállalkozás,01,Budapest,11,Budapest,1,Közép-Magyarország,,,,-0.6081081081081081,-0.01454610756936334,41.80555555555556,40,6.94804985772244,0.16619919925449025,32,53,21
293,132366,rendeljkinait.hu,RKB Média,https://rendeljkinait.hu/impresszum-2/,2025-12-30,13567020-2-42,https://rendeljkinait.hu/impresszum-2/,2025-12-30,13567020 7311 113 01,2025-12-30,73.11,Reklámügynöki tevékenység,73.1,Reklám,73,"Reklám, piackutatás, PR-tevékenység",N,"SZAKMAI, TUDOMÁNYOS, MŰSZAKI TEVÉKENYSÉG",113,Korlátolt felelősségű társaság,11,Gazdasági társaság,1,Jogi személyiségű vállalkozás,01,Budapest,11,Budapest,1,Közép-Magyarország,,,,-0.06190476190476191,-0.0004653521462875786,133.02777777777777,133,2.372293779821078,0.017833070802580665,130,142,12
294,132378,diego.hu,DIEGO,https://www.diego.hu/impresszum,2025-12-30,10744804-2-44,https://ceginfo.hu//ceg-adatlap/diego-kereskedelmi-es-szolgaltato-kft-1309083541.html,2025-12-30,10744804 4683 113 13,2025-12-30,46.83,"Fa-, építőanyag-, szaniteráru-nagykereskedelem",46.8,Egyéb szakosodott nagykereskedelem,46,Nagykereskedelem,G,KERESKEDELEM,113,Korlátolt felelősségű társaság,11,Gazdasági társaság,1,Jogi személyiségű vállalkozás,13,Pest,12,Pest,1,Közép-Magyarország,,,,0.07541827541827542,0.00032414731555134075,232.66666666666666,229.5,33.97646244093108,0.14603064086360062,158,295,137
296,132501,monobrand.hu,MONOBRAND,https://www.monobrand.hu/Tamaris/uzletszabalyzat,2025-12-30,13985581-2-42,https://ceginfo.hu//ceg-adatlap/monobrand-kereskedelmi-kft-0109883290.html,2025-12-30,13985581 4772 113 01,2025-12-30,47.72,"Lábbeli-, bőráru-kiskereskedelem",47.7,"Egyéb áruk kiskereskedelme (kivéve: gépjármű, motorkerékpár)",47,Kiskereskedelem,G,KERESKEDELEM,113,Korlátolt felelősségű társaság,11,Gazdasági társaság,1,Jogi személyiségű vállalkozás,01,Budapest,11,Budapest,1,Közép-Magyarország,,,,-0.012483912483912485,-0.00012302788103499946,101.47222222222223,100,5.190574485744666,0.05115266397120393,90,118,28
297,133278,szavazo.hu,Várnai Zsolt,https://szavazo.hu/oldalak/impresszum,2025-12-30,66406156-1-38,https://ceginfo.hu//ceg-adatlap/varnai-zsolt-1897030347.html,2025-12-23,66406156 6310 231 18,2025-12-23,63.10,"Számítástechnikai infrastruktúra, adatfeldolgozás, tárhelyszolgáltatás és kapcsolódó szolgáltatások",63.1,"Számítástechnikai infrastruktúra, adatfeldolgozás, tárhelyszolgáltatás és kapcsolódó szolgáltatások",63,"Számítástechnikai infrastruktúra, adatfeldolgozás, tárhelyszolgáltatás és egyéb információs szolgáltatási tevékenységek",K,"TÁVKÖZLÉS, SZÁMÍTÓGÉPES PROGRAMOZÁS, INFORMÁCIÓTECHNOLÓGIAI SZAKTANÁCSADÁS, SZÁMÍTÁSTECHNIKAI INFRASTRUKTÚRA ÉS EGYÉB INFORMÁCIÓS SZOLGÁLTATÁSOK",231,Egyéni vállalkozó,23,Önálló vállalkozó,2,Jogi személyiség nélküli vállalkozás,18,Vas,30,Nyugat-Dunántúl,2,Dunántúl,,,,-0.04118404118404118,-0.0006491355002738566,63.44444444444444,63,0.5039526306789696,0.007943211341700045,63,64,1
298,133481,zakanyszerszamhaz.hu,Zákány Szerszámház,https://zakanyszerszamhaz.hu/,2025-12-30,13478164-2-09,https://ceginfo.hu//ceg-adatlap/zakany-szerszamhaz-kereskedelmi-es-szolgaltato-kft-0909011517.html,2025-12-30,13478164 4752 113 09,2025-12-30,47.52,"Vasáru-, építőanyag-, festék-, üveg-kiskereskedelem",47.5,Egyéb háztartási cikk kiskereskedelme,47,Kiskereskedelem,G,KERESKEDELEM,113,Korlátolt felelősségű társaság,11,Gazdasági társaság,1,Jogi személyiségű vállalkozás,09,Hajdú-Bihar,60,Észak-Alföld,3,Alföld és Észak,,,,-1.6254826254826256,-0.014506042270048198,112.05555555555556,110.5,23.782279650967556,0.21223650655300744,79,179,100
302,135026,vizmuvek.hu,Fővárosi Vízművek,https://vizmuvek.hu/hu/impresszum,2025-12-31,10898824-2-44,https://ceginfo.hu//ceg-adatlap/fovarosi-vizmuvek-zrt-0110042451.html,2025-12-31,10898824 3600 114 01,2025-12-31,36.00,"Víztermelés, -kezelés, -ellátás",36.0,"Víztermelés, -kezelés, -ellátás",36,"Víztermelés, -kezelés, -ellátás",E,"VÍZELLÁTÁS; SZENNYVÍZ GYŰJTÉSE, KEZELÉSE, HULLADÉKGAZDÁLKODÁS, SZENNYEZÉSMENTESÍTÉS",114,Részvénytársaság,11,Gazdasági társaság,1,Jogi személyiségű vállalkozás,01,Budapest,11,Budapest,1,Közép-Magyarország,,,,-0.3875160875160875,-0.003928633948346653,98.63888888888889,94,11.120515861050377,0.11273967079634288,88,133,45
304,136504,pornoweb.hu,,,,,,,,,,,,,,,,,,,,,,,,,,,,,,,,-0.04967824967824968,-0.0013016135286877137,38.166666666666664,38,1.7484687178050557,0.045811407453407574,36,42,6
305,136529,viszony.hu,Dating Central Europe,https://www.viszony.hu/impresszum,2025-12-31,24925543-2-41,https://www.randivonal.hu/aszf,2025-12-23,24925543 6391 114 01,2025-12-23,63.91,Internetes keresőportállal kapcsolatos tevékenységek,63.9,Internetes keresőportállal kapcsolatos tevékenységek és egyéb információs szolgáltatás,63,"Számítástechnikai infrastruktúra, adatfeldolgozás, tárhelyszolgáltatás és egyéb információs szolgáltatási tevékenységek",K,"TÁVKÖZLÉS, SZÁMÍTÓGÉPES PROGRAMOZÁS, INFORMÁCIÓTECHNOLÓGIAI SZAKTANÁCSADÁS, SZÁMÍTÁSTECHNIKAI INFRASTRUKTÚRA ÉS EGYÉB INFORMÁCIÓS SZOLGÁLTATÁSOK",114,Részvénytársaság,11,Gazdasági társaság,1,Jogi személyiségű vállalkozás,01,Budapest,11,Budapest,1,Közép-Magyarország,,,,0,0,16,16,0,0,16,16,0
306,136847,lumenet.hu,Lumenet,https://lumenet.hu/,2025-12-31,23460694-2-13,https://ceginfo.hu//ceg-adatlap/lumenet-kft-1309231898.html,2025-12-31,23460694 4755 113 13,2025-12-31,47.55,"Bútor, világítási eszköz, edény, evőeszköz és egyéb háztartási cikk kiskereskedelme",47.5,Egyéb háztartási cikk kiskereskedelme,47,Kiskereskedelem,G,KERESKEDELEM,113,Korlátolt felelősségű társaság,11,Gazdasági társaság,1,Jogi személyiségű vállalkozás,13,Pest,12,Pest,1,Közép-Magyarország,,,,-1.0491634491634492,-0.009221163127413128,113.77777777777777,111.5,16.554863094072743,0.14550172641274872,100,175,75
307,137277,repjegy.hu,Weco-Travel,https://www.repjegy.hu/impresszum,2025-12-31,10331615-2-41,https://www.repjegy.hu/impresszum,2025-12-31,10331615 7990 113 01,2025-12-31,79.90,Egyéb foglalás,79.9,Egyéb foglalás,79,"Utazásközvetítés, utazásszervezés, egyéb foglalás",O,ADMINISZTRATÍV ÉS SZOLGÁLTATÁST TÁMOGATÓ TEVÉKENYSÉG,113,Korlátolt felelősségű társaság,11,Gazdasági társaság,1,Jogi személyiségű vállalkozás,01,Budapest,11,Budapest,1,Közép-Magyarország,,,,0.22947232947232948,0.00235021446970241,97.63888888888889,102,7.414860668290317,0.07594167398533469,76,102,26
308,137523,eropolis.hu,Visiophone,https://eropolis.hu/info/aszf/,2025-12-31,12754081-2-42,https://eropolis.hu/info/aszf/,2025-12-31,12754081 6290 113 01,2025-12-31,62.90,Egyéb információtechnológiai szolgáltatás,62.9,Egyéb információtechnológiai szolgáltatás,62,Információtechnológiai szolgáltatás,K,"TÁVKÖZLÉS, SZÁMÍTÓGÉPES PROGRAMOZÁS, INFORMÁCIÓTECHNOLÓGIAI SZAKTANÁCSADÁS, SZÁMÍTÁSTECHNIKAI INFRASTRUKTÚRA ÉS EGYÉB INFORMÁCIÓS SZOLGÁLTATÁSOK",113,Korlátolt felelősségű társaság,11,Gazdasági társaság,1,Jogi személyiségű vállalkozás,01,Budapest,11,Budapest,1,Közép-Magyarország,,,,0,0,37,37,0,0,37,37,0
309,138597,budapestinfo.hu,Budapest Brand Nonprofit,https://www.budapestinfo.hu/hu/cookie-suti-tajekoztato,2025-12-31,28748511-2-41,https://ceginfo.hu//ceg-adatlap/budapest-brand-nonprofit-zrt-vegelszamolas-alatt-0110140962.html,2025-12-31,28748511 7990 573 01,2025-12-31,79.90,Egyéb foglalás,79.9,Egyéb foglalás,79,"Utazásközvetítés, utazásszervezés, egyéb foglalás",O,ADMINISZTRATÍV ÉS SZOLGÁLTATÁST TÁMOGATÓ TEVÉKENYSÉG,573,Nonprofit részvénytársaság,57,Nonprofit gazdasági társaság,5,Jogi személyiségű nonprofit szervezet,01,Budapest,11,Budapest,1,Közép-Magyarország,,,,-0.5253539253539253,-0.014729549308988515,35.666666666666664,31,7.123402076455965,0.19972155354549434,28,47,19
310,139163,angol-magyar-szotar.hu,,,,,,,,,,,,,,,,,,,,,,,,,,,,,,,,-0.0001287001287001287,-0.000018458982602384646,6.972222222222222,7,0.1666666666666666,0.02390438247011951,6,7,1
311,139371,raketa.hu,Player Media Group,https://raketa.hu/impresszum,2025-12-31,27715518-2-43,https://ceginfo.hu//ceg-adatlap/player-media-group-zrt-0110142994.html,2025-12-23,27715518 6391 114 01,2025-12-23,63.91,Internetes keresőportállal kapcsolatos tevékenységek,63.9,Internetes keresőportállal kapcsolatos tevékenységek és egyéb információs szolgáltatás,63,"Számítástechnikai infrastruktúra, adatfeldolgozás, tárhelyszolgáltatás és egyéb információs szolgáltatási tevékenységek",K,"TÁVKÖZLÉS, SZÁMÍTÓGÉPES PROGRAMOZÁS, INFORMÁCIÓTECHNOLÓGIAI SZAKTANÁCSADÁS, SZÁMÍTÁSTECHNIKAI INFRASTRUKTÚRA ÉS EGYÉB INFORMÁCIÓS SZOLGÁLTATÁSOK",114,Részvénytársaság,11,Gazdasági társaság,1,Jogi személyiségű vállalkozás,01,Budapest,11,Budapest,1,Közép-Magyarország,,,,0.04118404118404118,0.0009040399284303385,45.55555555555556,46,0.5039526306789696,0.011062374819782258,45,46,1
314,141021,nepitelet.hu,Totalcar.hu Informatikai,https://nepitelet.hu/autok/,2025-12-31,12514988-2-41,https://totalcar.hu/impresszum/,2025-12-21,12514988 5811 113 01,2025-12-21,58.11,Könyvkiadás,58.1,"Könyv-, napilapkiadás, egyéb kiadói tevékenység (kivéve: szoftverkiadás)",58,Kiadói tevékenység,J,"KIADÓI TEVÉKENYSÉG, MŰSORSZOLGÁLTATÁS, TARTALOMSZOLGÁLTATÁS ÉS -TERJESZTÉS",113,Korlátolt felelősségű társaság,11,Gazdasági társaság,1,Jogi személyiségű vállalkozás,01,Budapest,11,Budapest,1,Közép-Magyarország,,,,-0.06743886743886744,-0.0014066044193507099,47.94444444444444,47.5,2.1373474140284188,0.044579667963512794,45,51,6
315,141029,pharmindex-online.hu,Vidal Next,https://www.pharmindex-online.hu/impresszum,2025-12-31,14590621-2-43,https://ceginfo.hu//ceg-adatlap/vidal-next-kft-0109910860.html,2025-12-31,14590621 6039 113 01,2025-12-31,60.39,Egyéb tartalomterjesztési tevékenység,60.3,Hírügynökségi és egyéb tartalomterjesztési tevékenység,60,"Műsor-összeállítás, műsorszolgáltatás, hírügynökségi és egyéb tartalomterjesztési tevékenység",J,"KIADÓI TEVÉKENYSÉG, MŰSORSZOLGÁLTATÁS, TARTALOMSZOLGÁLTATÁS ÉS -TERJESZTÉS",113,Korlátolt felelősségű társaság,11,Gazdasági társaság,1,Jogi személyiségű vállalkozás,01,Budapest,11,Budapest,1,Közép-Magyarország,,,,0.0287001287001287,0.0006678762981284252,42.97222222222222,43,1.027788502732545,0.023917508790156188,42,45,3
316,141042,tesztarena.hu,Visionray,https://tesztarena.hu/adatkezelesi-tajekoztato/,2025-12-31,27237843-1-19,https://ceginfo.hu//ceg-adatlap/visionray-kereskedelmi-es-uegynoeki-bt-1906501142.html,2025-12-31,27237843 6210 117 19,2025-12-31,62.10,Számítógépes programozás,62.1,Számítógépes programozás,62,Információtechnológiai szolgáltatás,K,"TÁVKÖZLÉS, SZÁMÍTÓGÉPES PROGRAMOZÁS, INFORMÁCIÓTECHNOLÓGIAI SZAKTANÁCSADÁS, SZÁMÍTÁSTECHNIKAI INFRASTRUKTÚRA ÉS EGYÉB INFORMÁCIÓS SZOLGÁLTATÁSOK",117,Betéti társaság,11,Gazdasági társaság,1,Jogi személyiségű vállalkozás,19,Veszprém,20,Közép-Dunántúl,2,Dunántúl,,,,-0.13552123552123552,-0.0003872342629386263,349.97222222222223,348,4.245913067618998,0.012132143061694097,346,364,18
317,141050,anrodiszlec.hu,ANRO Épületdíszítés,https://www.anrodiszlec.hu/,2025-12-31,13531168-2-09,https://www.anrodiszlec.hu/,2025-12-31,13531168 4755 113 09,2025-12-31,47.55,"Bútor, világítási eszköz, edény, evőeszköz és egyéb háztartási cikk kiskereskedelme",47.5,Egyéb háztartási cikk kiskereskedelme,47,Kiskereskedelem,G,KERESKEDELEM,113,Korlátolt felelősségű társaság,11,Gazdasági társaság,1,Jogi személyiségű vállalkozás,09,Hajdú-Bihar,60,Észak-Alföld,3,Alföld és Észak,,,,-0.021621621621621623,-0.0008387698042870251,25.77777777777778,25,1.605545943838972,0.06228410989030495,24,31,7
318,141803,nemet-magyar-szotar.hu,,,,,,,,,,,,,,,,,,,,,,,,,,,,,,,,-0.0001287001287001287,-0.000018458982602384646,6.972222222222222,7,0.1666666666666666,0.02390438247011951,6,7,1
319,141894,vagyaim.hu,Webshop Logisztika,https://www.vagyaim.hu/aszf,2026-01-01,23121076-2-43,https://www.vagyaim.hu/aszf,2026-01-01,23121076 4778 113 01,2026-01-01,47.78,Egyéb új áru kiskereskedelme,47.7,"Egyéb áruk kiskereskedelme (kivéve: gépjármű, motorkerékpár)",47,Kiskereskedelem,G,KERESKEDELEM,113,Korlátolt felelősségű társaság,11,Gazdasági társaság,1,Jogi személyiségű vállalkozás,01,Budapest,11,Budapest,1,Közép-Magyarország,,,,-2.2611325611325612,-0.011254081598337063,200.91666666666666,197,31.011864089179063,0.15435187435510112,163,250,87
320,141927,erodium.hu,CSERNI MED,https://erodium.hu/media/pdf/aszf.pdf,2026-01-01,20956927-2-13,https://erodium.hu/media/pdf/aszf.pdf,2026-01-01,20956927 8621 117 13,2026-01-01,86.21,Háziorvosi ellátás,86.2,"Orvosi, fogorvosi ellátás",86,Humánegészségügyi ellátás,R,"HUMÁNEGÉSZSÉGÜGYI, SZOCIÁLIS ELLÁTÁS",117,Betéti társaság,11,Gazdasági társaság,1,Jogi személyiségű vállalkozás,13,Pest,12,Pest,1,Közép-Magyarország,,,,0,0,8,8,0,0,8,8,0
321,142029,tka.hu,Tempus Közalapítvány,https://tka.hu/29/impresszum,2026-01-01,18154180-2-42,https://ceginfo.hu//ceg-adatlap/tempus-koezalapitvany-0199008842.html,2026-01-01,18154180 9499 561 01,2026-01-01,94.99,"M.n.s. egyéb közösségi, társadalmi tevékenység",94.9,"Egyéb közösségi, társadalmi tevékenység",94,Érdekképviselet,T,EGYÉB SZOLGÁLTATÁS,561,Közalapítvány,56,"Alapítvány, jogi személyiségű intézménye és szervezeti egysége",5,Jogi személyiségű nonprofit szervezet,01,Budapest,11,Budapest,1,Közép-Magyarország,,,,0.0006435006435006435,0.000007776442821800907,82.75,83,0.5,0.006042296072507553,81,83,2
322,142616,avxforum.hu,,,,,,,,,,,,,,,,,,,,,,,,,,,,,,,,0.0006435006435006435,0.000016823546235347662,38.25,38,3.263433774416144,0.08531853005009526,30,46,16
324,142766,gyertyalang.hu,Port,https://gyertyalang.hu,2026-01-01,10369658-2-08,https://ceginfo.hu//ceg-adatlap/port-kereskedelmi-es-szolgaltato-kft-0809000588.html,2026-01-01,10369658 6310 113 08,2026-01-01,63.10,"Számítástechnikai infrastruktúra, adatfeldolgozás, tárhelyszolgáltatás és kapcsolódó szolgáltatások",63.1,"Számítástechnikai infrastruktúra, adatfeldolgozás, tárhelyszolgáltatás és kapcsolódó szolgáltatások",63,"Számítástechnikai infrastruktúra, adatfeldolgozás, tárhelyszolgáltatás és egyéb információs szolgáltatási tevékenységek",K,"TÁVKÖZLÉS, SZÁMÍTÓGÉPES PROGRAMOZÁS, INFORMÁCIÓTECHNOLÓGIAI SZAKTANÁCSADÁS, SZÁMÍTÁSTECHNIKAI INFRASTRUKTÚRA ÉS EGYÉB INFORMÁCIÓS SZOLGÁLTATÁSOK",113,Korlátolt felelősségű társaság,11,Gazdasági társaság,1,Jogi személyiségű vállalkozás,08,Győr-Moson-Sopron,30,Nyugat-Dunántúl,2,Dunántúl,,,,0,0,124,124,0,0,124,124,0
325,143157,mkosz.hu,MAGYAR KOSÁRLABDÁZÓK ORSZÁGOS SZÖVETSÉGE,https://mkosz.hu/mkosz/mkosz_iroda,2026-01-01,19012504-2-13,https://ceginfo.hu//ceg-adatlap/magyar-kosarlabdazok-orszagos-szoevetsege-0199015425.html,2026-01-01,19012504 9319 515 13,2026-01-01,93.19,M.n.s. sporttevékenység,93.1,Sporttevékenység,93,"Sport-, szórakoztató, szabadidős tevékenység",S,"MŰVÉSZET, SPORT, SZABADIDŐ",515,Országos sportági szakszövetség,51,"Párt, érdekképviselet, szövetség, az egyesület jogi személyiséggel rendelkező szervezeti egysége",5,Jogi személyiségű nonprofit szervezet,13,Pest,12,Pest,1,Közép-Magyarország,,,,2.3568854568854567,0.03615163035699891,65.19444444444444,78,29.26316011100885,0.44885972049267947,32,134,102
326,143220,tipplap.hu,Tipplap.hu,https://www.tipplap.hu/impresszum,2026-01-01,25391213-2-42,https://ceginfo.hu//ceg-adatlap/tipplaphu-kft-0109272445.html,2026-01-01,25391213 7311 113 01,2026-01-01,73.11,Reklámügynöki tevékenység,73.1,Reklám,73,"Reklám, piackutatás, PR-tevékenység",N,"SZAKMAI, TUDOMÁNYOS, MŰSZAKI TEVÉKENYSÉG",113,Korlátolt felelősségű társaság,11,Gazdasági társaság,1,Jogi személyiségű vállalkozás,01,Budapest,11,Budapest,1,Közép-Magyarország,,,,0,0,37,37,0,0,37,37,0
327,143296,elektrikstore.hu,IL DIVERSO,https://elektrikstore.hu/shop_help.php?tab=terms,2026-01-01,14800250-2-13,https://ceginfo.hu//ceg-adatlap/il-diverso-kereskedelmi-es-szolgaltato-kft-1309129477.html,2026-01-01,14800250 4754 113 13,2026-01-01,47.54,Villamos háztartási készülék kiskereskedelme,47.5,Egyéb háztartási cikk kiskereskedelme,47,Kiskereskedelem,G,KERESKEDELEM,113,Korlátolt felelősségű társaság,11,Gazdasági társaság,1,Jogi személyiségű vállalkozás,13,Pest,12,Pest,1,Közép-Magyarország,,,,-0.21891891891891893,-0.00735861912332492,29.75,28,3.0740852297878796,0.10333059595925645,28,35,7
329,143575,elsotalalkozas.hu,Bakai Lászlóné,https://www.elsotalalkozas.hu/felhasznalasi-feltetelek,2026-01-01,57702698-1-24,https://ceginfo.hu//ceg-adatlap/bakai-laszlone-0497118453.html,2026-01-01,57702698 6391 231 04,2026-01-01,63.91,Internetes keresőportállal kapcsolatos tevékenységek,63.9,Internetes keresőportállal kapcsolatos tevékenységek és egyéb információs szolgáltatás,63,"Számítástechnikai infrastruktúra, adatfeldolgozás, tárhelyszolgáltatás és egyéb információs szolgáltatási tevékenységek",K,"TÁVKÖZLÉS, SZÁMÍTÓGÉPES PROGRAMOZÁS, INFORMÁCIÓTECHNOLÓGIAI SZAKTANÁCSADÁS, SZÁMÍTÁSTECHNIKAI INFRASTRUKTÚRA ÉS EGYÉB INFORMÁCIÓS SZOLGÁLTATÁSOK",231,Egyéni vállalkozó,23,Önálló vállalkozó,2,Jogi személyiség nélküli vállalkozás,04,Békés,70,Dél-Alföld,3,Alföld és Észak,,,,0,0,122,122,0,0,122,122,0
330,144167,animek.hu,,,,,,,,,,,,,,,,,,,,,,,,,,,,,,,,-0.0034749034749034747,-0.0002875782186125977,12.083333333333334,12,0.5,0.041379310344827586,10,13,3
331,144608,ctk.hu,CTK.HU Társkereső,https://tarskereso.ctk.hu/aszf/,2026-01-01,24168247-2-41,https://ceginfo.hu//ceg-adatlap/ctkhu-tarskereso-kft-0109993706.html,2026-01-01,24168247 9699 113 01,2026-01-01,96.99,M.n.s. egyéb személyi szolgáltatás,96.9,Egyéb személyi szolgáltatás,96,Személyi szolgáltatás,T,EGYÉB SZOLGÁLTATÁS,113,Korlátolt felelősségű társaság,11,Gazdasági társaság,1,Jogi személyiségű vállalkozás,01,Budapest,11,Budapest,1,Közép-Magyarország,,,,0.16975546975546976,0.0030178750178749265,56.25,58,2.4885451860187597,0.04424080330700017,51,58,7
332,144670,dh.hu,Duna House Franchise,https://dh.hu/impresszum,2026-01-01,13287065-2-41,https://dh.hu/impresszum,2026-01-01,13287065 7020 113 01,2026-01-01,70.20,"Üzletviteli, egyéb üzletvezetési tanácsadás",70.2,"Üzletviteli, egyéb üzletvezetési tanácsadás",70,"Üzletvezetés, üzletvezetési tanácsadás",N,"SZAKMAI, TUDOMÁNYOS, MŰSZAKI TEVÉKENYSÉG",113,Korlátolt felelősségű társaság,11,Gazdasági társaság,1,Jogi személyiségű vállalkozás,01,Budapest,11,Budapest,1,Közép-Magyarország,,,,-0.06447876447876448,-0.0019522586385496497,33.02777777777778,34,5.935299299763893,0.17970628662026927,0,44,44
334,144894,fekmester.hu,Fékmester Parts,https://www.fekmester.hu/aszfeltetel/,2025-12-30,24226239-2-09,https://www.fekmester.hu/aszfeltetel/,2025-12-30,24226239 4782 113 09,2025-12-30,47.82,Gépjárműalkatrész és -tartozék kiskereskedelme,47.8,"Gépjármű, motorkerékpár és ezekhez kapcsolódó alkatrész, tartozék kiskereskedelme",47,Kiskereskedelem,G,KERESKEDELEM,113,Korlátolt felelősségű társaság,11,Gazdasági társaság,1,Jogi személyiségű vállalkozás,09,Hajdú-Bihar,60,Észak-Alföld,3,Alföld és Észak,,,,-0.07181467181467181,-0.00036986097071933143,194.16666666666666,194,4.500793580819149,0.023180052776750983,179,199,20
335,145415,kihivott.hu,,,,,,,,,,,,,,,,,,,,,,,,,,,,,,,,-0.0009009009009009009,-0.000015859380162417346,56.80555555555556,57,1.1666666666666672,0.020537897310513455,50,57,7
336,145730,mostszamlazz.hu,KBOSS.hu,https://www.mostszamlazz.hu,2026-01-01,13421739-2-41,https://www.szamlazz.hu/impresszum/,2025-11-18,13421739 6210 113 01,2025-12-21,62.10,Számítógépes programozás,62.1,Számítógépes programozás,62,Információtechnológiai szolgáltatás,K,"TÁVKÖZLÉS, SZÁMÍTÓGÉPES PROGRAMOZÁS, INFORMÁCIÓTECHNOLÓGIAI SZAKTANÁCSADÁS, SZÁMÍTÁSTECHNIKAI INFRASTRUKTÚRA ÉS EGYÉB INFORMÁCIÓS SZOLGÁLTATÁSOK",113,Korlátolt felelősségű társaság,11,Gazdasági társaság,1,Jogi személyiségű vállalkozás,01,Budapest,11,Budapest,1,Közép-Magyarország,,,,0,0,63,63,0,0,63,63,0
337,145940,paratlan.hu,Makro-Stúdió,https://paratlan.hu/felhasznalasi-feltetelek,2026-01-01,21902282-1-42,https://paratlan.hu/felhasznalasi-feltetelek,2026-01-01,21902282 6210 117 01,2026-01-01,62.10,Számítógépes programozás,62.1,Számítógépes programozás,62,Információtechnológiai szolgáltatás,K,"TÁVKÖZLÉS, SZÁMÍTÓGÉPES PROGRAMOZÁS, INFORMÁCIÓTECHNOLÓGIAI SZAKTANÁCSADÁS, SZÁMÍTÁSTECHNIKAI INFRASTRUKTÚRA ÉS EGYÉB INFORMÁCIÓS SZOLGÁLTATÁSOK",117,Betéti társaság,11,Gazdasági társaság,1,Jogi személyiségű vállalkozás,01,Budapest,11,Budapest,1,Közép-Magyarország,,,,-0.11776061776061776,-0.004958341800447144,23.75,25,2.1957751641341994,0.09245369112143997,20,25,5
338,145990,pina.hu,,,,,,,,,,,,,,,,,,,,,,,,,,,,,,,,0.07001287001287002,0.0024662067714905367,28.38888888888889,28,1.3153549825650601,0.04633344361285926,27,32,5
339,146025,poet.hu,Vibdo Media,https://poet.hu/kapcsolat.php,2026-01-01,23894538-1-16,https://poet.hu/kapcsolat.php,2026-01-01,23894538 6039 113 16,2026-01-01,60.39,Egyéb tartalomterjesztési tevékenység,60.3,Hírügynökségi és egyéb tartalomterjesztési tevékenység,60,"Műsor-összeállítás, műsorszolgáltatás, hírügynökségi és egyéb tartalomterjesztési tevékenység",J,"KIADÓI TEVÉKENYSÉG, MŰSORSZOLGÁLTATÁS, TARTALOMSZOLGÁLTATÁS ÉS -TERJESZTÉS",113,Korlátolt felelősségű társaság,11,Gazdasági társaság,1,Jogi személyiségű vállalkozás,16,Jász-Nagykun-Szolnok,60,Észak-Alföld,3,Alföld és Észak,,,,0,0,18,18,0,0,18,18,0
340,146036,porno1.hu,,,,,,,,,,,,,,,,,,,,,,,,,,,,,,,,0.11428571428571428,0.0009671569615150984,118.16666666666667,119,1.7968225924034442,0.01520583293994452,115,122,7
341,146532,synlab.hu,SYNLAB Hungary,https://synlab.hu/impresszum/,2026-01-01,14872925-2-43,https://synlab.hu/impresszum/,2026-01-01,14872925 8691 113 01,2026-01-01,86.91,"Képalkotó diagnosztikai szolgáltatás, orvosi laboratóriumi tevékenység",86.9,Egyéb humánegészségügyi ellátás,86,Humánegészségügyi ellátás,R,"HUMÁNEGÉSZSÉGÜGYI, SZOCIÁLIS ELLÁTÁS",113,Korlátolt felelősségű társaság,11,Gazdasági társaság,1,Jogi személyiségű vállalkozás,01,Budapest,11,Budapest,1,Közép-Magyarország,,,,-0.1075933075933076,-0.0023193766906341954,46.388888888888886,47,2.2712838128974897,0.04896180674509559,39,48,9
342,146534,szextortenetek.hu,NETRLX MÉDIA,https://szextortenetek.hu/adatkezelesi-tajekoztato/,2026-01-01,23179794-2-41,https://ceginfo.hu//ceg-adatlap/netrlx-media-kft-0109956732.html,2026-01-01,23179794 6039 113 01,2026-01-01,60.39,Egyéb tartalomterjesztési tevékenység,60.3,Hírügynökségi és egyéb tartalomterjesztési tevékenység,60,"Műsor-összeállítás, műsorszolgáltatás, hírügynökségi és egyéb tartalomterjesztési tevékenység",J,"KIADÓI TEVÉKENYSÉG, MŰSORSZOLGÁLTATÁS, TARTALOMSZOLGÁLTATÁS ÉS -TERJESZTÉS",113,Korlátolt felelősségű társaság,11,Gazdasági társaság,1,Jogi személyiségű vállalkozás,01,Budapest,11,Budapest,1,Közép-Magyarország,,,,0,0,16,16,0,0,16,16,0
343,146537,tacklebait.hu,BNT Business and Trading,https://tacklebait.hu/shop_help.php?tab=terms,2026-01-01,25010903-2-18,https://tacklebait.hu/shop_help.php?tab=terms,2026-01-01,25010903 4763 113 18,2026-01-01,47.63,Sportszer-kiskereskedelem,47.6,"Kulturális, szabadidős cikk kiskereskedelme",47,Kiskereskedelem,G,KERESKEDELEM,113,Korlátolt felelősségű társaság,11,Gazdasági társaság,1,Jogi személyiségű vállalkozás,18,Vas,30,Nyugat-Dunántúl,2,Dunántúl,,,,-0.20617760617760617,-0.0028569645197819493,72.16666666666667,72,3.1486958751657346,0.04363088972516029,68,78,10
346,150634,mersz.hu,AKADÉMIAI KIADÓ,https://mersz.hu/egyeb/impresszum/,2026-01-01,11387729-2-43,https://ceginfo.hu//ceg-adatlap/akademiai-kiado-zrt-0110043151.html,2026-01-01,11387729 5811 114 01,2026-01-01,58.11,Könyvkiadás,58.1,"Könyv-, napilapkiadás, egyéb kiadói tevékenység (kivéve: szoftverkiadás)",58,Kiadói tevékenység,J,"KIADÓI TEVÉKENYSÉG, MŰSORSZOLGÁLTATÁS, TARTALOMSZOLGÁLTATÁS ÉS -TERJESZTÉS",114,Részvénytársaság,11,Gazdasági társaság,1,Jogi személyiségű vállalkozás,01,Budapest,11,Budapest,1,Közép-Magyarország,,,,0.027799227799227798,0.00016848016848019734,165,165,1.1710800875382399,0.007097455075989333,163,167,4
347,151213,wellis.hu,Wellis Magyarország,https://www.wellis.hu/altalanos-szerzodesi-feltetelek/,2026-01-01,25584864-2-44,https://ceginfo.hu//ceg-adatlap/wellis-magyarorszag-kereskedelmi-es-szolgaltato-zrt-0110048882.html,2026-01-01,25584864 4618 114 01,2026-01-01,46.18,Egyéb termék ügynöki nagykereskedelme,46.1,Ügynöki nagykereskedelem,46,Nagykereskedelem,G,KERESKEDELEM,114,Részvénytársaság,11,Gazdasági társaság,1,Jogi személyiségű vállalkozás,01,Budapest,11,Budapest,1,Közép-Magyarország,,,,0.26808236808236807,0.005029163757668152,53.30555555555556,56,3.536095057258537,0.06633633249677297,49,57,8
348,151457,mlsz.hu,Magyar Labdarúgó Szövetség,https://www.mlsz.hu/impresszum,2026-01-01,19020848-2-44,https://ceginfo.hu//ceg-adatlap/magyar-labdarugo-szoevetseg-0199016139.html,2026-01-01,19020848 9319 515 01,2026-01-01,93.19,M.n.s. sporttevékenység,93.1,Sporttevékenység,93,"Sport-, szórakoztató, szabadidős tevékenység",S,"MŰVÉSZET, SPORT, SZABADIDŐ",515,Országos sportági szakszövetség,51,"Párt, érdekképviselet, szövetség, az egyesület jogi személyiséggel rendelkező szervezeti egysége",5,Jogi személyiségű nonprofit szervezet,01,Budapest,11,Budapest,1,Közép-Magyarország,,,,-0.05045045045045045,-0.0005517060195067424,91.44444444444444,92,1.3404571596382326,0.014658705269433893,89,94,5
350,152034,hirklikk.hu,Ariste-Design,https://hirklikk.hu/impresszum,2026-01-01,23886490-2-43,https://ceginfo.hu//ceg-adatlap/ariste-design-kft-0109982838.html,2026-01-01,23886490 6039 113 01,2026-01-01,60.39,Egyéb tartalomterjesztési tevékenység,60.3,Hírügynökségi és egyéb tartalomterjesztési tevékenység,60,"Műsor-összeállítás, műsorszolgáltatás, hírügynökségi és egyéb tartalomterjesztési tevékenység",J,"KIADÓI TEVÉKENYSÉG, MŰSORSZOLGÁLTATÁS, TARTALOMSZOLGÁLTATÁS ÉS -TERJESZTÉS",113,Korlátolt felelősségű társaság,11,Gazdasági társaság,1,Jogi személyiségű vállalkozás,01,Budapest,11,Budapest,1,Közép-Magyarország,,,,0.010296010296010296,0.0003598605540351825,28.61111111111111,28.5,0.9644473703415494,0.033708840128442503,27,33,6
351,152627,e-szigno.hu,Microsec,https://static.e-szigno.hu/docs/aszf--v1.16.pdf,2026-01-01,23584497-2-41,https://ceginfo.hu//ceg-adatlap/microsec-szamitastechnikai-fejleszto-zrt-0110047218.html,2026-01-01,23584497 6392 114 01,2026-01-01,63.92,Egyéb információs szolgáltatás,63.9,Internetes keresőportállal kapcsolatos tevékenységek és egyéb információs szolgáltatás,63,"Számítástechnikai infrastruktúra, adatfeldolgozás, tárhelyszolgáltatás és egyéb információs szolgáltatási tevékenységek",K,"TÁVKÖZLÉS, SZÁMÍTÓGÉPES PROGRAMOZÁS, INFORMÁCIÓTECHNOLÓGIAI SZAKTANÁCSADÁS, SZÁMÍTÁSTECHNIKAI INFRASTRUKTÚRA ÉS EGYÉB INFORMÁCIÓS SZOLGÁLTATÁSOK",114,Részvénytársaság,11,Gazdasági társaság,1,Jogi személyiségű vállalkozás,01,Budapest,11,Budapest,1,Közép-Magyarország,,,,-0.0069498069498069494,-0.0035741864313293265,1.9444444444444444,2,0.3333333333333333,0.17142857142857143,0,2,2
352,154719,tarki.hu,TÁRKI,https://tarki.hu/rolunk,2026-01-01,12385184-2-41,https://ceginfo.hu//ceg-adatlap/tarki-tarsadalomkutatasi-intezet-zrt-0110043879.html,2026-01-01,12385184 7220 114 01,2026-01-01,72.20,"Társadalomtudományi, humán kutatás, kísérleti fejlesztés",72.2,"Társadalomtudományi, humán kutatás, kísérleti fejlesztés",72,"Tudományos kutatás, fejlesztés",N,"SZAKMAI, TUDOMÁNYOS, MŰSZAKI TEVÉKENYSÉG",114,Részvénytársaság,11,Gazdasági társaság,1,Jogi személyiségű vállalkozás,01,Budapest,11,Budapest,1,Közép-Magyarország,,,,-0.024066924066924067,-0.00041634275175839587,57.80555555555556,58,0.668449995755402,0.011563767346080956,56,59,3
353,155838,mno.hu,Mediaworks Hungary,https://magyarnemzet.hu/impresszum,2026-01-01,24785725-2-44,https://videa.hu/szolgaltato_adatai,2025-07-04,24785725 5812 114 01,2025-12-21,58.12,Napilapkiadás,58.1,"Könyv-, napilapkiadás, egyéb kiadói tevékenység (kivéve: szoftverkiadás)",58,Kiadói tevékenység,J,"KIADÓI TEVÉKENYSÉG, MŰSORSZOLGÁLTATÁS, TARTALOMSZOLGÁLTATÁS ÉS -TERJESZTÉS",114,Részvénytársaság,11,Gazdasági társaság,1,Jogi személyiségű vállalkozás,01,Budapest,11,Budapest,1,Közép-Magyarország,,,,0.3335907335907336,0.015843359378979422,21.055555555555557,19.5,5.064974654819928,0.24055288598089367,14,32,18
356,157760,abouthungary.hu,MINISZTERELNÖKI KABINETIRODA,https://abouthungary.hu/data/impressum,2026-01-01,15833167-2-41,https://ceginfo.hu//ceg-adatlap/miniszterelnoeki-kabinetiroda-0198003612.html,2026-01-01,15833167 8411 311 01,2026-01-01,84.11,Általános közigazgatás,84.1,Közigazgatás,84,"Közigazgatás, védelem, kötelező társadalombiztosítás",P,"KÖZIGAZGATÁS, VÉDELEM; KÖTELEZŐ TÁRSADALOMBIZTOSÍTÁS",311,Központi költségvetési irányító szerv,31,Központi költségvetési irányító és költségvetési szervek,3,Költségvetési szervek és költségvetési rend szerint gazdálkodó szervek,01,Budapest,11,Budapest,1,Közép-Magyarország,,,,0,0,48,48,0,0,48,48,0
357,158929,winwithhell.hu,HELL ENERGY Magyarország,https://winwithhell.hu/,2026-01-02,13324223-4-44,https://ceginfo.hu//ceg-adatlap/hell-energy-magyarorszag-kft-0109729429.html,2026-01-02,13324223 1107 113 01,2026-01-02,11.07,"Üdítőital, ásványvíz gyártása",11.0,Italgyártás,11,Italgyártás,C,FELDOLGOZÓIPAR,113,Korlátolt felelősségű társaság,11,Gazdasági társaság,1,Jogi személyiségű vállalkozás,01,Budapest,11,Budapest,1,Közép-Magyarország,,,,-0.03127413127413128,-0.013899613899613899,2.25,2,0.43915503282683993,0.19518001458970663,2,3,1
358,159137,formula.hu,Formula Press,https://formula.hu/impresszum,2026-01-02,32000975-2-05,https://formula.hu/impresszum,2026-01-02,32000975 7311 113 05,2026-01-02,73.11,Reklámügynöki tevékenység,73.1,Reklám,73,"Reklám, piackutatás, PR-tevékenység",N,"SZAKMAI, TUDOMÁNYOS, MŰSZAKI TEVÉKENYSÉG",113,Korlátolt felelősségű társaság,11,Gazdasági társaság,1,Jogi személyiségű vállalkozás,05,Borsod-Abaúj-Zemplén,50,Észak-Magyarország,3,Alföld és Észak,,,,0.2967824967824968,0.002064175016261653,143.77777777777777,123,40.48781905787828,0.2815999779914255,119,221,102
360,159854,indaplay.hu,DisplayNOW,https://indaplay.hu/hu/imprint,2026-01-02,27958896-2-41,https://ceginfo.hu//ceg-adatlap/dn-network-zrt-0110142054.html,2026-01-02,27958896 7311 114 01,2026-01-02,73.11,Reklámügynöki tevékenység,73.1,Reklám,73,"Reklám, piackutatás, PR-tevékenység",N,"SZAKMAI, TUDOMÁNYOS, MŰSZAKI TEVÉKENYSÉG",114,Részvénytársaság,11,Gazdasági társaság,1,Jogi személyiségű vállalkozás,01,Budapest,11,Budapest,1,Közép-Magyarország,,,,-0.14131274131274132,-0.0003380238330404679,418.05555555555554,419,7.2306666139810165,0.017295946717828345,389,427,38
361,160010,budapest.hu,BUDAPEST FŐVÁROS ÖNKORMÁNYZATA,https://budapest.hu,2026-01-02,15735636-2-41,https://ceginfo.hu//ceg-adatlap/budapest-fovaros-oenkormanyzata-0198003140.html,2026-01-02,15735636 8411 321 01,2026-01-02,84.11,Általános közigazgatás,84.1,Közigazgatás,84,"Közigazgatás, védelem, kötelező társadalombiztosítás",P,"KÖZIGAZGATÁS, VÉDELEM; KÖTELEZŐ TÁRSADALOMBIZTOSÍTÁS",321,Helyi önkormányzat,32,Helyi önkormányzati költségvetési irányító és költségvetési szervek,3,Költségvetési szervek és költségvetési rend szerint gazdálkodó szervek,01,Budapest,11,Budapest,1,Közép-Magyarország,,,,-1.0957528957528957,-0.0815022815022814,13.444444444444445,2,13.9334016858656,1.0363687204362844,1,34,33
362,160033,hungaricana.hu,Magyar Nemzeti Múzeum Közgyűjteményi Központ,https://www.hungaricana.hu/hu/impresszum/,2026-01-02,15321226-2-42,https://oszk.hu/kapcsolat,2025-12-21,15321226 9121 312 01,2025-12-21,91.21,"Múzeumi, gyűjteményi tevékenység",91.2,"Múzeumi, gyűjteményi, történelmi helyszíni, műemléki tevékenységek",91,"Könyvtári, levéltári, múzeumi, egyéb kulturális tevékenység",S,"MŰVÉSZET, SPORT, SZABADIDŐ",312,Központi költségvetési szerv,31,Központi költségvetési irányító és költségvetési szervek,3,Költségvetési szervek és költségvetési rend szerint gazdálkodó szervek,01,Budapest,11,Budapest,1,Közép-Magyarország,,,,0,0,4,4,0,0,4,4,0
363,160397,valasztas.hu,Nemzeti Választási Iroda,https://www.valasztas.hu/impresszum,2026-01-02,15815563-1-41,https://ceginfo.hu//ceg-adatlap/nemzeti-valasztasi-iroda-0198003530.html,2026-01-02,15815563 8411 311 01,2026-01-02,84.11,Általános közigazgatás,84.1,Közigazgatás,84,"Közigazgatás, védelem, kötelező társadalombiztosítás",P,"KÖZIGAZGATÁS, VÉDELEM; KÖTELEZŐ TÁRSADALOMBIZTOSÍTÁS",311,Központi költségvetési irányító szerv,31,Központi költségvetési irányító és költségvetési szervek,3,Költségvetési szervek és költségvetési rend szerint gazdálkodó szervek,01,Budapest,11,Budapest,1,Közép-Magyarország,,,,-0.7938223938223938,-0.025289916971332954,31.38888888888889,37,12.412615190724953,0.3954461476691135,5,40,35
364,160782,termalfurdo.hu,Virtual Tour,https://www.termalfurdo.hu/impresszum,2026-01-02,13484705-2-04,https://www.termalfurdo.hu/impresszum,2026-01-02,13484705 6039 113 04,2026-01-02,60.39,Egyéb tartalomterjesztési tevékenység,60.3,Hírügynökségi és egyéb tartalomterjesztési tevékenység,60,"Műsor-összeállítás, műsorszolgáltatás, hírügynökségi és egyéb tartalomterjesztési tevékenység",J,"KIADÓI TEVÉKENYSÉG, MŰSORSZOLGÁLTATÁS, TARTALOMSZOLGÁLTATÁS ÉS -TERJESZTÉS",113,Korlátolt felelősségű társaság,11,Gazdasági társaság,1,Jogi személyiségű vállalkozás,04,Békés,70,Dél-Alföld,3,Alföld és Észak,,,,-0.04839124839124839,-0.0018935705892227238,25.555555555555557,26.5,3.7602769232707502,0.14714127091059456,19,33,14
365,162303,magyarkozlony.hu,Igazságügyi Minisztérium,https://magyarkozlony.hu/impresszum,2026-01-02,15300076-2-41,https://ceginfo.hu//ceg-adatlap/igazsaguegyi-miniszterium-0198000003.html,2026-01-02,15300076 8411 311 01,2026-01-02,84.11,Általános közigazgatás,84.1,Közigazgatás,84,"Közigazgatás, védelem, kötelező társadalombiztosítás",P,"KÖZIGAZGATÁS, VÉDELEM; KÖTELEZŐ TÁRSADALOMBIZTOSÍTÁS",311,Központi költségvetési irányító szerv,31,Központi költségvetési irányító és költségvetési szervek,3,Költségvetési szervek és költségvetési rend szerint gazdálkodó szervek,01,Budapest,11,Budapest,1,Közép-Magyarország,,,,0,0,29,29,0,0,29,29,0
366,162311,mti.hu,Duna Médiaszolgáltató Nonprofit,https://mti.hu/impresszum,2026-01-02,10324224-4-41,https://ceginfo.hu//ceg-adatlap/duna-mediaszolgaltato-nonprofit-zrt-0110041306.html,2025-12-21,10324224 6020 573 01,2025-12-21,60.20,"Televízióműsor összeállítása, szolgáltatása, videótartalom-terjesztés",60.2,"Televízióműsor összeállítása, szolgáltatása, videótartalom-terjesztés",60,"Műsor-összeállítás, műsorszolgáltatás, hírügynökségi és egyéb tartalomterjesztési tevékenység",J,"KIADÓI TEVÉKENYSÉG, MŰSORSZOLGÁLTATÁS, TARTALOMSZOLGÁLTATÁS ÉS -TERJESZTÉS",573,Nonprofit részvénytársaság,57,Nonprofit gazdasági társaság,5,Jogi személyiségű nonprofit szervezet,01,Budapest,11,Budapest,1,Közép-Magyarország,,,,-0.008365508365508366,-0.0009098438101459459,9.194444444444445,9,1.1166133604902806,0.12144435340679789,8,11,3
368,162920,ininet.hu,ININET Internet,https://ininet.hu/altalanos-szerzodesi-feltetelek,2026-01-02,23537646-2-42,https://ceginfo.hu//ceg-adatlap/ininet-internet-kft-0109970252.html,2026-01-02,23537646 6310 113 01,2026-01-02,63.10,"Számítástechnikai infrastruktúra, adatfeldolgozás, tárhelyszolgáltatás és kapcsolódó szolgáltatások",63.1,"Számítástechnikai infrastruktúra, adatfeldolgozás, tárhelyszolgáltatás és kapcsolódó szolgáltatások",63,"Számítástechnikai infrastruktúra, adatfeldolgozás, tárhelyszolgáltatás és egyéb információs szolgáltatási tevékenységek",K,"TÁVKÖZLÉS, SZÁMÍTÓGÉPES PROGRAMOZÁS, INFORMÁCIÓTECHNOLÓGIAI SZAKTANÁCSADÁS, SZÁMÍTÁSTECHNIKAI INFRASTRUKTÚRA ÉS EGYÉB INFORMÁCIÓS SZOLGÁLTATÁSOK",113,Korlátolt felelősségű társaság,11,Gazdasági társaság,1,Jogi személyiségű vállalkozás,01,Budapest,11,Budapest,1,Közép-Magyarország,,,,0.9021879021879022,0.01231188949157104,73.27777777777777,88.5,25.797686619552437,0.3520533427990477,1,91,90
369,164376,haldorado.hu,HALDORÁDÓ TEAM,https://www.haldorado.hu/vasarlasi-feltetelek,2026-01-02,14871632-2-03,https://www.haldorado.hu/vasarlasi-feltetelek,2026-01-02,14871632 4764 113 03,2026-01-02,47.64,Játék-kiskereskedelem,47.6,"Kulturális, szabadidős cikk kiskereskedelme",47,Kiskereskedelem,G,KERESKEDELEM,113,Korlátolt felelősségű társaság,11,Gazdasági társaság,1,Jogi személyiségű vállalkozás,03,Bács-Kiskun,70,Dél-Alföld,3,Alföld és Észak,,,,-0.06332046332046332,-0.0017864707519879561,35.44444444444444,34,3.442959229205053,0.0971367807612711,33,43,10
370,164889,bankmonitor.hu,Bankmonitor,https://bankmonitor.hu/jogi-nyilatkozat/,2026-01-02,23745025-2-41,https://ceginfo.hu//ceg-adatlap/bankmonitor-kft-0109976265.html,2026-01-02,23745025 7020 113 01,2026-01-02,70.20,"Üzletviteli, egyéb üzletvezetési tanácsadás",70.2,"Üzletviteli, egyéb üzletvezetési tanácsadás",70,"Üzletvezetés, üzletvezetési tanácsadás",N,"SZAKMAI, TUDOMÁNYOS, MŰSZAKI TEVÉKENYSÉG",113,Korlátolt felelősségű társaság,11,Gazdasági társaság,1,Jogi személyiségű vállalkozás,01,Budapest,11,Budapest,1,Közép-Magyarország,,,,-0.2178893178893179,-0.00882341444771142,24.694444444444443,24.5,6.373245167750412,0.2580841687727951,10,33,23
371,165144,szepmuveszeti.hu,Szépművészeti Múzeum,https://www.szepmuveszeti.hu,2026-01-02,15321202-2-42,https://ceginfo.hu//ceg-adatlap/szepmuveszeti-muzeum-0198000185.html,2026-01-02,15321202 9121 312 01,2026-01-02,91.21,"Múzeumi, gyűjteményi tevékenység",91.2,"Múzeumi, gyűjteményi, történelmi helyszíni, műemléki tevékenységek",91,"Könyvtári, levéltári, múzeumi, egyéb kulturális tevékenység",S,"MŰVÉSZET, SPORT, SZABADIDŐ",312,Központi költségvetési szerv,31,Központi költségvetési irányító és költségvetési szervek,3,Költségvetési szervek és költségvetési rend szerint gazdálkodó szervek,01,Budapest,11,Budapest,1,Közép-Magyarország,,,,-0.0028314028314028314,-0.0003126702513206259,9.055555555555555,9,0.33333333333333315,0.03680981595092023,9,11,2
372,165712,mediaworks.hu,Mediaworks Hungary,https://mediaworks.hu/,2026-01-02,24785725-2-44,https://videa.hu/szolgaltato_adatai,2025-07-04,24785725 5812 114 01,2025-12-21,58.12,Napilapkiadás,58.1,"Könyv-, napilapkiadás, egyéb kiadói tevékenység (kivéve: szoftverkiadás)",58,Kiadói tevékenység,J,"KIADÓI TEVÉKENYSÉG, MŰSORSZOLGÁLTATÁS, TARTALOMSZOLGÁLTATÁS ÉS -TERJESZTÉS",114,Részvénytársaság,11,Gazdasági társaság,1,Jogi személyiségű vállalkozás,01,Budapest,11,Budapest,1,Közép-Magyarország,,,,0.02972972972972973,0.0023419480749896906,12.694444444444445,13,0.4671765921511566,0.036801657149762884,12,13,1
373,165956,katasztrofavedelem.hu,Belügyminisztérium Országos Katasztrófavédelmi Főigazgatóság,https://katasztrofavedelem.hu/lablec/impresszum,2026-01-02,15722720-2-51,https://ceginfo.hu//ceg-adatlap/beluegyminiszterium-orszagos-katasztrofavedelmi-foigazgatosag-0198003131.html,2026-01-02,15722720 8425 312 01,2026-01-02,84.25,Tűzvédelem,84.2,Társadalmi közszolgáltatás,84,"Közigazgatás, védelem, kötelező társadalombiztosítás",P,"KÖZIGAZGATÁS, VÉDELEM; KÖTELEZŐ TÁRSADALOMBIZTOSÍTÁS",312,Központi költségvetési szerv,31,Központi költségvetési irányító és költségvetési szervek,3,Költségvetési szervek és költségvetési rend szerint gazdálkodó szervek,01,Budapest,11,Budapest,1,Közép-Magyarország,,,,0.003732303732303732,0.0017915057915056708,2.0833333333333335,2,0.28030595529069396,0.1345468585395331,2,3,1
374,166924,connectmedia.hu,4iG Távközlési Holding,https://www.ahmedia.hu/hu/hirek/ertesites-jogutodlasrol,2026-01-02,10834730-2-44,https://ceginfo.hu//ceg-adatlap/4ig-tavkoezlesi-holding-zrt-0110042190.html,2026-01-02,10834730 6421 114 01,2026-01-02,64.21,Vagyonkezelés (holding),64.2,"Vagyonkezelés (holding), csoportfinanszírozás",64,"Pénzügyi szolgáltatás (kivéve: biztosítási, nyugdíjpénztári tevékenység)",L,"PÉNZÜGYI, BIZTOSÍTÁSI TEVÉKENYSÉG",114,Részvénytársaság,11,Gazdasági társaság,1,Jogi személyiségű vállalkozás,01,Budapest,11,Budapest,1,Közép-Magyarország,,,,0.021235521235521235,0.0033094318808604673,6.416666666666667,9,3.4999999999999996,0.5454545454545454,0,9,9
378,171324,sokakcio.hu,Paratlan.hu,https://sokakcio.hu/adatkezelesi-tajekoztato,2026-01-02,23051423-1-42,https://sokakcio.hu/adatkezelesi-tajekoztato,2026-01-02,23051423 6210 113 01,2026-01-02,62.10,Számítógépes programozás,62.1,Számítógépes programozás,62,Információtechnológiai szolgáltatás,K,"TÁVKÖZLÉS, SZÁMÍTÓGÉPES PROGRAMOZÁS, INFORMÁCIÓTECHNOLÓGIAI SZAKTANÁCSADÁS, SZÁMÍTÁSTECHNIKAI INFRASTRUKTÚRA ÉS EGYÉB INFORMÁCIÓS SZOLGÁLTATÁSOK",113,Korlátolt felelősségű társaság,11,Gazdasági társaság,1,Jogi személyiségű vállalkozás,01,Budapest,11,Budapest,1,Közép-Magyarország,,,,-0.10154440154440154,-0.008251915249657881,12.305555555555555,13,1.9096663050976725,0.15518732953389663,7,13,6
379,171360,szex24.hu,,,,,,,,,,,,,,,,,,,,,,,,,,,,,,,,-0.009781209781209782,-0.001231201231201218,7.944444444444445,8,1.771914935791936,0.2230382436661178,5,12,7
380,172042,sugarshop.hu,Horváth Cukrászda,https://sugarshop.hu/wp-content/uploads/2025/06/aszf-magyar.pdf,2026-01-02,13403740-2-41,https://ceginfo.hu//ceg-adatlap/horvath-cukraszda-vendeglatoipari-es-kereskedelmi-kft-0109733469.html,2026-01-02,13403740 5611 113 01,2026-01-02,56.11,Éttermi vendéglátás,56.1,"Éttermi, mozgó vendéglátás",56,Vendéglátás,I,"SZÁLLÁSHELY-SZOLGÁLTATÁS, VENDÉGLÁTÁS",113,Korlátolt felelősségű társaság,11,Gazdasági társaság,1,Jogi személyiségű vállalkozás,01,Budapest,11,Budapest,1,Közép-Magyarország,,,,-0.01891891891891892,-0.00019387448934843557,97.58333333333333,98,0.8742343589025278,0.008958849109163393,96,99,3
381,172437,stipendiumhungaricum.hu,Tempus Közalapítvány,https://stipendiumhungaricum.hu,2026-01-02,18154180-2-42,https://ceginfo.hu//ceg-adatlap/tempus-koezalapitvany-0199008842.html,2026-01-01,18154180 9499 561 01,2026-01-01,94.99,"M.n.s. egyéb közösségi, társadalmi tevékenység",94.9,"Egyéb közösségi, társadalmi tevékenység",94,Érdekképviselet,T,EGYÉB SZOLGÁLTATÁS,561,Közalapítvány,56,"Alapítvány, jogi személyiségű intézménye és szervezeti egysége",5,Jogi személyiségű nonprofit szervezet,01,Budapest,11,Budapest,1,Közép-Magyarország,,,,0,0,27,27,0,0,27,27,0
382,173267,jegymester.hu,Jegymester,https://jegymester.hu/static/aszf,2026-01-02,12033791-2-42,https://ceginfo.hu//ceg-adatlap/jegymester-kereskedelmi-es-szolgaltato-kft-0109369537.html,2026-01-02,12033791 8240 113 01,2026-01-02,82.40,Egyéb üzletmenetet támogató szolgáltatás közvetítése,82.4,Egyéb üzletmenetet támogató szolgáltatás közvetítése,82,"Adminisztratív, irodai és egyéb üzletmenetet támogató szolgáltatás",O,ADMINISZTRATÍV ÉS SZOLGÁLTATÁST TÁMOGATÓ TEVÉKENYSÉG,113,Korlátolt felelősségű társaság,11,Gazdasági társaság,1,Jogi személyiségű vállalkozás,01,Budapest,11,Budapest,1,Közép-Magyarország,,,,-1.9431145431145431,-0.09964689964689946,19.5,7,42.67518516153654,2.1884710339249507,4,160,156
384,174580,ppke.hu,Pázmány Péter Katolikus Egyetem,https://ppke.hu/,2026-01-02,18055342-2-42,https://ceginfo.hu//ceg-adatlap/pazmany-peter-katolikus-egyetem-0199003299.html,2026-01-02,18055342 8540 552 01,2026-01-02,85.40,Felsőoktatás,85.4,Felsőoktatás,85,Oktatás,Q,OKTATÁS,552,Bevett egyház elsődlegesen közfeladatot ellátó belső egyházi jogi személye,55,Egyházi jogi személy,5,Jogi személyiségű nonprofit szervezet,01,Budapest,11,Budapest,1,Közép-Magyarország,,,,0.1918918918918919,0.006726492802442182,28.52777777777778,28,4.3390987287428455,0.15210083177676964,21,37,16
385,174766,csaladinet.hu,Családi Háló Közhasznú Alapítvány,https://www.csaladinet.hu/,2026-01-02,18195682-2-42,https://www.csaladinet.hu/static/csaladinet_static_impresszum,2026-01-02,18195682 9499 569 01,2026-01-02,94.99,"M.n.s. egyéb közösségi, társadalmi tevékenység",94.9,"Egyéb közösségi, társadalmi tevékenység",94,Érdekképviselet,T,EGYÉB SZOLGÁLTATÁS,569,Egyéb alapítvány,56,"Alapítvány, jogi személyiségű intézménye és szervezeti egysége",5,Jogi személyiségű nonprofit szervezet,01,Budapest,11,Budapest,1,Közép-Magyarország,,,,-0.04221364221364221,-0.00032388983795643086,130.33333333333334,130,1.3522468075656258,0.01037529519871324,127,133,6
386,175941,atmedia.hu,atmedia,https://atmedia.hu,2026-01-02,11674199-2-44,https://ceginfo.hu//ceg-adatlap/atmedia-kft-0109929668.html,2026-01-02,11674199 7312 113 01,2026-01-02,73.12,Médiareklám,73.1,Reklám,73,"Reklám, piackutatás, PR-tevékenység",N,"SZAKMAI, TUDOMÁNYOS, MŰSZAKI TEVÉKENYSÉG",113,Korlátolt felelősségű társaság,11,Gazdasági társaság,1,Jogi személyiségű vállalkozás,01,Budapest,11,Budapest,1,Közép-Magyarország,,,,0,0,1,1,0,0,1,1,0
387,176151,nmhh.hu,NMHH,https://nmhh.hu/,2026-01-02,15775883-2-41,https://ceginfo.hu//ceg-adatlap/nemzeti-media-es-hirkoezlesi-hatosag-0198003230.html,2026-01-02,15775883 8413 381 01,2026-01-02,84.13,"Üzleti élet szabályozása, hatékonyságának ösztönzése",84.1,Közigazgatás,84,"Közigazgatás, védelem, kötelező társadalombiztosítás",P,"KÖZIGAZGATÁS, VÉDELEM; KÖTELEZŐ TÁRSADALOMBIZTOSÍTÁS",381,"Költségvetési rend szerint gazdálkodó, központi költségvetési körbe tartozó szerv",38,Költségvetési rend szerint gazdálkodó egyéb szervek,3,Költségvetési szervek és költségvetési rend szerint gazdálkodó szervek,01,Budapest,11,Budapest,1,Közép-Magyarország,,,,0.04633204633204633,0.012636012636012614,3.6666666666666665,4,0.7559289460184542,0.20616243982321478,2,4,2
388,177352,mimi.hu,,,,,,,,,,,,,,,,,,,,,,,,,,,,,,,,-0.16357786357786358,-0.008963170607006136,18.25,21,7.028005203673169,0.3850961755437353,1,22,21
389,178015,zt.hu,ZNET Telekom,https://zt.hu/storage/feltoltesek/Dokumentumtar/ASZF/20250401/ZNET.ASZF.Torzsszoveg.2025.04.01.pdf,2026-01-02,25134270-2-20,https://ceginfo.hu//ceg-adatlap/znet-telekom-zrt-2010040332.html,2026-01-02,25134270 6110 114 20,2026-01-02,61.10,"Vezetékes, vezeték nélküli és műholdas távközlés",61.1,"Vezetékes, vezeték nélküli és műholdas távközlés",61,Távközlés,K,"TÁVKÖZLÉS, SZÁMÍTÓGÉPES PROGRAMOZÁS, INFORMÁCIÓTECHNOLÓGIAI SZAKTANÁCSADÁS, SZÁMÍTÁSTECHNIKAI INFRASTRUKTÚRA ÉS EGYÉB INFORMÁCIÓS SZOLGÁLTATÁSOK",114,Részvénytársaság,11,Gazdasági társaság,1,Jogi személyiségű vállalkozás,20,Zala,30,Nyugat-Dunántúl,2,Dunántúl,,,,0.16833976833976835,0.002516707500096198,66.88888888888889,68,2.583218123391031,0.03861954005069648,62,69,7
390,178140,minicrm.hu,MiniCRM,https://www.minicrm.hu/altalanos-szerzodesi-feltetelek/,2026-01-02,23982273-2-42,https://www.minicrm.hu/altalanos-szerzodesi-feltetelek/,2026-01-02,23982273 6210 114 01,2026-01-02,62.10,Számítógépes programozás,62.1,Számítógépes programozás,62,Információtechnológiai szolgáltatás,K,"TÁVKÖZLÉS, SZÁMÍTÓGÉPES PROGRAMOZÁS, INFORMÁCIÓTECHNOLÓGIAI SZAKTANÁCSADÁS, SZÁMÍTÁSTECHNIKAI INFRASTRUKTÚRA ÉS EGYÉB INFORMÁCIÓS SZOLGÁLTATÁSOK",114,Részvénytársaság,11,Gazdasági társaság,1,Jogi személyiségű vállalkozás,01,Budapest,11,Budapest,1,Közép-Magyarország,,,,-0.011325611325611325,-0.0012741312741312532,8.88888888888889,9,0.31872762915583835,0.035856858280031816,8,9,1
391,178453,hwsw.hu,HW SW,https://www.hwsw.hu/oldal/impresszum,2026-01-02,20613491-2-41,https://ceginfo.hu//ceg-adatlap/hw-sw-szamitastechnikai-szolgaltato-es-kereskedelmi-bt-0106730269.html,2026-01-02,20613491 4778 117 01,2026-01-02,47.78,Egyéb új áru kiskereskedelme,47.7,"Egyéb áruk kiskereskedelme (kivéve: gépjármű, motorkerékpár)",47,Kiskereskedelem,G,KERESKEDELEM,117,Betéti társaság,11,Gazdasági társaság,1,Jogi személyiségű vállalkozás,01,Budapest,11,Budapest,1,Közép-Magyarország,,,,0.02651222651222651,0.0007296943076759273,36.333333333333336,36.5,1.1464230084422222,0.031552926837859326,34,38,4
392,178539,bazilikabudapest.hu,SZENT ISTVÁN BAZILIKA PLÉBÁNIA HIVATAL,https://bazilikabudapest.hu/hivatali-nyitvatartas/,2026-01-02,19818719-2-41,https://bazilikabudapest.hu/hivatali-nyitvatartas/,2026-01-02,19818719 9491 555 01,2026-01-02,94.91,Egyházi tevékenység,94.9,"Egyéb közösségi, társadalmi tevékenység",94,Érdekképviselet,T,EGYÉB SZOLGÁLTATÁS,555,Bevett egyház elsődlegesen vallási tevékenységet végző belső egyházi jogi személye,55,Egyházi jogi személy,5,Jogi személyiségű nonprofit szervezet,01,Budapest,11,Budapest,1,Közép-Magyarország,,,,-0.06126126126126126,-0.0009863172653869416,62.111111111111114,62,0.7847757742648633,0.012635030354890464,61,63,2
393,179841,aqua.hu,Aqua Hungary,https://aqua.hu/aszf.html,2026-01-02,32930212-2-13,https://aqua.hu/aszf.html,2026-01-02,32930212 4740 113 13,2026-01-02,47.40,"Információs, híradástechnikai termék kiskereskedelme",47.4,"Információs, híradástechnikai termék kiskereskedelme",47,Kiskereskedelem,G,KERESKEDELEM,113,Korlátolt felelősségű társaság,11,Gazdasági társaság,1,Jogi személyiségű vállalkozás,13,Pest,12,Pest,1,Közép-Magyarország,,,,-5.916602316602317,-0.021147506294448285,279.77777777777777,328,91.83560190785367,0.3282448042774754,6,382,376
394,179863,kutyubazar.hu,Schenopol,https://kutyubazar.hu/shop_help.php?tab=terms,2026-01-02,25119064-2-15,https://kutyubazar.hu/shop_help.php?tab=terms,2026-01-02,25119064 4712 113 15,2026-01-02,47.12,Iparcikk jellegű vegyes kiskereskedelem,47.1,Vegyes termékkörű kiskereskedelem,47,Kiskereskedelem,G,KERESKEDELEM,113,Korlátolt felelősségű társaság,11,Gazdasági társaság,1,Jogi személyiségű vállalkozás,15,Szabolcs-Szatmár-Bereg,60,Észak-Alföld,3,Alföld és Észak,,,,-0.054954954954954956,-0.003643422427952833,15.083333333333334,14,8.72230310345676,0.5782742389032106,7,46,39
395,181087,utcakereso.hu,YORN,https://utcakereso.hu/story.php,2026-01-02,13320690-2-43,https://utcakereso.hu/story.php,2026-01-02,13320690 6120 113 01,2026-01-02,61.20,"Távközlés viszonteladása, közvetítése",61.2,"Távközlés viszonteladása, közvetítése",61,Távközlés,K,"TÁVKÖZLÉS, SZÁMÍTÓGÉPES PROGRAMOZÁS, INFORMÁCIÓTECHNOLÓGIAI SZAKTANÁCSADÁS, SZÁMÍTÁSTECHNIKAI INFRASTRUKTÚRA ÉS EGYÉB INFORMÁCIÓS SZOLGÁLTATÁSOK",113,Korlátolt felelősségű társaság,11,Gazdasági társaság,1,Jogi személyiségű vállalkozás,01,Budapest,11,Budapest,1,Közép-Magyarország,,,,0,0,21,21,0,0,21,21,0
397,182646,fotav.hu,BKM Budapesti Közművek Nonprofit,https://fotav.budapestikozmuvek.hu/impresszum,2026-01-02,10941362-2-44,https://ceginfo.hu//ceg-adatlap/bkm-budapesti-koezmuvek-nonprofit-zrt-0110042582.html,2026-01-02,10941362 3530 573 01,2026-01-02,35.30,"Gőzellátás, légkondicionálás",35.3,"Gőzellátás, légkondicionálás",35,"Villamosenergia-, gáz-, gőzellátás, légkondicionálás",D,"VILLAMOSENERGIA-, GÁZ-, GŐZELLÁTÁS, LÉGKONDICIONÁLÁS",573,Nonprofit részvénytársaság,57,Nonprofit gazdasági társaság,5,Jogi személyiségű nonprofit szervezet,01,Budapest,11,Budapest,1,Közép-Magyarország,,,,0,0,19,19,0,0,19,19,0
398,183370,bhc.hu,Budai Egészségközpont,https://bhc.hu/,2026-01-02,27714933-2-43,https://ceginfo.hu//ceg-adatlap/budai-egeszsegkoezpont-zrt-0110141707.html,2026-01-02,27714933 8610 114 01,2026-01-02,86.10,Fekvőbeteg-ellátás,86.1,Fekvőbeteg-ellátás,86,Humánegészségügyi ellátás,R,"HUMÁNEGÉSZSÉGÜGYI, SZOCIÁLIS ELLÁTÁS",114,Részvénytársaság,11,Gazdasági társaság,1,Jogi személyiségű vállalkozás,01,Budapest,11,Budapest,1,Közép-Magyarország,,,,0.2583011583011583,0.019997509029767088,12.916666666666666,15,3.4006301936972974,0.2632745956410811,9,16,7
399,185130,nethely.hu,Nethely,https://www.nethely.hu/impresszum,2026-01-02,23358005-2-43,https://www.nethely.hu/impresszum,2026-01-02,23358005 6310 113 01,2026-01-02,63.10,"Számítástechnikai infrastruktúra, adatfeldolgozás, tárhelyszolgáltatás és kapcsolódó szolgáltatások",63.1,"Számítástechnikai infrastruktúra, adatfeldolgozás, tárhelyszolgáltatás és kapcsolódó szolgáltatások",63,"Számítástechnikai infrastruktúra, adatfeldolgozás, tárhelyszolgáltatás és egyéb információs szolgáltatási tevékenységek",K,"TÁVKÖZLÉS, SZÁMÍTÓGÉPES PROGRAMOZÁS, INFORMÁCIÓTECHNOLÓGIAI SZAKTANÁCSADÁS, SZÁMÍTÁSTECHNIKAI INFRASTRUKTÚRA ÉS EGYÉB INFORMÁCIÓS SZOLGÁLTATÁSOK",113,Korlátolt felelősségű társaság,11,Gazdasági társaság,1,Jogi személyiségű vállalkozás,01,Budapest,11,Budapest,1,Közép-Magyarország,,,,0.13256113256113256,0.005708374129426661,23.22222222222222,24,1.5695515485297262,0.06758834419505998,21,25,4
400,186584,rackhost.hu,Rackhost,https://www.rackhost.hu/terms,2026-01-02,25333572-2-06,https://www.rackhost.hu/terms,2026-01-02,25333572 6310 114 06,2026-01-02,63.10,"Számítástechnikai infrastruktúra, adatfeldolgozás, tárhelyszolgáltatás és kapcsolódó szolgáltatások",63.1,"Számítástechnikai infrastruktúra, adatfeldolgozás, tárhelyszolgáltatás és kapcsolódó szolgáltatások",63,"Számítástechnikai infrastruktúra, adatfeldolgozás, tárhelyszolgáltatás és egyéb információs szolgáltatási tevékenységek",K,"TÁVKÖZLÉS, SZÁMÍTÓGÉPES PROGRAMOZÁS, INFORMÁCIÓTECHNOLÓGIAI SZAKTANÁCSADÁS, SZÁMÍTÁSTECHNIKAI INFRASTRUKTÚRA ÉS EGYÉB INFORMÁCIÓS SZOLGÁLTATÁSOK",114,Részvénytársaság,11,Gazdasági társaság,1,Jogi személyiségű vállalkozás,06,Csongrád-Csanád,70,Dél-Alföld,3,Alföld és Észak,,,,0.16216216216216217,0.0013310163788959855,121.83333333333333,123,2.6457513110645894,0.021716153031993896,116,123,7
401,187821,inda.hu,Indamedia Support,https://inda.hu/,2026-01-02,14307544-2-41,https://ceginfo.hu//ceg-adatlap/indamedia-support-zrt-0110045996.html,2026-01-02,14307544 6391 114 01,2026-01-02,63.91,Internetes keresőportállal kapcsolatos tevékenységek,63.9,Internetes keresőportállal kapcsolatos tevékenységek és egyéb információs szolgáltatás,63,"Számítástechnikai infrastruktúra, adatfeldolgozás, tárhelyszolgáltatás és egyéb információs szolgáltatási tevékenységek",K,"TÁVKÖZLÉS, SZÁMÍTÓGÉPES PROGRAMOZÁS, INFORMÁCIÓTECHNOLÓGIAI SZAKTANÁCSADÁS, SZÁMÍTÁSTECHNIKAI INFRASTRUKTÚRA ÉS EGYÉB INFORMÁCIÓS SZOLGÁLTATÁSOK",114,Részvénytársaság,11,Gazdasági társaság,1,Jogi személyiségű vállalkozás,01,Budapest,11,Budapest,1,Közép-Magyarország,,,,0,0,6,6,0,0,6,6,0
403,188407,szerencsejatek.hu,Szerencsejáték,https://bet.szerencsejatek.hu/impresszum,2026-01-02,10580204-2-44,https://ceginfo.hu//ceg-adatlap/szerencsejatek-zrt-0110041628.html,2025-12-21,10580204 9200 114 01,2025-12-21,92.00,"Szerencsejáték, fogadás",92.0,"Szerencsejáték, fogadás",92,"Szerencsejáték, fogadás",S,"MŰVÉSZET, SPORT, SZABADIDŐ",114,Részvénytársaság,11,Gazdasági társaság,1,Jogi személyiségű vállalkozás,01,Budapest,11,Budapest,1,Közép-Magyarország,,,,0.24826254826254826,0.001884345717362824,131.75,131,3.0833655081976348,0.02340315376241089,126,138,12
404,189446,kh.hu,K&H Bank,https://www.kh.hu/bank,2026-01-02,10195664-4-44,https://ceginfo.hu//ceg-adatlap/kereskedelmi-es-hitelbank-zrt-0110041043.html,2026-01-02,10195664 6419 114 01,2026-01-02,64.19,Egyéb monetáris közvetítés,64.1,Monetáris közvetítés,64,"Pénzügyi szolgáltatás (kivéve: biztosítási, nyugdíjpénztári tevékenység)",L,"PÉNZÜGYI, BIZTOSÍTÁSI TEVÉKENYSÉG",114,Részvénytársaság,11,Gazdasági társaság,1,Jogi személyiségű vállalkozás,01,Budapest,11,Budapest,1,Közép-Magyarország,,,,0.1981981981981982,0.0014615188724160296,135.61111111111111,138,6.925224195557152,0.0510667904629368,105,140,35
405,189799,rosszlanyok.hu,NETRLX MÉDIA,https://rosszlanyok.hu/legal/Altalanos_Szerzodesi_Feltetelek.pdf,2026-01-02,23179794-2-41,https://ceginfo.hu//ceg-adatlap/netrlx-media-kft-0109956732.html,2026-01-01,23179794 6039 113 01,2026-01-01,60.39,Egyéb tartalomterjesztési tevékenység,60.3,Hírügynökségi és egyéb tartalomterjesztési tevékenység,60,"Műsor-összeállítás, műsorszolgáltatás, hírügynökségi és egyéb tartalomterjesztési tevékenység",J,"KIADÓI TEVÉKENYSÉG, MŰSORSZOLGÁLTATÁS, TARTALOMSZOLGÁLTATÁS ÉS -TERJESZTÉS",113,Korlátolt felelősségű társaság,11,Gazdasági társaság,1,Jogi személyiségű vállalkozás,01,Budapest,11,Budapest,1,Közép-Magyarország,,,,0,0,25,25,0,0,25,25,0
406,190587,hun-ren.hu,HUN-REN Számítástechnikai és Automatizálási Kutatóintézet,https://hun-ren.hu/kommunikacios-foosztaly/impresszum-107683,2026-01-02,19426244-2-43,https://ceginfo.hu//ceg-adatlap/hun-ren-szamitastechnikai-es-automatizalasi-kutatointezet-0199045043.html,2025-12-23,19426244 7210 599 01,2025-12-23,72.10,"Természettudományi, műszaki kutatás, kísérleti fejlesztés",72.1,"Természettudományi, műszaki kutatás, kísérleti fejlesztés",72,"Tudományos kutatás, fejlesztés",N,"SZAKMAI, TUDOMÁNYOS, MŰSZAKI TEVÉKENYSÉG",599,"Egyéb, jogi személyiségű nonprofit szervezet",59,"Egyéb, jogi személyiségű nonprofit szervezet",5,Jogi személyiségű nonprofit szervezet,01,Budapest,11,Budapest,1,Közép-Magyarország,,,,0.06151866151866152,0.0012155169125530943,50.611111111111114,51.5,2.369783326777581,0.046823380770577884,46,53,7
408,194299,dmkert.hu,DMKert Általános Vállalkozási Korlátolt Felelősségű Társaság,https://dmkert.hu/aszf,2026-01-02,13798857-2-02,https://ceginfo.hu//ceg-adatlap/dmkert-altalanos-vallalkozasi-kft-0209070984.html,2026-01-02,13798857 4622 113 02,2026-01-02,46.22,"Virág, növény nagykereskedelme",46.2,"Mezőgazdasági nyersanyag, élő állat nagykereskedelme",46,Nagykereskedelem,G,KERESKEDELEM,113,Korlátolt felelősségű társaság,11,Gazdasági társaság,1,Jogi személyiségű vállalkozás,02,Baranya,40,Dél-Dunántúl,2,Dunántúl,,,,-0.07927927927927927,-0.0024603914259085373,32.22222222222222,33,0.9888264649460885,0.03068771787763723,31,33,2
409,196216,audischule.hu,Audi Hungaria Iskolaközpont Győr,https://www.audischule.hu/impresszum,2026-01-02,18292301-2-08,https://ceginfo.hu//ceg-adatlap/audi-hungaria-iskolakoezpont-gyor-0899004834.html,2026-01-02,18292301 8520 562 08,2026-01-02,85.20,Alapfokú oktatás,85.2,Alapfokú oktatás,85,Oktatás,Q,OKTATÁS,562,Közalapítvány önálló intézménye,56,"Alapítvány, jogi személyiségű intézménye és szervezeti egysége",5,Jogi személyiségű nonprofit szervezet,08,Győr-Moson-Sopron,30,Nyugat-Dunántúl,2,Dunántúl,,,,0.030244530244530245,0.0015059517134207098,20.083333333333332,20,1.079020720044668,0.053727172782307125,18,24,6
411,196526,chemark.hu,Chemark,https://www.chemark.hu/en/impressum-e,2026-01-02,26372185-2-19,https://www.chemark.hu/en/impressum-e,2026-01-02,26372185 2020 114 19,2026-01-02,20.20,Mezőgazdasági vegyi termék gyártása,20.2,Mezőgazdasági vegyi termék gyártása,20,"Vegyi anyag, termék gyártása",C,FELDOLGOZÓIPAR,114,Részvénytársaság,11,Gazdasági társaság,1,Jogi személyiségű vállalkozás,19,Veszprém,20,Közép-Dunántúl,2,Dunántúl,,,,0,0,12,12,0,0,12,12,0
412,196873,egis.hu,Egis Gyógyszergyár,https://hu.egis.health/impresszum,2026-01-02,10686506-2-44,https://hu.egis.health/impresszum,2026-01-02,10686506 2120 114 01,2026-01-02,21.20,Gyógyszerkészítmény gyártása,21.2,Gyógyszerkészítmény gyártása,21,Gyógyszergyártás,C,FELDOLGOZÓIPAR,114,Részvénytársaság,11,Gazdasági társaság,1,Jogi személyiségű vállalkozás,01,Budapest,11,Budapest,1,Közép-Magyarország,,,,0.1963963963963964,0.003855109198620761,50.94444444444444,52.5,2.292153627915951,0.044993200984173524,48,53,5
415,200119,cafeblog.hu,Central Médiacsoport,https://cafeblog.hu/,2026-01-02,25087910-2-41,https://24.hu/impresszum/,2025-07-04,25087910 5813 114 01,2025-12-21,58.13,"Folyóirat, időszaki kiadvány kiadása",58.1,"Könyv-, napilapkiadás, egyéb kiadói tevékenység (kivéve: szoftverkiadás)",58,Kiadói tevékenység,J,"KIADÓI TEVÉKENYSÉG, MŰSORSZOLGÁLTATÁS, TARTALOMSZOLGÁLTATÁS ÉS -TERJESZTÉS",114,Részvénytársaság,11,Gazdasági társaság,1,Jogi személyiségű vállalkozás,01,Budapest,11,Budapest,1,Közép-Magyarország,,,,-0.006048906048906049,-0.0000448898408081944,134.75,135,0.9373214115613857,0.006956003054258892,131,135,4
416,201214,wawona.hu,WAWONA Internet,https://whosting.hu/oldal/altalanos-szerzodesi-feltetelek/,2026-01-02,13696164-2-02,https://ceginfo.hu//ceg-adatlap/wawona-internet-informatikai-es-szolgaltato-kft-felszamolas-alatt-0209070665.html,2026-01-02,13696164 6210 113 02,2026-01-02,62.10,Számítógépes programozás,62.1,Számítógépes programozás,62,Információtechnológiai szolgáltatás,K,"TÁVKÖZLÉS, SZÁMÍTÓGÉPES PROGRAMOZÁS, INFORMÁCIÓTECHNOLÓGIAI SZAKTANÁCSADÁS, SZÁMÍTÁSTECHNIKAI INFRASTRUKTÚRA ÉS EGYÉB INFORMÁCIÓS SZOLGÁLTATÁSOK",113,Korlátolt felelősségű társaság,11,Gazdasági társaság,1,Jogi személyiségű vállalkozás,02,Baranya,40,Dél-Dunántúl,2,Dunántúl,,,,-0.04504504504504504,-0.0015155342258145576,29.72222222222222,30,1.6666666666666667,0.05607476635514019,20,30,10
417,201388,nemzetiutdij.hu,Nemzeti Útdíjfizetési Szolgáltató,https://nemzetiutdij.hu/hu,2026-01-02,12147715-2-44,https://ceginfo.hu//ceg-adatlap/nemzeti-utdijfizetesi-szolgaltato-zrt-0110043108.html,2026-01-02,12147715 5221 114 01,2026-01-02,52.21,Szárazföldi szállítást kiegészítő szolgáltatás,52.2,Szállítást kiegészítő tevékenység,52,"Raktározás, tárolás, szállítást kiegészítő tevékenység",H,"SZÁLLÍTÁS, RAKTÁROZÁS",114,Részvénytársaság,11,Gazdasági társaság,1,Jogi személyiségű vállalkozás,01,Budapest,11,Budapest,1,Közép-Magyarország,,,,-0.11853281853281854,-0.010857968109876442,10.916666666666666,10,1.6966353257466456,0.15541697640427288,6,13,7
418,201641,tordasielmenyfalu.hu,Három Sziget Kalandpark,https://tordasielmenyfalu.hu/wp-content/uploads/2025/04/felhasznalasi-feltetelek.pdf,2026-01-02,22779229-2-41,https://ceginfo.hu//ceg-adatlap/harom-sziget-kalandpark-szolgaltato-kft-0109943178.html,2026-01-02,22779229 9329 113 01,2026-01-02,93.29,"M.n.s. szórakoztatás, szabadidős tevékenység",93.2,"Egyéb szórakoztatás, szabadidős tevékenység",93,"Sport-, szórakoztató, szabadidős tevékenység",S,"MŰVÉSZET, SPORT, SZABADIDŐ",113,Korlátolt felelősségű társaság,11,Gazdasági társaság,1,Jogi személyiségű vállalkozás,01,Budapest,11,Budapest,1,Közép-Magyarország,,,,0.044272844272844274,0.0041942694574274185,10.555555555555555,10,1.0266295602447137,0.0972596425494992,9,13,4
419,202108,lezermindenkinek.hu,RBA Info Hungary,https://lezermindenkinek.hu/,2026-01-02,27973356-2-43,https://lezermindenkinek.hu/,2026-01-02,27973356 6220 113 01,2026-01-02,62.20,"Információtechnológiai szaktanácsadás és számítástechnikai eszközök, rendszerek üzemeltetése",62.2,"Információtechnológiai szaktanácsadás és számítástechnikai eszközök, rendszerek üzemeltetése",62,Információtechnológiai szolgáltatás,K,"TÁVKÖZLÉS, SZÁMÍTÓGÉPES PROGRAMOZÁS, INFORMÁCIÓTECHNOLÓGIAI SZAKTANÁCSADÁS, SZÁMÍTÁSTECHNIKAI INFRASTRUKTÚRA ÉS EGYÉB INFORMÁCIÓS SZOLGÁLTATÁSOK",113,Korlátolt felelősségű társaság,11,Gazdasági társaság,1,Jogi személyiségű vállalkozás,01,Budapest,11,Budapest,1,Közép-Magyarország,,,,-0.10990990990990991,-0.0048489666136725664,22.666666666666668,21,4.863860900266667,0.2145820985411765,17,36,19
421,203367,kifli.hu,Kifli.hu Shop,https://cdn-kifli.s3.eu-central-1.amazonaws.com/files/terms/250611_A%CC%81ltala%CC%81nos+Szerzo%CC%8Bde%CC%81si+Felte%CC%81telek_final_HU.pdf,2026-01-02,26693075-2-44,https://ceginfo.hu//ceg-adatlap/kiflihu-shop-kft-0109339560.html,2026-01-02,26693075 4711 113 01,2026-01-02,47.11,Élelmiszer jellegű vegyes kiskereskedelem,47.1,Vegyes termékkörű kiskereskedelem,47,Kiskereskedelem,G,KERESKEDELEM,113,Korlátolt felelősségű társaság,11,Gazdasági társaság,1,Jogi személyiségű vállalkozás,01,Budapest,11,Budapest,1,Közép-Magyarország,,,,-0.6388674388674389,-0.024057769664464188,26.555555555555557,24.5,9.84869663441947,0.37087142137981266,9,43,34
422,203994,gruppi.hu,Xentury Média és Reklámügynöki,https://gruppi.hu/oldal/shoprules,2026-01-02,23376458-2-41,https://gruppi.hu/oldal/shoprules,2026-01-02,23376458 7311 113 01,2026-01-02,73.11,Reklámügynöki tevékenység,73.1,Reklám,73,"Reklám, piackutatás, PR-tevékenység",N,"SZAKMAI, TUDOMÁNYOS, MŰSZAKI TEVÉKENYSÉG",113,Korlátolt felelősségű társaság,11,Gazdasági társaság,1,Jogi személyiségű vállalkozás,01,Budapest,11,Budapest,1,Közép-Magyarország,,,,0.28365508365508363,0.002828693355009158,100.27777777777777,96,16.85333559373101,0.16806650453582173,78,156,78
423,204044,lapunk.hu,,,,,,,,,,,,,,,,,,,,,,,,,,,,,,,,0,0,2,2,0,0,2,2,0
424,204091,biotechusa.hu,BioTech USA,https://shop.biotechusa.hu/pages/vasarlasi-feltetelek,2026-01-02,25114681-2-44,https://shop.biotechusa.hu/pages/vasarlasi-feltetelek,2026-01-02,25114681 4638 113 01,2026-01-02,46.38,Egyéb élelmiszer nagykereskedelme,46.3,"Élelmiszer, ital, dohányáru nagykereskedelme",46,Nagykereskedelem,G,KERESKEDELEM,113,Korlátolt felelősségű társaság,11,Gazdasági társaság,1,Jogi személyiségű vállalkozás,01,Budapest,11,Budapest,1,Közép-Magyarország,,,,0.05418275418275418,0.001727705182089596,31.36111111111111,31,2.1666666666666674,0.06908768821966345,20,33,13
425,204156,uni-pannon.hu,Pannon Egyetem,https://uni-pannon.hu/,2026-01-02,19310321-2-19,https://ceginfo.hu//ceg-adatlap/pannon-egyetem-1999006668.html,2026-01-02,19310321 8540 563 19,2026-01-02,85.40,Felsőoktatás,85.4,Felsőoktatás,85,Oktatás,Q,OKTATÁS,563,Egyéb alapítvány önálló intézménye,56,"Alapítvány, jogi személyiségű intézménye és szervezeti egysége",5,Jogi személyiségű nonprofit szervezet,19,Veszprém,20,Közép-Dunántúl,2,Dunántúl,,,,0.23191763191763193,0.006574043109476119,35.27777777777778,35,4.718420505157639,0.13375050250840553,26,43,17
427,204921,honvedelem.hu,HM Zrínyi Geoinformációs és Toborzástámogató Közhasznú Nonprofit,https://honvedelem.hu/impresszum.html,2026-01-02,20758444-2-51,https://ceginfo.hu//ceg-adatlap/hm-zrinyi-geoinformacios-es-toborzastamogato-koezhasznu-nonprofit-kft-0109920090.html,2026-01-02,20758444 7112 572 01,2026-01-02,71.12,"Mérnöki tevékenység, műszaki tanácsadás",71.1,"Építészmérnöki, mérnöki tevékenység, műszaki tanácsadás",71,"Építészmérnöki, mérnöki tevékenység, műszaki vizsgálat, elemzés",N,"SZAKMAI, TUDOMÁNYOS, MŰSZAKI TEVÉKENYSÉG",572,Nonprofit korlátolt felelősségű társaság,57,Nonprofit gazdasági társaság,5,Jogi személyiségű nonprofit szervezet,01,Budapest,11,Budapest,1,Közép-Magyarország,,,,-0.031402831402831406,-0.00020115692713551942,156.11111111111111,158,2.025237591392008,0.01297305218685272,154,158,4
428,205063,unas.hu,UNAS Online,https://unas.hu/altalanos-szerzodesi-feltetelek,2026-01-02,14114113-2-08,https://unas.hu/altalanos-szerzodesi-feltetelek,2026-01-02,14114113 6310 113 08,2026-01-02,63.10,"Számítástechnikai infrastruktúra, adatfeldolgozás, tárhelyszolgáltatás és kapcsolódó szolgáltatások",63.1,"Számítástechnikai infrastruktúra, adatfeldolgozás, tárhelyszolgáltatás és kapcsolódó szolgáltatások",63,"Számítástechnikai infrastruktúra, adatfeldolgozás, tárhelyszolgáltatás és egyéb információs szolgáltatási tevékenységek",K,"TÁVKÖZLÉS, SZÁMÍTÓGÉPES PROGRAMOZÁS, INFORMÁCIÓTECHNOLÓGIAI SZAKTANÁCSADÁS, SZÁMÍTÁSTECHNIKAI INFRASTRUKTÚRA ÉS EGYÉB INFORMÁCIÓS SZOLGÁLTATÁSOK",113,Korlátolt felelősségű társaság,11,Gazdasági társaság,1,Jogi személyiségű vállalkozás,08,Győr-Moson-Sopron,30,Nyugat-Dunántúl,2,Dunántúl,,,,-0.19214929214929216,-0.014441282917274608,13.305555555555555,15,2.4121057124956136,0.181285606784639,8,15,7
429,205193,uni-nke.hu,Nemzeti Közszolgálati Egyetem,https://www.uni-nke.hu/impresszum,2026-01-02,15795719-4-42,https://ceginfo.hu//ceg-adatlap/nemzeti-koezszolgalati-egyetem-0198003302.html,2026-01-02,15795719 8540 312 01,2026-01-02,85.40,Felsőoktatás,85.4,Felsőoktatás,85,Oktatás,Q,OKTATÁS,312,Központi költségvetési szerv,31,Központi költségvetési irányító és költségvetési szervek,3,Költségvetési szervek és költségvetési rend szerint gazdálkodó szervek,01,Budapest,11,Budapest,1,Közép-Magyarország,,,,0.03423423423423423,0.0006493321561814644,52.72222222222222,52,3.9757199607554363,0.07540880852855411,46,61,15
430,205359,merce.hu,Kettős Mérce Blog Egyesület,https://merce.hu/impresszum/,2026-01-02,18728907-1-42,https://ceginfo.hu//ceg-adatlap/kettos-merce-blog-egyesuelet-0199032242.html,2026-01-02,18728907 9499 529 01,2026-01-02,94.99,"M.n.s. egyéb közösségi, társadalmi tevékenység",94.9,"Egyéb közösségi, társadalmi tevékenység",94,Érdekképviselet,T,EGYÉB SZOLGÁLTATÁS,529,Egyéb egyesület,52,Az egyesület egyéb formái,5,Jogi személyiségű nonprofit szervezet,01,Budapest,11,Budapest,1,Közép-Magyarország,,,,0.04633204633204633,0.000633239813194248,73.16666666666667,72,7.799267364860075,0.10659590931471628,60,93,33
431,206324,duol.hu,Mediaworks Hungary,https://www.duol.hu/,2026-01-02,24785725-2-44,https://videa.hu/szolgaltato_adatai,2025-07-04,24785725 5812 114 01,2025-12-21,58.12,Napilapkiadás,58.1,"Könyv-, napilapkiadás, egyéb kiadói tevékenység (kivéve: szoftverkiadás)",58,Kiadói tevékenység,J,"KIADÓI TEVÉKENYSÉG, MŰSORSZOLGÁLTATÁS, TARTALOMSZOLGÁLTATÁS ÉS -TERJESZTÉS",114,Részvénytársaság,11,Gazdasági társaság,1,Jogi személyiségű vállalkozás,01,Budapest,11,Budapest,1,Közép-Magyarország,,,,-1.6996138996138996,-0.027837170330345957,61.05555555555556,71.5,19.969897981632887,0.32707749196486985,33,82,49
433,207851,netlock.hu,NETLOCK Informatikai és Hálózatbiztonsági Szolgáltató,https://netlock.hu/app/uploads/2024/12/GTC-hu-app_251215.pdf,2026-01-02,12201521-2-42,https://netlock.hu/app/uploads/2024/12/GTC-hu-app_251215.pdf,2026-01-02,12201521 6290 113 01,2026-01-02,62.90,Egyéb információtechnológiai szolgáltatás,62.9,Egyéb információtechnológiai szolgáltatás,62,Információtechnológiai szolgáltatás,K,"TÁVKÖZLÉS, SZÁMÍTÓGÉPES PROGRAMOZÁS, INFORMÁCIÓTECHNOLÓGIAI SZAKTANÁCSADÁS, SZÁMÍTÁSTECHNIKAI INFRASTRUKTÚRA ÉS EGYÉB INFORMÁCIÓS SZOLGÁLTATÁSOK",113,Korlátolt felelősségű társaság,11,Gazdasági társaság,1,Jogi személyiségű vállalkozás,01,Budapest,11,Budapest,1,Közép-Magyarország,,,,-0.003861003861003861,-0.0694980694980695,0.05555555555555555,0,0.3333333333333331,5.999999999999996,0,2,2
434,208547,sziget.hu,Sziget Kulturális Menedzser Iroda,https://szigetfestival.com/wp-content/uploads/2024/04/ASZF-2026_fin.pdf,2026-01-04,26189905-2-41,https://ceginfo.hu//ceg-adatlap/sziget-kulturalis-menedzser-iroda-zrt-0110049598.html,2026-01-04,26189905 9020 114 01,2026-01-04,90.20,Előadó-művészet,90.2,Előadó-művészet,90,"Alkotóművészet, előadó-művészet",S,"MŰVÉSZET, SPORT, SZABADIDŐ",114,Részvénytársaság,11,Gazdasági társaság,1,Jogi személyiségű vállalkozás,01,Budapest,11,Budapest,1,Közép-Magyarország,,,,-5.586100386100386,-0.06968108589730213,80.16666666666667,34.5,79.0473637402647,0.9860378013338631,24,209,185
435,208676,miniszterelnok.hu,Miniszterelnöki Kabinetiroda,https://miniszterelnok.hu/adatkezelesi-tajekoztato/,2026-01-04,15833167-2-41,https://miniszterelnok.hu/adatkezelesi-tajekoztato/,2026-01-04,15833167 8411 311 01,2026-01-04,84.11,Általános közigazgatás,84.1,Közigazgatás,84,"Közigazgatás, védelem, kötelező társadalombiztosítás",P,"KÖZIGAZGATÁS, VÉDELEM; KÖTELEZŐ TÁRSADALOMBIZTOSÍTÁS",311,Központi költségvetési irányító szerv,31,Központi költségvetési irányító és költségvetési szervek,3,Költségvetési szervek és költségvetési rend szerint gazdálkodó szervek,01,Budapest,11,Budapest,1,Közép-Magyarország,,,,0.010296010296010296,0.00023108252534693273,44.55555555555556,45,0.5039526306789696,0.011310657546410788,44,45,1
437,209392,epiteszforum.hu,Építészfórum,https://epiteszforum.hu/impresszum,2026-01-04,12486807-2-42,https://ceginfo.hu//ceg-adatlap/epiteszforum-kiadoi-kft-0109688664.html,2026-01-04,12486807 5812 113 01,2026-01-04,58.12,Napilapkiadás,58.1,"Könyv-, napilapkiadás, egyéb kiadói tevékenység (kivéve: szoftverkiadás)",58,Kiadói tevékenység,J,"KIADÓI TEVÉKENYSÉG, MŰSORSZOLGÁLTATÁS, TARTALOMSZOLGÁLTATÁS ÉS -TERJESZTÉS",113,Korlátolt felelősségű társaság,11,Gazdasági társaság,1,Jogi személyiségű vállalkozás,01,Budapest,11,Budapest,1,Közép-Magyarország,,,,-0.043114543114543116,-0.00046345880923374277,93.02777777777777,93,2.4667631898746656,0.0265164152987423,89,98,9
438,209562,bonuszbrigad.hu,Skoopy,https://www.bonuszbrigad.hu/aszf,2026-01-04,12414682-2-43,https://ceginfo.hu//ceg-adatlap/skoopy-kft-0109933339.html,2026-01-04,12414682 6039 113 01,2026-01-04,60.39,Egyéb tartalomterjesztési tevékenység,60.3,Hírügynökségi és egyéb tartalomterjesztési tevékenység,60,"Műsor-összeállítás, műsorszolgáltatás, hírügynökségi és egyéb tartalomterjesztési tevékenység",J,"KIADÓI TEVÉKENYSÉG, MŰSORSZOLGÁLTATÁS, TARTALOMSZOLGÁLTATÁS ÉS -TERJESZTÉS",113,Korlátolt felelősségű társaság,11,Gazdasági társaság,1,Jogi személyiségű vállalkozás,01,Budapest,11,Budapest,1,Közép-Magyarország,,,,0.3009009009009009,0.002542824514655461,118.33333333333333,123,13.257881752807595,0.11203843734766983,64,129,65
439,210665,olcsobbat.hu,ReachRise Digital,https://www.olcsobbat.hu/boltoknak/?view=aszf,2026-01-04,24711199-2-41,https://ceginfo.hu//ceg-adatlap/reachrise-digital-zrt-0110142291.html,2026-01-04,24711199 6391 114 01,2026-01-04,63.91,Internetes keresőportállal kapcsolatos tevékenységek,63.9,Internetes keresőportállal kapcsolatos tevékenységek és egyéb információs szolgáltatás,63,"Számítástechnikai infrastruktúra, adatfeldolgozás, tárhelyszolgáltatás és egyéb információs szolgáltatási tevékenységek",K,"TÁVKÖZLÉS, SZÁMÍTÓGÉPES PROGRAMOZÁS, INFORMÁCIÓTECHNOLÓGIAI SZAKTANÁCSADÁS, SZÁMÍTÁSTECHNIKAI INFRASTRUKTÚRA ÉS EGYÉB INFORMÁCIÓS SZOLGÁLTATÁSOK",114,Részvénytársaság,11,Gazdasági társaság,1,Jogi személyiségű vállalkozás,01,Budapest,11,Budapest,1,Közép-Magyarország,,,,-0.07245817245817246,-0.0005642427446451072,128.41666666666666,127,5.510379815791803,0.0429101607978596,112,140,28
441,211510,mng.hu,Szépművészeti Múzeum,https://mng.hu/,2026-01-04,15321202-2-42,https://ceginfo.hu//ceg-adatlap/szepmuveszeti-muzeum-0198000185.html,2026-01-02,15321202 9121 312 01,2026-01-02,91.21,"Múzeumi, gyűjteményi tevékenység",91.2,"Múzeumi, gyűjteményi, történelmi helyszíni, műemléki tevékenységek",91,"Könyvtári, levéltári, múzeumi, egyéb kulturális tevékenység",S,"MŰVÉSZET, SPORT, SZABADIDŐ",312,Központi költségvetési szerv,31,Központi költségvetési irányító és költségvetési szervek,3,Költségvetési szervek és költségvetési rend szerint gazdálkodó szervek,01,Budapest,11,Budapest,1,Közép-Magyarország,,,,0.010038610038610039,0.0007030933100972684,14.277777777777779,14,0.9137399164536018,0.0639973482341044,11,16,5
442,211718,qubit.hu,Magyar Jeti,https://qubit.hu/impresszum,2026-01-04,24298083-2-42,https://ceginfo.hu//ceg-adatlap/magyar-jeti-zrt-0110048381.html,2025-12-21,24298083 6039 114 01,2025-12-21,60.39,Egyéb tartalomterjesztési tevékenység,60.3,Hírügynökségi és egyéb tartalomterjesztési tevékenység,60,"Műsor-összeállítás, műsorszolgáltatás, hírügynökségi és egyéb tartalomterjesztési tevékenység",J,"KIADÓI TEVÉKENYSÉG, MŰSORSZOLGÁLTATÁS, TARTALOMSZOLGÁLTATÁS ÉS -TERJESZTÉS",114,Részvénytársaság,11,Gazdasági társaság,1,Jogi személyiségű vállalkozás,01,Budapest,11,Budapest,1,Közép-Magyarország,,,,-0.047619047619047616,-0.0017316017316017693,27.5,27.5,3.3423687066852112,0.1215406802430986,21,34,13
443,212158,szechenyibath.hu,Budapest Gyógyfürdői és Hévizei,https://www.szechenyifurdo.hu/,2026-01-04,12165814-2-44,https://ceginfo.hu//ceg-adatlap/budapest-gyogyfuerdoi-es-hevizei-zrt-0110043152.html,2026-01-04,12165814 9623 114 01,2026-01-04,96.23,"Fürdő-, szauna-, gőzfürdő-szolgáltatás",96.2,"Fodrászat, szépségápolás, fürdőszolgáltatás",96,Személyi szolgáltatás,T,EGYÉB SZOLGÁLTATÁS,114,Részvénytársaság,11,Gazdasági társaság,1,Jogi személyiségű vállalkozás,01,Budapest,11,Budapest,1,Közép-Magyarország,,,,0.3647361647361647,0.014955013588270928,24.38888888888889,21.5,4.649287366454457,0.190631372656447,20,31,11
444,213245,katolikus.hu,Magyar Katolikus Püspöki Konferencia Titkársága,https://katolikus.hu/cikk/impresszum,2026-01-04,19017097-1-42,https://ceginfo.hu//ceg-adatlap/magyar-katolikus-puespoeki-konferencia-titkarsaga-0199015824.html,2026-01-04,19017097 9491 555 01,2026-01-04,94.91,Egyházi tevékenység,94.9,"Egyéb közösségi, társadalmi tevékenység",94,Érdekképviselet,T,EGYÉB SZOLGÁLTATÁS,555,Bevett egyház elsődlegesen vallási tevékenységet végző belső egyházi jogi személye,55,Egyházi jogi személy,5,Jogi személyiségű nonprofit szervezet,01,Budapest,11,Budapest,1,Közép-Magyarország,,,,-0.12574002574002574,-0.0033456326139254013,37.583333333333336,39,3.805071803339778,0.10124359565427347,27,39,12
445,213323,kulcs-soft.hu,Kulcs-Soft,https://ks.hu/,2026-01-04,13812203-2-41,https://ks.hu/,2026-01-04,13812203 5829 114 01,2026-01-04,58.29,Egyéb szoftverkiadás,58.2,Szoftverkiadás,58,Kiadói tevékenység,J,"KIADÓI TEVÉKENYSÉG, MŰSORSZOLGÁLTATÁS, TARTALOMSZOLGÁLTATÁS ÉS -TERJESZTÉS",114,Részvénytársaság,11,Gazdasági társaság,1,Jogi személyiségű vállalkozás,01,Budapest,11,Budapest,1,Közép-Magyarország,,,,-35.74041184041184,-0.0503839458924237,709.3611111111111,995,461.7468170067586,0.6509333677504526,19,1159,1140
446,213890,dehir.hu,Médiacentrum Debrecen,https://dehir.hu/impresszum,2026-01-04,11146797-2-09,https://ceginfo.hu//ceg-adatlap/mediacentrum-debrecen-kft-0909002196.html,2026-01-04,11146797 6020 113 09,2026-01-04,60.20,"Televízióműsor összeállítása, szolgáltatása, videótartalom-terjesztés",60.2,"Televízióműsor összeállítása, szolgáltatása, videótartalom-terjesztés",60,"Műsor-összeállítás, műsorszolgáltatás, hírügynökségi és egyéb tartalomterjesztési tevékenység",J,"KIADÓI TEVÉKENYSÉG, MŰSORSZOLGÁLTATÁS, TARTALOMSZOLGÁLTATÁS ÉS -TERJESZTÉS",113,Korlátolt felelősségű társaság,11,Gazdasági társaság,1,Jogi személyiségű vállalkozás,09,Hajdú-Bihar,60,Észak-Alföld,3,Alföld és Észak,,,,0.1416988416988417,0.004045327756667959,35.02777777777778,35,2.4898205455828233,0.07108131613083397,31,40,9
447,213897,koncert.hu,Koncert.hu,https://www.koncert.hu/uploads/files/aszf.pdf,2026-01-04,11713634-2-43,https://ceginfo.hu//ceg-adatlap/koncerthu-kereskedelmi-es-szolgaltato-kft-0109931272.html,2026-01-04,11713634 6391 113 01,2026-01-04,63.91,Internetes keresőportállal kapcsolatos tevékenységek,63.9,Internetes keresőportállal kapcsolatos tevékenységek és egyéb információs szolgáltatás,63,"Számítástechnikai infrastruktúra, adatfeldolgozás, tárhelyszolgáltatás és egyéb információs szolgáltatási tevékenységek",K,"TÁVKÖZLÉS, SZÁMÍTÓGÉPES PROGRAMOZÁS, INFORMÁCIÓTECHNOLÓGIAI SZAKTANÁCSADÁS, SZÁMÍTÁSTECHNIKAI INFRASTRUKTÚRA ÉS EGYÉB INFORMÁCIÓS SZOLGÁLTATÁSOK",113,Korlátolt felelősségű társaság,11,Gazdasági társaság,1,Jogi személyiségű vállalkozás,01,Budapest,11,Budapest,1,Közép-Magyarország,,,,-0.08378378378378379,-0.002025665692556227,41.361111111111114,42,1.4570572648375466,0.035227710902721074,38,45,7
448,214946,egyszervolt.hu,4Kids Network,https://egyszervolt.hu/,2026-01-04,13933735-2-43,https://ceginfo.hu//ceg-adatlap/4kids-network-kft-0109880578.html,2026-01-04,13933735 6391 113 01,2026-01-04,63.91,Internetes keresőportállal kapcsolatos tevékenységek,63.9,Internetes keresőportállal kapcsolatos tevékenységek és egyéb információs szolgáltatás,63,"Számítástechnikai infrastruktúra, adatfeldolgozás, tárhelyszolgáltatás és egyéb információs szolgáltatási tevékenységek",K,"TÁVKÖZLÉS, SZÁMÍTÓGÉPES PROGRAMOZÁS, INFORMÁCIÓTECHNOLÓGIAI SZAKTANÁCSADÁS, SZÁMÍTÁSTECHNIKAI INFRASTRUKTÚRA ÉS EGYÉB INFORMÁCIÓS SZOLGÁLTATÁSOK",113,Korlátolt felelősségű társaság,11,Gazdasági társaság,1,Jogi személyiségű vállalkozás,01,Budapest,11,Budapest,1,Közép-Magyarország,,,,0,0,1,1,0,0,1,1,0
450,217004,egeszsegugyitudakozo.hu,Tudakozó Bázis,https://www.egeszsegugyitudakozo.hu/index.php?main=main_general,2026-01-04,14465990-2-42,https://ceginfo.hu//ceg-adatlap/tudakozo-bazis-szolgaltato-kft-0109905035.html,2026-01-04,14465990 6039 113 01,2026-01-04,60.39,Egyéb tartalomterjesztési tevékenység,60.3,Hírügynökségi és egyéb tartalomterjesztési tevékenység,60,"Műsor-összeállítás, műsorszolgáltatás, hírügynökségi és egyéb tartalomterjesztési tevékenység",J,"KIADÓI TEVÉKENYSÉG, MŰSORSZOLGÁLTATÁS, TARTALOMSZOLGÁLTATÁS ÉS -TERJESZTÉS",113,Korlátolt felelősségű társaság,11,Gazdasági társaság,1,Jogi személyiségű vállalkozás,01,Budapest,11,Budapest,1,Közép-Magyarország,,,,0.03127413127413128,0.0005559845559846225,56.25,56,0.43915503282683993,0.007807200583588266,56,57,1
451,217133,23net.hu,23VNet,https://hostit.hu/,2026-01-04,12188224-2-43,https://hostit.hu/,2026-01-04,12188224 6310 113 01,2026-01-04,63.10,"Számítástechnikai infrastruktúra, adatfeldolgozás, tárhelyszolgáltatás és kapcsolódó szolgáltatások",63.1,"Számítástechnikai infrastruktúra, adatfeldolgozás, tárhelyszolgáltatás és kapcsolódó szolgáltatások",63,"Számítástechnikai infrastruktúra, adatfeldolgozás, tárhelyszolgáltatás és egyéb információs szolgáltatási tevékenységek",K,"TÁVKÖZLÉS, SZÁMÍTÓGÉPES PROGRAMOZÁS, INFORMÁCIÓTECHNOLÓGIAI SZAKTANÁCSADÁS, SZÁMÍTÁSTECHNIKAI INFRASTRUKTÚRA ÉS EGYÉB INFORMÁCIÓS SZOLGÁLTATÁSOK",113,Korlátolt felelősségű társaság,11,Gazdasági társaság,1,Jogi személyiségű vállalkozás,01,Budapest,11,Budapest,1,Közép-Magyarország,,,,-0.006306306306306306,-0.00010457255966230996,60.30555555555556,60,0.7490735018081407,0.012421301734266726,60,63,3
452,217508,rsoe.hu,Rádiós Segélyhívó és Infokommunikációs Országos Egyesület,https://rsoe.hu/,2026-01-04,19722083-2-42,https://ceginfo.hu//ceg-adatlap/radios-segelyhivo-es-infokommunikacios-orszagos-egyesuelet-0199020042.html,2026-01-04,19722083 9499 529 01,2026-01-04,94.99,"M.n.s. egyéb közösségi, társadalmi tevékenység",94.9,"Egyéb közösségi, társadalmi tevékenység",94,Érdekképviselet,T,EGYÉB SZOLGÁLTATÁS,529,Egyéb egyesület,52,Az egyesület egyéb formái,5,Jogi személyiségű nonprofit szervezet,01,Budapest,11,Budapest,1,Közép-Magyarország,,,,0,0,9,9,0,0,9,9,0
453,217708,mtva.hu,Médiaszolgáltatás-támogató és Vagyonkezelő Alap,https://mtva.hu/jogi-es-adatvedelmi-nyilatkozat/,2026-01-04,18091715-4-44,https://mtva.hu/jogi-es-adatvedelmi-nyilatkozat/,2026-01-04,18091715 9499 919 01,2026-01-04,94.99,"M.n.s. egyéb közösségi, társadalmi tevékenység",94.9,"Egyéb közösségi, társadalmi tevékenység",94,Érdekképviselet,T,EGYÉB SZOLGÁLTATÁS,919,Egyéb alap,91,Alap,9,Technikai kód,01,Budapest,11,Budapest,1,Közép-Magyarország,,,,3.115186615186615,0.008214071496866501,379.25,387.5,69.12406031394362,0.1822651557388098,263,549,286
456,218940,tarr.hu,Tarr,https://tarr.hu/impresszum,2026-01-04,10401127-2-17,https://tarr.hu/impresszum,2026-01-04,10401127 6110 113 17,2026-01-04,61.10,"Vezetékes, vezeték nélküli és műholdas távközlés",61.1,"Vezetékes, vezeték nélküli és műholdas távközlés",61,Távközlés,K,"TÁVKÖZLÉS, SZÁMÍTÓGÉPES PROGRAMOZÁS, INFORMÁCIÓTECHNOLÓGIAI SZAKTANÁCSADÁS, SZÁMÍTÁSTECHNIKAI INFRASTRUKTÚRA ÉS EGYÉB INFORMÁCIÓS SZOLGÁLTATÁSOK",113,Korlátolt felelősségű társaság,11,Gazdasági társaság,1,Jogi személyiségű vállalkozás,17,Tolna,40,Dél-Dunántúl,2,Dunántúl,,,,0,0,42,42,0,0,42,42,0
457,219410,handballveszprem.hu,Veszprém Handball Team,https://handballveszprem.hu/hu,2026-01-04,24118716-2-19,https://ceginfo.hu//ceg-adatlap/veszprem-handball-team-zrt-1910500280.html,2026-01-04,24118716 9319 114 19,2026-01-04,93.19,M.n.s. sporttevékenység,93.1,Sporttevékenység,93,"Sport-, szórakoztató, szabadidős tevékenység",S,"MŰVÉSZET, SPORT, SZABADIDŐ",114,Részvénytársaság,11,Gazdasági társaság,1,Jogi személyiségű vállalkozás,19,Veszprém,20,Közép-Dunántúl,2,Dunántúl,,,,-0.059202059202059204,-0.00027136161589942203,218.16666666666666,219,18.309248248592063,0.08392321580714468,166,247,81
458,222180,uni-eszterhazy.hu,Eszterházy Károly Katolikus Egyetem,https://uni-eszterhazy.hu/egyetem/m/impresszum,2026-01-04,19308698-2-10,https://ceginfo.hu//ceg-adatlap/eszterhazy-karoly-katolikus-egyetem-1099004969.html,2026-01-04,19308698 8540 552 10,2026-01-04,85.40,Felsőoktatás,85.4,Felsőoktatás,85,Oktatás,Q,OKTATÁS,552,Bevett egyház elsődlegesen közfeladatot ellátó belső egyházi jogi személye,55,Egyházi jogi személy,5,Jogi személyiségű nonprofit szervezet,10,Heves,50,Észak-Magyarország,3,Alföld és Észak,,,,0.1879021879021879,0.007336744863859827,25.61111111111111,26,3.1375857668666916,0.12250877180824392,22,33,11
459,222444,univet.hu,Állatorvostudományi Egyetem,https://univet.hu/hu/egyetem/impresszum-2/,2026-01-04,19253268-2-42,https://ceginfo.hu//ceg-adatlap/allatorvostudomanyi-egyetem-0199041181.html,2026-01-04,19253268 8540 563 01,2026-01-04,85.40,Felsőoktatás,85.4,Felsőoktatás,85,Oktatás,Q,OKTATÁS,563,Egyéb alapítvány önálló intézménye,56,"Alapítvány, jogi személyiségű intézménye és szervezeti egysége",5,Jogi személyiségű nonprofit szervezet,01,Budapest,11,Budapest,1,Közép-Magyarország,,,,0,0,23,23,0,0,23,23,0
460,222825,munka.hu,NEMZETGAZDASÁGI MINISZTÉRIUM,https://munka.hu/,2026-01-04,15848398-2-41,https://ceginfo.hu//ceg-adatlap/nemzetgazdasagi-miniszterium-0198003709.html,2026-01-04,15848398 8411 311 01,2026-01-04,84.11,Általános közigazgatás,84.1,Közigazgatás,84,"Közigazgatás, védelem, kötelező társadalombiztosítás",P,"KÖZIGAZGATÁS, VÉDELEM; KÖTELEZŐ TÁRSADALOMBIZTOSÍTÁS",311,Központi költségvetési irányító szerv,31,Központi költségvetési irányító és költségvetési szervek,3,Költségvetési szervek és költségvetési rend szerint gazdálkodó szervek,01,Budapest,11,Budapest,1,Közép-Magyarország,,,,0.0015444015444015444,0.013899613899613899,0.1111111111111111,0,0.4646213682914464,4.181592314623018,0,2,2
461,224511,utinform.hu,Magyar Közút Nonprofit,https://www.utinform.hu/hu/static/impresszum?d=0,2026-01-04,14605749-2-44,https://ceginfo.hu//ceg-adatlap/magyar-koezut-nonprofit-zrt-0110046265.html,2026-01-04,14605749 5221 573 01,2026-01-04,52.21,Szárazföldi szállítást kiegészítő szolgáltatás,52.2,Szállítást kiegészítő tevékenység,52,"Raktározás, tárolás, szállítást kiegészítő tevékenység",H,"SZÁLLÍTÁS, RAKTÁROZÁS",573,Nonprofit részvénytársaság,57,Nonprofit gazdasági társaság,5,Jogi személyiségű nonprofit szervezet,01,Budapest,11,Budapest,1,Közép-Magyarország,,,,0.0963963963963964,0.004477768090671354,21.52777777777778,25.5,14.63554598739679,0.6798447168339155,0,42,42
462,225165,villanyautosok.hu,Pixinfo,https://villanyautosok.hu/impresszum/,2026-01-04,13535564-2-41,https://ceginfo.hu//ceg-adatlap/pixinfo-lapkiado-kft-0109860315.html,2026-01-04,13535564 5812 113 01,2026-01-04,58.12,Napilapkiadás,58.1,"Könyv-, napilapkiadás, egyéb kiadói tevékenység (kivéve: szoftverkiadás)",58,Kiadói tevékenység,J,"KIADÓI TEVÉKENYSÉG, MŰSORSZOLGÁLTATÁS, TARTALOMSZOLGÁLTATÁS ÉS -TERJESZTÉS",113,Korlátolt felelősségű társaság,11,Gazdasági társaság,1,Jogi személyiségű vállalkozás,01,Budapest,11,Budapest,1,Közép-Magyarország,,,,-0.00888030888030888,-0.00014752705108043835,60.19444444444444,60,1.9686027596741869,0.03270406061295373,57,67,10
464,225238,budapesttimes.hu,BZT Media,https://www.budapesttimes.hu/impressum/,2026-01-04,11837853-2-41,https://ceginfo.hu//ceg-adatlap/bzt-media-lapkiado-kft-0109679117.html,2026-01-04,11837853 5813 113 01,2026-01-04,58.13,"Folyóirat, időszaki kiadvány kiadása",58.1,"Könyv-, napilapkiadás, egyéb kiadói tevékenység (kivéve: szoftverkiadás)",58,Kiadói tevékenység,J,"KIADÓI TEVÉKENYSÉG, MŰSORSZOLGÁLTATÁS, TARTALOMSZOLGÁLTATÁS ÉS -TERJESZTÉS",113,Korlátolt felelősségű társaság,11,Gazdasági társaság,1,Jogi személyiségű vállalkozás,01,Budapest,11,Budapest,1,Közép-Magyarország,,,,-0.01788931788931789,-0.0004438424838149446,40.30555555555556,40,1.582393204601262,0.039259927888108496,38,45,7
465,225688,pataibicaj.hu,Patai Szabó,https://pataibicaj.hu/kapcsolat.php,2026-01-04,11083872-2-43,https://ceginfo.hu//ceg-adatlap/patai-szabo-kereskedelmi-es-szolgaltato-kft-0109564183.html,2026-01-04,11083872 4649 113 01,2026-01-04,46.49,Egyéb háztartási cikk nagykereskedelme,46.4,Háztartási cikk nagykereskedelme,46,Nagykereskedelem,G,KERESKEDELEM,113,Korlátolt felelősségű társaság,11,Gazdasági társaság,1,Jogi személyiségű vállalkozás,01,Budapest,11,Budapest,1,Közép-Magyarország,,,,0,0,28,28,0,0,28,28,0
466,225737,e-cegjegyzek.hu,IGAZSÁGÜGYI MINISZTÉRIUM,https://www.e-cegjegyzek.hu/?ceginformacio,2026-01-04,15300076-2-41,https://ceginfo.hu//ceg-adatlap/igazsaguegyi-miniszterium-0198000003.html,2026-01-02,15300076 8411 311 01,2026-01-02,84.11,Általános közigazgatás,84.1,Közigazgatás,84,"Közigazgatás, védelem, kötelező társadalombiztosítás",P,"KÖZIGAZGATÁS, VÉDELEM; KÖTELEZŐ TÁRSADALOMBIZTOSÍTÁS",311,Központi költségvetési irányító szerv,31,Központi költségvetési irányító és költségvetési szervek,3,Költségvetési szervek és költségvetési rend szerint gazdálkodó szervek,01,Budapest,11,Budapest,1,Közép-Magyarország,,,,0,0,11,11,0,0,11,11,0
469,228380,valaszonline.hu,Válasz Online Kiadó,https://www.valaszonline.hu/impresszum/,2026-01-04,26581338-2-43,https://ceginfo.hu//ceg-adatlap/valasz-online-kiado-kft-0109333297.html,2026-01-04,26581338 5812 113 01,2026-01-04,58.12,Napilapkiadás,58.1,"Könyv-, napilapkiadás, egyéb kiadói tevékenység (kivéve: szoftverkiadás)",58,Kiadói tevékenység,J,"KIADÓI TEVÉKENYSÉG, MŰSORSZOLGÁLTATÁS, TARTALOMSZOLGÁLTATÁS ÉS -TERJESZTÉS",113,Korlátolt felelősségű társaság,11,Gazdasági társaság,1,Jogi személyiségű vállalkozás,01,Budapest,11,Budapest,1,Közép-Magyarország,,,,0.0018018018018018018,0.000020964726847158766,85.94444444444444,86,0.33333333333333337,0.0038784744667097614,84,86,2
470,228675,evamagazin.hu,Marquard Group Hungary,https://evamagazin.hu/impresszum,2026-01-04,10353835-2-41,https://ceginfo.hu//ceg-adatlap/marquard-group-hungary-kft-0109067082.html,2025-12-23,10353835 5813 113 01,2025-12-23,58.13,"Folyóirat, időszaki kiadvány kiadása",58.1,"Könyv-, napilapkiadás, egyéb kiadói tevékenység (kivéve: szoftverkiadás)",58,Kiadói tevékenység,J,"KIADÓI TEVÉKENYSÉG, MŰSORSZOLGÁLTATÁS, TARTALOMSZOLGÁLTATÁS ÉS -TERJESZTÉS",113,Korlátolt felelősségű társaság,11,Gazdasági társaság,1,Jogi személyiségű vállalkozás,01,Budapest,11,Budapest,1,Közép-Magyarország,,,,0.05456885456885457,0.0006727667001639508,81.11111111111111,80,5.186674011501715,0.06394529603221293,74,94,20
471,228904,bgazrt.hu,Bethlen Gábor Alapkezelő,https://bgazrt.hu/,2026-01-04,23300576-2-41,https://ceginfo.hu//ceg-adatlap/bethlen-gabor-alapkezelo-koezhasznu-nonprofit-zrt-0110047008.html,2026-01-04,23300576 8299 573 01,2026-01-04,82.99,M.n.s. egyéb üzletmenetet támogató szolgáltatás,82.9,Egyéb üzletmenetet támogató szolgáltatás,82,"Adminisztratív, irodai és egyéb üzletmenetet támogató szolgáltatás",O,ADMINISZTRATÍV ÉS SZOLGÁLTATÁST TÁMOGATÓ TEVÉKENYSÉG,573,Nonprofit részvénytársaság,57,Nonprofit gazdasági társaság,5,Jogi személyiségű nonprofit szervezet,01,Budapest,11,Budapest,1,Közép-Magyarország,,,,-0.03783783783783784,-0.002724324324324255,13.88888888888889,14,0.8873001675315896,0.06388561206227444,13,17,4
472,229537,mkik.hu,MAGYAR KERESKEDELMI ÉS IPARKAMARA,https://mkik.hu/,2026-01-04,18068265-2-41,https://ceginfo.hu//ceg-adatlap/magyar-kereskedelmi-es-iparkamara-0199004552.html,2026-01-04,18068265 6910 541 01,2026-01-04,69.10,Jogi tevékenység,69.1,Jogi tevékenység,69,"Jogi, számviteli tevékenység",N,"SZAKMAI, TUDOMÁNYOS, MŰSZAKI TEVÉKENYSÉG",541,Kamara,54,Köztestület,5,Jogi személyiségű nonprofit szervezet,01,Budapest,11,Budapest,1,Közép-Magyarország,,,,0.17528957528957528,0.04854172854172851,3.611111111111111,1,4.581189975028496,1.268637223854045,0,15,15
474,230033,buzascsaba.hu,,,,,,,,,,,,,,,,,,,,,,,,,,,,,,,,0.15688545688545688,0.04246523645019881,3.6944444444444446,2,3.1606459054570695,0.8555131774169511,2,10,8
477,231938,receptneked.hu,Receptneked,https://receptneked.hu/impresszum/,2026-01-04,28990536-2-06,https://ceginfo.hu//ceg-adatlap/receptneked-kft-0609026585.html,2026-01-04,28990536 6391 113 06,2026-01-04,63.91,Internetes keresőportállal kapcsolatos tevékenységek,63.9,Internetes keresőportállal kapcsolatos tevékenységek és egyéb információs szolgáltatás,63,"Számítástechnikai infrastruktúra, adatfeldolgozás, tárhelyszolgáltatás és egyéb információs szolgáltatási tevékenységek",K,"TÁVKÖZLÉS, SZÁMÍTÓGÉPES PROGRAMOZÁS, INFORMÁCIÓTECHNOLÓGIAI SZAKTANÁCSADÁS, SZÁMÍTÁSTECHNIKAI INFRASTRUKTÚRA ÉS EGYÉB INFORMÁCIÓS SZOLGÁLTATÁSOK",113,Korlátolt felelősségű társaság,11,Gazdasági társaság,1,Jogi személyiségű vállalkozás,06,Csongrád-Csanád,70,Dél-Alföld,3,Alföld és Észak,,,,-0.20077220077220076,-0.0015899250391110873,126.27777777777777,125.5,6.601346663960151,0.052276392411475026,117,150,33
478,232342,simplepay.hu,SimplePay,https://simplepay.hu/wp-content/uploads/2025/07/simplepay_b2b_aszf_20250703.pdf,2026-01-04,32835155-2-44,https://simplepay.hu/wp-content/uploads/2025/07/simplepay_b2b_aszf_20250703.pdf,2026-01-04,32835155 6290 114 01,2026-01-04,62.90,Egyéb információtechnológiai szolgáltatás,62.9,Egyéb információtechnológiai szolgáltatás,62,Információtechnológiai szolgáltatás,K,"TÁVKÖZLÉS, SZÁMÍTÓGÉPES PROGRAMOZÁS, INFORMÁCIÓTECHNOLÓGIAI SZAKTANÁCSADÁS, SZÁMÍTÁSTECHNIKAI INFRASTRUKTÚRA ÉS EGYÉB INFORMÁCIÓS SZOLGÁLTATÁSOK",114,Részvénytársaság,11,Gazdasági társaság,1,Jogi személyiségű vállalkozás,01,Budapest,11,Budapest,1,Közép-Magyarország,,,,0.11222651222651223,0.0026200742154048927,42.833333333333336,44,5.843188953205018,0.1364168627207397,13,47,34
479,232488,szallashelytudakozo.hu,Tudakozó Bázis,https://www.szallashelytudakozo.hu/index.php?main=main_contact,2026-01-04,14465990-2-42,https://ceginfo.hu//ceg-adatlap/tudakozo-bazis-szolgaltato-kft-0109905035.html,2026-01-04,14465990 6039 113 01,2026-01-04,60.39,Egyéb tartalomterjesztési tevékenység,60.3,Hírügynökségi és egyéb tartalomterjesztési tevékenység,60,"Műsor-összeállítás, műsorszolgáltatás, hírügynökségi és egyéb tartalomterjesztési tevékenység",J,"KIADÓI TEVÉKENYSÉG, MŰSORSZOLGÁLTATÁS, TARTALOMSZOLGÁLTATÁS ÉS -TERJESZTÉS",113,Korlátolt felelősségű társaság,11,Gazdasági társaság,1,Jogi személyiségű vállalkozás,01,Budapest,11,Budapest,1,Közép-Magyarország,,,,0.028314028314028315,0.000839625221832837,33.72222222222222,34,0.45425676257949765,0.013470546501533703,33,34,1
480,232652,hup.hu,HW SW,https://hup.hu/elerhetosegek,2026-01-04,20613491-2-41,https://ceginfo.hu//ceg-adatlap/hw-sw-szamitastechnikai-szolgaltato-es-kereskedelmi-bt-0106730269.html,2026-01-02,20613491 4778 117 01,2026-01-02,47.78,Egyéb új áru kiskereskedelme,47.7,"Egyéb áruk kiskereskedelme (kivéve: gépjármű, motorkerékpár)",47,Kiskereskedelem,G,KERESKEDELEM,117,Betéti társaság,11,Gazdasági társaság,1,Jogi személyiségű vállalkozás,01,Budapest,11,Budapest,1,Közép-Magyarország,,,,-1.0392535392535394,-0.021538933456031972,48.25,54.5,16.91892431568863,0.35065128115416855,21,81,60
481,233129,mome.hu,Moholy-Nagy Művészeti Egyetem,https://mome.hu/hu/,2026-01-04,19253172-2-43,https://ceginfo.hu//ceg-adatlap/moholy-nagy-muveszeti-egyetem-0199041179.html,2026-01-04,19253172 8540 563 01,2026-01-04,85.40,Felsőoktatás,85.4,Felsőoktatás,85,Oktatás,Q,OKTATÁS,563,Egyéb alapítvány önálló intézménye,56,"Alapítvány, jogi személyiségű intézménye és szervezeti egysége",5,Jogi személyiségű nonprofit szervezet,01,Budapest,11,Budapest,1,Közép-Magyarország,,,,-0.33912483912483915,-0.009241857841403587,36.69444444444444,34,4.652614898831129,0.12679344160327075,31,46,15
483,234994,media1.hu,Media1 Digitális Média,https://media1.hu/impresszum/,2026-01-04,27532825-2-13,https://ceginfo.hu//ceg-adatlap/media1-digitalis-media-szolgaltato-es-kereskedelmi-kft-1309230035.html,2026-01-04,27532825 6031 113 13,2026-01-04,60.31,Hírügynökségi tevékenység,60.3,Hírügynökségi és egyéb tartalomterjesztési tevékenység,60,"Műsor-összeállítás, műsorszolgáltatás, hírügynökségi és egyéb tartalomterjesztési tevékenység",J,"KIADÓI TEVÉKENYSÉG, MŰSORSZOLGÁLTATÁS, TARTALOMSZOLGÁLTATÁS ÉS -TERJESZTÉS",113,Korlátolt felelősségű társaság,11,Gazdasági társaság,1,Jogi személyiségű vállalkozás,13,Pest,12,Pest,1,Közép-Magyarország,,,,0.028185328185328186,0.0002011242447316975,140.13888888888889,140,1.3763881881375053,0.009821600549643249,139,146,7
484,236078,tixa.hu,TIXA Hungary,https://www.tixa.hu/aszf,2026-01-04,24813064-2-04,https://www.tixa.hu/aszf,2026-01-04,24813064 7990 113 04,2026-01-04,79.90,Egyéb foglalás,79.9,Egyéb foglalás,79,"Utazásközvetítés, utazásszervezés, egyéb foglalás",O,ADMINISZTRATÍV ÉS SZOLGÁLTATÁST TÁMOGATÓ TEVÉKENYSÉG,113,Korlátolt felelősségű társaság,11,Gazdasági társaság,1,Jogi személyiségű vállalkozás,04,Békés,70,Dél-Alföld,3,Alföld és Észak,,,,0.8926640926640926,0.022041088707755382,40.5,37.5,12.29053061739577,0.3034698917875499,0,67,67
486,237415,bitcoinbazis.hu,,,,,,,,,,,,,,,,,,,,,,,,,,,,,,,,0.11222651222651223,0.0032477125724714624,34.55555555555556,36,6.082501573927078,0.17602094586927233,16,46,30
488,238288,mult-kor.hu,Múlt-kor Kulturális Alapítvány,https://mult-kor.hu/aszf_adatvedelem_beszamolo,2026-01-04,18689792-2-41,https://ceginfo.hu//ceg-adatlap/mult-kor-kulturalis-alapitvany-1399003045.html,2026-01-04,18689792 9499 569 01,2026-01-04,94.99,"M.n.s. egyéb közösségi, társadalmi tevékenység",94.9,"Egyéb közösségi, társadalmi tevékenység",94,Érdekképviselet,T,EGYÉB SZOLGÁLTATÁS,569,Egyéb alapítvány,56,"Alapítvány, jogi személyiségű intézménye és szervezeti egysége",5,Jogi személyiségű nonprofit szervezet,01,Budapest,11,Budapest,1,Közép-Magyarország,,,,-0.1510939510939511,-0.0023028713968595493,65.61111111111111,65,2.6862377065094263,0.040941810937484904,61,72,11
490,239198,konzolvilag.hu,Gamers.eu,https://content.konzolvilag.hu/aszf/hu-4/altalanos-szerzodesi-feltetelek-2025-10-08.pdf?v=5,2026-01-04,32739035-2-13,https://ceginfo.hu//ceg-adatlap/gamerseu-kft-1309238475.html,2026-01-04,32739035 4740 113 13,2026-01-04,47.40,"Információs, híradástechnikai termék kiskereskedelme",47.4,"Információs, híradástechnikai termék kiskereskedelme",47,Kiskereskedelem,G,KERESKEDELEM,113,Korlátolt felelősségű társaság,11,Gazdasági társaság,1,Jogi személyiségű vállalkozás,13,Pest,12,Pest,1,Közép-Magyarország,,,,2.517889317889318,0.035297513802186715,71.33333333333333,44,79.9632058243933,1.1209795209027098,41,308,267
491,239266,prtelecom.hu,PR-TELECOM,https://prtelecom.hu,2026-01-04,11951216-2-05,https://ceginfo.hu//ceg-adatlap/pr-telecom-tavkoezlesi-kereskedelmi-es-szolgaltato-zrt-0510000347.html,2026-01-04,11951216 6110 114 05,2026-01-04,61.10,"Vezetékes, vezeték nélküli és műholdas távközlés",61.1,"Vezetékes, vezeték nélküli és műholdas távközlés",61,Távközlés,K,"TÁVKÖZLÉS, SZÁMÍTÓGÉPES PROGRAMOZÁS, INFORMÁCIÓTECHNOLÓGIAI SZAKTANÁCSADÁS, SZÁMÍTÁSTECHNIKAI INFRASTRUKTÚRA ÉS EGYÉB INFORMÁCIÓS SZOLGÁLTATÁSOK",114,Részvénytársaság,11,Gazdasági társaság,1,Jogi személyiségű vállalkozás,05,Borsod-Abaúj-Zemplén,50,Észak-Magyarország,3,Alföld és Észak,,,,-0.0034749034749034747,-0.00004244876996830168,81.86111111111111,82,3.217388273365107,0.03930301250123646,76,90,14
492,240354,bank360.hu,Bank360,https://bank360.hu/sites/default/files/docs_uploaded/bank360_legal_documents/Impresszum%20-%202021.08.03.pdf,2026-01-04,25716355-2-42,https://bank360.hu/sites/default/files/docs_uploaded/bank360_legal_documents/Impresszum%20-%202021.08.03.pdf,2026-01-04,25716355 7312 114 01,2026-01-04,73.12,Médiareklám,73.1,Reklám,73,"Reklám, piackutatás, PR-tevékenység",N,"SZAKMAI, TUDOMÁNYOS, MŰSZAKI TEVÉKENYSÉG",114,Részvénytársaság,11,Gazdasági társaság,1,Jogi személyiségű vállalkozás,01,Budapest,11,Budapest,1,Közép-Magyarország,,,,0.1745173745173745,0.0012884793852800814,135.44444444444446,136.5,4.423601922444419,0.03265989934536486,129,142,13
493,240726,direkt36.hu,Direkt36 Nonprofit,https://www.direkt36.hu/impresszum/,2026-01-04,25004582-2-41,https://ceginfo.hu//ceg-adatlap/direkt36-ujsagiro-koezpont-nonprofit-kft-0109194184.html,2026-01-04,25004582 6039 572 01,2026-01-04,60.39,Egyéb tartalomterjesztési tevékenység,60.3,Hírügynökségi és egyéb tartalomterjesztési tevékenység,60,"Műsor-összeállítás, műsorszolgáltatás, hírügynökségi és egyéb tartalomterjesztési tevékenység",J,"KIADÓI TEVÉKENYSÉG, MŰSORSZOLGÁLTATÁS, TARTALOMSZOLGÁLTATÁS ÉS -TERJESZTÉS",572,Nonprofit korlátolt felelősségű társaság,57,Nonprofit gazdasági társaság,5,Jogi személyiségű nonprofit szervezet,01,Budapest,11,Budapest,1,Közép-Magyarország,,,,0.032432432432432434,0.005120910384068335,6.333333333333333,6,0.6324555320336758,0.09986139979479092,6,8,2
494,241281,szekesfehervar.hu,Székesfehérvár Megyei Jogú Város Önkormányzata,https://www.szekesfehervar.hu/page/menu/4,2026-01-04,15726999-2-07,https://ceginfo.hu//ceg-adatlap/szekesfehervar-megyei-jogu-varos-oenkormanyzata-0798000918.html,2026-01-04,15726999 8411 321 07,2026-01-04,84.11,Általános közigazgatás,84.1,Közigazgatás,84,"Közigazgatás, védelem, kötelező társadalombiztosítás",P,"KÖZIGAZGATÁS, VÉDELEM; KÖTELEZŐ TÁRSADALOMBIZTOSÍTÁS",321,Helyi önkormányzat,32,Helyi önkormányzati költségvetési irányító és költségvetési szervek,3,Költségvetési szervek és költségvetési rend szerint gazdálkodó szervek,07,Fejér,20,Közép-Dunántúl,2,Dunántúl,,,,0.00398970398970399,0.001206969274196208,3.3055555555555554,3,0.5247826458609558,0.15875777521844042,3,5,2
498,242026,mupa.hu,Müpa Budapest Nonprofit,https://mupa.hu/adatvedelem,2026-01-04,12697715-2-43,https://ceginfo.hu//ceg-adatlap/muepa-budapest-muveszetek-palotaja-nonprofit-kft-0109699056.html,2026-01-04,12697715 9020 572 01,2026-01-04,90.20,Előadó-művészet,90.2,Előadó-művészet,90,"Alkotóművészet, előadó-művészet",S,"MŰVÉSZET, SPORT, SZABADIDŐ",572,Nonprofit korlátolt felelősségű társaság,57,Nonprofit gazdasági társaság,5,Jogi személyiségű nonprofit szervezet,01,Budapest,11,Budapest,1,Közép-Magyarország,,,,0.14092664092664092,0.0012480588126344342,112.91666666666667,111.5,3.008321791298265,0.02664196420337947,106,121,15
500,243579,nava.hu,MTVA Digitalizációs Műhely,https://nava.hu/impresszum/,2026-01-04,23477683-2-41,https://ceginfo.hu//ceg-adatlap/mtva-digitalizacios-muhely-kft-0109967394.html,2026-01-04,23477683 6310 113 01,2026-01-04,63.10,"Számítástechnikai infrastruktúra, adatfeldolgozás, tárhelyszolgáltatás és kapcsolódó szolgáltatások",63.1,"Számítástechnikai infrastruktúra, adatfeldolgozás, tárhelyszolgáltatás és kapcsolódó szolgáltatások",63,"Számítástechnikai infrastruktúra, adatfeldolgozás, tárhelyszolgáltatás és egyéb információs szolgáltatási tevékenységek",K,"TÁVKÖZLÉS, SZÁMÍTÓGÉPES PROGRAMOZÁS, INFORMÁCIÓTECHNOLÓGIAI SZAKTANÁCSADÁS, SZÁMÍTÁSTECHNIKAI INFRASTRUKTÚRA ÉS EGYÉB INFORMÁCIÓS SZOLGÁLTATÁSOK",113,Korlátolt felelősségű társaság,11,Gazdasági társaság,1,Jogi személyiségű vállalkozás,01,Budapest,11,Budapest,1,Közép-Magyarország,,,,0,0,239,239,0,0,239,239,0
501,243850,nlcafe.hu,Central Médiacsoport,https://nlc.hu/impresszum/,2026-01-04,25087910-2-41,https://24.hu/impresszum/,2025-07-04,25087910 5813 114 01,2025-12-21,58.13,"Folyóirat, időszaki kiadvány kiadása",58.1,"Könyv-, napilapkiadás, egyéb kiadói tevékenység (kivéve: szoftverkiadás)",58,Kiadói tevékenység,J,"KIADÓI TEVÉKENYSÉG, MŰSORSZOLGÁLTATÁS, TARTALOMSZOLGÁLTATÁS ÉS -TERJESZTÉS",114,Részvénytársaság,11,Gazdasági társaság,1,Jogi személyiségű vállalkozás,01,Budapest,11,Budapest,1,Közép-Magyarország,,,,-0.8495495495495495,-0.006650094321327215,127.75,123.5,12.82491993848583,0.10039076272787344,109,150,41
504,244204,pcguru.hu,Esport1,https://www.pcguru.hu/impresszum,2026-01-04,25957428-2-41,https://ceginfo.hu//ceg-adatlap/esport1-kft-0109298495.html,2025-12-29,25957428 6391 113 01,2025-12-29,63.91,Internetes keresőportállal kapcsolatos tevékenységek,63.9,Internetes keresőportállal kapcsolatos tevékenységek és egyéb információs szolgáltatás,63,"Számítástechnikai infrastruktúra, adatfeldolgozás, tárhelyszolgáltatás és egyéb információs szolgáltatási tevékenységek",K,"TÁVKÖZLÉS, SZÁMÍTÓGÉPES PROGRAMOZÁS, INFORMÁCIÓTECHNOLÓGIAI SZAKTANÁCSADÁS, SZÁMÍTÁSTECHNIKAI INFRASTRUKTÚRA ÉS EGYÉB INFORMÁCIÓS SZOLGÁLTATÁSOK",113,Korlátolt felelősségű társaság,11,Gazdasági társaság,1,Jogi személyiségű vállalkozás,01,Budapest,11,Budapest,1,Közép-Magyarország,,,,-0.7068211068211068,-0.02783978101264755,25.38888888888889,29.5,8.619836848896115,0.33951217347949686,11,35,24
507,245648,haszon.hu,HAMU és GYÉMÁNT Média,https://haszon.hu/impresszum/,2026-01-04,12965669-2-41,https://ceginfo.hu//ceg-adatlap/hamu-es-gyemant-media-kft-0109712316.html,2026-01-04,12965669 7330 113 01,2026-01-04,73.30,PR-tevékenység,73.3,PR-tevékenység,73,"Reklám, piackutatás, PR-tevékenység",N,"SZAKMAI, TUDOMÁNYOS, MŰSZAKI TEVÉKENYSÉG",113,Korlátolt felelősségű társaság,11,Gazdasági társaság,1,Jogi személyiségű vállalkozás,01,Budapest,11,Budapest,1,Közép-Magyarország,,,,-0.14118404118404118,-0.005916909758586224,23.86111111111111,23,2.3318022187358833,0.0977239579446936,18,27,9
509,246456,fszek.hu,Fővárosi Szabó Ervin Könyvtár,https://fszek.hu/page/impressum,2026-01-04,15490768-2-42,https://ceginfo.hu//ceg-adatlap/fovarosi-szabo-ervin-koenyvtar-0198000565.html,2026-01-04,15490768 9111 322 01,2026-01-04,91.11,Könyvtári tevékenység,91.1,"Könyvtári, levéltári tevékenység",91,"Könyvtári, levéltári, múzeumi, egyéb kulturális tevékenység",S,"MŰVÉSZET, SPORT, SZABADIDŐ",322,Helyi önkormányzati költségvetési szerv,32,Helyi önkormányzati költségvetési irányító és költségvetési szervek,3,Költségvetési szervek és költségvetési rend szerint gazdálkodó szervek,01,Budapest,11,Budapest,1,Közép-Magyarország,,,,-0.03359073359073359,-0.0005850345472986892,57.416666666666664,57,4.5,0.0783744557329463,49,65,16
511,246835,mnm.hu,Magyar Nemzeti Múzeum Közgyűjteményi Központ,https://mnm.hu/sites/default/files/mnm_adatkezelesi_tajekoztato_20210701_.pdf,2026-01-04,15321226-2-42,https://ceginfo.hu//ceg-adatlap/magyar-nemzeti-muzeum-koezgyujtemenyi-koezpont-0198000187.html,2026-01-04,15321226 9121 312 01,2026-01-04,91.21,"Múzeumi, gyűjteményi tevékenység",91.2,"Múzeumi, gyűjteményi, történelmi helyszíni, műemléki tevékenységek",91,"Könyvtári, levéltári, múzeumi, egyéb kulturális tevékenység",S,"MŰVÉSZET, SPORT, SZABADIDŐ",312,Központi költségvetési szerv,31,Központi költségvetési irányító és költségvetési szervek,3,Költségvetési szervek és költségvetési rend szerint gazdálkodó szervek,01,Budapest,11,Budapest,1,Közép-Magyarország,,,,-0.17155727155727155,-0.0142634221156161,12.027777777777779,13,4.150635828132574,0.34508750534127636,1,17,16
514,249375,maltai.hu,Magyar Máltai Szeretetszolgálat,https://maltai.hu/,2026-01-04,19025702-2-44,https://maltai.hu/,2026-01-04,19025702 9499 529 01,2026-01-04,94.99,"M.n.s. egyéb közösségi, társadalmi tevékenység",94.9,"Egyéb közösségi, társadalmi tevékenység",94,Érdekképviselet,T,EGYÉB SZOLGÁLTATÁS,529,Egyéb egyesület,52,Az egyesület egyéb formái,5,Jogi személyiségű nonprofit szervezet,01,Budapest,11,Budapest,1,Közép-Magyarország,,,,-0.06615186615186615,-0.0016222528484109123,40.77777777777778,41,2.1126978164167407,0.051810028195505904,36,43,7
515,250208,epitoipartudakozo.hu,Tudakozó Bázis,https://www.epitoipartudakozo.hu/index.php?main=main_contact,2026-01-04,14465990-2-42,https://ceginfo.hu//ceg-adatlap/tudakozo-bazis-szolgaltato-kft-0109905035.html,2026-01-04,14465990 6039 113 01,2026-01-04,60.39,Egyéb tartalomterjesztési tevékenység,60.3,Hírügynökségi és egyéb tartalomterjesztési tevékenység,60,"Műsor-összeállítás, műsorszolgáltatás, hírügynökségi és egyéb tartalomterjesztési tevékenység",J,"KIADÓI TEVÉKENYSÉG, MŰSORSZOLGÁLTATÁS, TARTALOMSZOLGÁLTATÁS ÉS -TERJESZTÉS",113,Korlátolt felelősségű társaság,11,Gazdasági társaság,1,Jogi személyiségű vállalkozás,01,Budapest,11,Budapest,1,Közép-Magyarország,,,,0.04916344916344916,0.0010278072995843158,47.833333333333336,47,0.9411239481143205,0.019675065117372555,47,49,2
516,251285,pcwplus.hu,Project029 Magyarország Szolgáltató,https://www.project029.com/impresszum#pcworld,2026-01-04,27922965-2-42,https://ceginfo.hu//ceg-adatlap/project029-magyarorszag-szolgaltato-kft-kenyszertoerles-alatt-0109357277.html,2025-12-25,27922965 5813 113 01,2025-12-25,58.13,"Folyóirat, időszaki kiadvány kiadása",58.1,"Könyv-, napilapkiadás, egyéb kiadói tevékenység (kivéve: szoftverkiadás)",58,Kiadói tevékenység,J,"KIADÓI TEVÉKENYSÉG, MŰSORSZOLGÁLTATÁS, TARTALOMSZOLGÁLTATÁS ÉS -TERJESZTÉS",113,Korlátolt felelősségű társaság,11,Gazdasági társaság,1,Jogi személyiségű vállalkozás,01,Budapest,11,Budapest,1,Közép-Magyarország,,,,-0.19832689832689832,-0.012460328690695225,15.916666666666666,15.5,2.921594476602509,0.18355567392267072,12,23,11
517,251491,619.hu,,,,,,,,,,,,,,,,,,,,,,,,,,,,,,,,0,0,1,1,0,0,1,1,0
518,252700,p3k.hu,Central Médiacsoport,https://p3k.hu/,2026-01-04,25087910-2-41,https://24.hu/impresszum/,2025-07-04,25087910 5813 114 01,2025-12-21,58.13,"Folyóirat, időszaki kiadvány kiadása",58.1,"Könyv-, napilapkiadás, egyéb kiadói tevékenység (kivéve: szoftverkiadás)",58,Kiadói tevékenység,J,"KIADÓI TEVÉKENYSÉG, MŰSORSZOLGÁLTATÁS, TARTALOMSZOLGÁLTATÁS ÉS -TERJESZTÉS",114,Részvénytársaság,11,Gazdasági társaság,1,Jogi személyiségű vállalkozás,01,Budapest,11,Budapest,1,Közép-Magyarország,,,,0,0,9,9,0,0,9,9,0
519,253132,oktatastudakozo.hu,Tudakozó Bázis,https://www.oktatastudakozo.hu/index.php?main=main_contact,2026-01-04,14465990-2-42,https://ceginfo.hu//ceg-adatlap/tudakozo-bazis-szolgaltato-kft-0109905035.html,2026-01-04,14465990 6039 113 01,2026-01-04,60.39,Egyéb tartalomterjesztési tevékenység,60.3,Hírügynökségi és egyéb tartalomterjesztési tevékenység,60,"Műsor-összeállítás, műsorszolgáltatás, hírügynökségi és egyéb tartalomterjesztési tevékenység",J,"KIADÓI TEVÉKENYSÉG, MŰSORSZOLGÁLTATÁS, TARTALOMSZOLGÁLTATÁS ÉS -TERJESZTÉS",113,Korlátolt felelősségű társaság,11,Gazdasági társaság,1,Jogi személyiségű vállalkozás,01,Budapest,11,Budapest,1,Közép-Magyarország,,,,0.09382239382239382,0.003950416581995529,23.75,24,1.105182596419511,0.04653400405976888,21,25,4
520,253274,nyilvantarto.hu,Belügyminisztérium,https://www.nyilvantarto.hu/hu/,2026-01-04,15311605-2-41,https://ceginfo.hu//ceg-adatlap/beluegyminiszterium-0198000017.html,2026-01-04,15311605 8411 311 01,2026-01-04,84.11,Általános közigazgatás,84.1,Közigazgatás,84,"Közigazgatás, védelem, kötelező társadalombiztosítás",P,"KÖZIGAZGATÁS, VÉDELEM; KÖTELEZŐ TÁRSADALOMBIZTOSÍTÁS",311,Központi költségvetési irányító szerv,31,Központi költségvetési irányító és költségvetési szervek,3,Költségvetési szervek és költségvetési rend szerint gazdálkodó szervek,01,Budapest,11,Budapest,1,Közép-Magyarország,,,,0,0,153,153,0,0,153,153,0
521,253279,listamester.hu,Bithuszárok,https://www.listamester.hu/impresszum,2026-01-05,21158218-2-13,https://www.listamester.hu/impresszum,2026-01-05,21158218 6210 117 13,2026-01-05,62.10,Számítógépes programozás,62.1,Számítógépes programozás,62,Információtechnológiai szolgáltatás,K,"TÁVKÖZLÉS, SZÁMÍTÓGÉPES PROGRAMOZÁS, INFORMÁCIÓTECHNOLÓGIAI SZAKTANÁCSADÁS, SZÁMÍTÁSTECHNIKAI INFRASTRUKTÚRA ÉS EGYÉB INFORMÁCIÓS SZOLGÁLTATÁSOK",117,Betéti társaság,11,Gazdasági társaság,1,Jogi személyiségű vállalkozás,13,Pest,12,Pest,1,Közép-Magyarország,,,,0,0,12,12,0,0,12,12,0
522,253311,egyediajandekotletek.hu,,,,,,,,,,,,,,,,,,,,,,,,,,,,,,,,0,0,13,13,0,0,13,13,0
524,254922,erstebank.hu,Erste Bank Hungary,https://www.erstebank.hu/hu/impresszum,2026-01-05,10197879-4-44,https://ceginfo.hu//ceg-adatlap/erste-bank-hungary-zrt-0110041054.html,2026-01-05,10197879 6419 114 01,2026-01-05,64.19,Egyéb monetáris közvetítés,64.1,Monetáris közvetítés,64,"Pénzügyi szolgáltatás (kivéve: biztosítási, nyugdíjpénztári tevékenység)",L,"PÉNZÜGYI, BIZTOSÍTÁSI TEVÉKENYSÉG",114,Részvénytársaság,11,Gazdasági társaság,1,Jogi személyiségű vállalkozás,01,Budapest,11,Budapest,1,Közép-Magyarország,,,,0.01595881595881596,0.00062995326153225,25.333333333333332,25,1.4735767952260144,0.05816750507471109,23,29,6
525,255382,adaptivemedia.hu,Sales Contact,https://adaptivemedia.hu/Sales_Contact_Altalanos_Szerzodesi_Feltetelek.pdf,2026-01-05,14579770-2-43,https://adaptivemedia.hu/Sales_Contact_Altalanos_Szerzodesi_Feltetelek.pdf,2026-01-05,14579770 7312 113 01,2026-01-05,73.12,Médiareklám,73.1,Reklám,73,"Reklám, piackutatás, PR-tevékenység",N,"SZAKMAI, TUDOMÁNYOS, MŰSZAKI TEVÉKENYSÉG",113,Korlátolt felelősségű társaság,11,Gazdasági társaság,1,Jogi személyiségű vállalkozás,01,Budapest,11,Budapest,1,Közép-Magyarország,,,,0.03861003861003861,0.00046989905002083775,82.16666666666667,82,0.6969320524371693,0.008481931672663317,81,83,2
526,255656,fidelio.hu,Programmagazin Kiadó,https://fidelio.hu/impresszum.html,2026-01-05,26174293-2-41,https://ceginfo.hu//ceg-adatlap/programmagazin-kiado-kft-0109305944.html,2026-01-05,26174293 5813 113 01,2026-01-05,58.13,"Folyóirat, időszaki kiadvány kiadása",58.1,"Könyv-, napilapkiadás, egyéb kiadói tevékenység (kivéve: szoftverkiadás)",58,Kiadói tevékenység,J,"KIADÓI TEVÉKENYSÉG, MŰSORSZOLGÁLTATÁS, TARTALOMSZOLGÁLTATÁS ÉS -TERJESZTÉS",113,Korlátolt felelősségű társaság,11,Gazdasági társaság,1,Jogi személyiségű vállalkozás,01,Budapest,11,Budapest,1,Közép-Magyarország,,,,-0.1712998712998713,-0.001430479092274452,119.75,119,8.271724643109717,0.06907494482763855,106,138,32
527,255730,jobline.hu,HVG Kiadó,https://jobline.hu/impresszum,2026-01-05,10226353-2-41,https://ceginfo.hu//ceg-adatlap/heti-vilaggazdasag-kiadoi-zrt-0110041172.html,2025-12-21,10226353 5813 114 01,2025-12-21,58.13,"Folyóirat, időszaki kiadvány kiadása",58.1,"Könyv-, napilapkiadás, egyéb kiadói tevékenység (kivéve: szoftverkiadás)",58,Kiadói tevékenység,J,"KIADÓI TEVÉKENYSÉG, MŰSORSZOLGÁLTATÁS, TARTALOMSZOLGÁLTATÁS ÉS -TERJESZTÉS",114,Részvénytársaság,11,Gazdasági társaság,1,Jogi személyiségű vállalkozás,01,Budapest,11,Budapest,1,Közép-Magyarország,,,,-0.07657657657657657,-0.0037303880335003083,20.52777777777778,21,2.8333333333333335,0.13802435723951287,4,21,17
528,256153,szegedma.hu,Mediaworks Hungary,https://szegedma.hu/impresszum,2026-01-05,24785725-2-44,https://videa.hu/szolgaltato_adatai,2025-07-04,24785725 5812 114 01,2025-12-21,58.12,Napilapkiadás,58.1,"Könyv-, napilapkiadás, egyéb kiadói tevékenység (kivéve: szoftverkiadás)",58,Kiadói tevékenység,J,"KIADÓI TEVÉKENYSÉG, MŰSORSZOLGÁLTATÁS, TARTALOMSZOLGÁLTATÁS ÉS -TERJESZTÉS",114,Részvénytársaság,11,Gazdasági társaság,1,Jogi személyiségű vállalkozás,01,Budapest,11,Budapest,1,Közép-Magyarország,,,,-0.5468468468468468,-0.02057104126069646,26.583333333333332,22,8.754998572244313,0.32934163908129077,18,41,23
529,257335,szeged.hu,Szegedi Rendezvény- és Médiaközpont Nonprofit,https://szeged.hu/impresszum,2026-01-05,18457627-2-06,https://ceginfo.hu//ceg-adatlap/szegedi-rendezveny-es-mediakoezpont-nonprofit-kft-0609011601.html,2026-01-05,18457627 9039 572 06,2026-01-05,90.39,"Egyéb alkotó-, előadó-művészetet kiegészítő tevékenység",90.3,"Alkotó-, előadó-művészetet kiegészítő tevékenység",90,"Alkotóművészet, előadó-művészet",S,"MŰVÉSZET, SPORT, SZABADIDŐ",572,Nonprofit korlátolt felelősségű társaság,57,Nonprofit gazdasági társaság,5,Jogi személyiségű nonprofit szervezet,06,Csongrád-Csanád,70,Dél-Alföld,3,Alföld és Észak,,,,-0.0703989703989704,-0.003732493275939414,18.86111111111111,19,3.0997951801256414,0.16434849261343606,13,25,12
531,258605,gyor.hu,Győr Megyei Jogú Város Önkormányzata,https://gyor.hu/easy-docs/6181106de8d56,2026-01-05,15735595-2-08,https://ceginfo.hu//ceg-adatlap/gyor-megyei-jogu-varos-oenkormanyzata-0898001177.html,2026-01-05,15735595 8411 321 08,2026-01-05,84.11,Általános közigazgatás,84.1,Közigazgatás,84,"Közigazgatás, védelem, kötelező társadalombiztosítás",P,"KÖZIGAZGATÁS, VÉDELEM; KÖTELEZŐ TÁRSADALOMBIZTOSÍTÁS",321,Helyi önkormányzat,32,Helyi önkormányzati költségvetési irányító és költségvetési szervek,3,Költségvetési szervek és költségvetési rend szerint gazdálkodó szervek,08,Győr-Moson-Sopron,30,Nyugat-Dunántúl,2,Dunántúl,,,,0.14954954954954955,0.0015714488569129985,95.16666666666667,96,1.9639610121239324,0.020637068428622757,92,99,7
532,258737,innospectrum.hu,InnoSpectrum Nonprofit,https://www.innospectrum.hu/,2026-01-05,14626009-2-05,https://ceginfo.hu//ceg-adatlap/innospectrum-nyilt-innovacios-szolgaltatasok-nonprofit-kft-0509017004.html,2026-01-05,14626009 7210 572 05,2026-01-05,72.10,"Természettudományi, műszaki kutatás, kísérleti fejlesztés",72.1,"Természettudományi, műszaki kutatás, kísérleti fejlesztés",72,"Tudományos kutatás, fejlesztés",N,"SZAKMAI, TUDOMÁNYOS, MŰSZAKI TEVÉKENYSÉG",572,Nonprofit korlátolt felelősségű társaság,57,Nonprofit gazdasági társaság,5,Jogi személyiségű nonprofit szervezet,05,Borsod-Abaúj-Zemplén,50,Észak-Magyarország,3,Alföld és Észak,,,,0,0,48,48,0,0,48,48,0
533,259786,budapestpark.hu,Kultúrpark,https://www.budapestpark.hu/pages/impresszum,2026-01-05,27059571-2-43,https://www.budapestpark.hu/pages/impresszum,2026-01-05,27059571 9039 114 01,2026-01-05,90.39,"Egyéb alkotó-, előadó-művészetet kiegészítő tevékenység",90.3,"Alkotó-, előadó-művészetet kiegészítő tevékenység",90,"Alkotóművészet, előadó-művészet",S,"MŰVÉSZET, SPORT, SZABADIDŐ",114,Részvénytársaság,11,Gazdasági társaság,1,Jogi személyiségű vállalkozás,01,Budapest,11,Budapest,1,Közép-Magyarország,,,,0.03848133848133848,0.000672163117578043,57.25,57,3.483635211343789,0.06084952334224959,51,64,13
534,260516,antsz.hu,NEMZETI NÉPEGÉSZSÉGÜGYI ÉS GYÓGYSZERÉSZETI KÖZPONT,https://antsz.hu/,2026-01-05,15598787-2-43,https://ceginfo.hu//ceg-adatlap/nemzeti-nepegeszseguegyi-es-gyogyszereszeti-koezpont-0198003020.html,2026-01-05,15598787 8412 312 01,2026-01-05,84.12,"Egészségügy, oktatás, kultúra, egyéb szociális szolgáltatás igazgatása",84.1,Közigazgatás,84,"Közigazgatás, védelem, kötelező társadalombiztosítás",P,"KÖZIGAZGATÁS, VÉDELEM; KÖTELEZŐ TÁRSADALOMBIZTOSÍTÁS",312,Központi költségvetési szerv,31,Központi költségvetési irányító és költségvetési szervek,3,Költségvetési szervek és költségvetési rend szerint gazdálkodó szervek,01,Budapest,11,Budapest,1,Közép-Magyarország,,,,0,0,6,6,0,0,6,6,0
535,261569,magyarepitok.hu,BC,https://magyarepitok.hu/impresszum,2026-01-05,32521591-2-43,https://ceginfo.hu//ceg-adatlap/bc-zrt-0110142758.html,2026-01-05,32521591 5819 114 01,2026-01-05,58.19,Egyéb kiadói tevékenység (kivéve: szoftverkiadás),58.1,"Könyv-, napilapkiadás, egyéb kiadói tevékenység (kivéve: szoftverkiadás)",58,Kiadói tevékenység,J,"KIADÓI TEVÉKENYSÉG, MŰSORSZOLGÁLTATÁS, TARTALOMSZOLGÁLTATÁS ÉS -TERJESZTÉS",114,Részvénytársaság,11,Gazdasági társaság,1,Jogi személyiségű vállalkozás,01,Budapest,11,Budapest,1,Közép-Magyarország,,,,0.1075933075933076,0.00492793775236519,21.833333333333332,21.5,1.5023790657297036,0.06881125491891772,20,25,5
536,262334,pagony.hu,Pozsonyi Pagony,https://www.pagony.hu/impresszum,2026-01-05,12706552-2-41,https://www.pagony.hu/impresszum,2026-01-05,12706552 4761 113 01,2026-01-05,47.61,Könyv-kiskereskedelem,47.6,"Kulturális, szabadidős cikk kiskereskedelme",47,Kiskereskedelem,G,KERESKEDELEM,113,Korlátolt felelősségű társaság,11,Gazdasági társaság,1,Jogi személyiségű vállalkozás,01,Budapest,11,Budapest,1,Közép-Magyarország,,,,-0.018275418275418277,-0.000032127896177132265,568.8333333333334,569,0.37796447300922725,0.0006644555634501505,568,569,1
537,263193,bestbyte.hu,BestByte,https://www.bestbyte.hu/,2026-01-05,14858480-2-44,https://ceginfo.hu//ceg-adatlap/bestbyte-kereskedelmi-es-szolgaltato-kft-0109923260.html,2026-01-05,14858480 4712 113 01,2026-01-05,47.12,Iparcikk jellegű vegyes kiskereskedelem,47.1,Vegyes termékkörű kiskereskedelem,47,Kiskereskedelem,G,KERESKEDELEM,113,Korlátolt felelősségű társaság,11,Gazdasági társaság,1,Jogi személyiségű vállalkozás,01,Budapest,11,Budapest,1,Közép-Magyarország,,,,-0.5198198198198198,-0.004647011053765466,111.86111111111111,114.5,11.740413177878432,0.10495527052486306,55,124,69
541,265814,itcafe.hu,PROHARDVER Informatikai,https://prohardver.hu/allando/impresszum.html,2026-01-05,12919709-2-41,https://hardverapro.hu/allando/impresszum.html,2025-11-18,12919709 5813 113 01,2025-12-21,58.13,"Folyóirat, időszaki kiadvány kiadása",58.1,"Könyv-, napilapkiadás, egyéb kiadói tevékenység (kivéve: szoftverkiadás)",58,Kiadói tevékenység,J,"KIADÓI TEVÉKENYSÉG, MŰSORSZOLGÁLTATÁS, TARTALOMSZOLGÁLTATÁS ÉS -TERJESZTÉS",113,Korlátolt felelősségű társaság,11,Gazdasági társaság,1,Jogi személyiségű vállalkozás,01,Budapest,11,Budapest,1,Közép-Magyarország,,,,-0.5093951093951093,-0.005688034720292709,89.55555555555556,97,19.143733692321877,0.21376377572071575,0,102,102
543,265951,vidi.hu,Fehérvár FC,https://vidi.hu/impresszum,2026-01-04,11604873-2-07,https://ceginfo.hu//ceg-adatlap/fehervar-fc-sportszolgaltato-es-kereskedelmi-kft-0709006369.html,2026-01-04,11604873 9319 113 07,2026-01-04,93.19,M.n.s. sporttevékenység,93.1,Sporttevékenység,93,"Sport-, szórakoztató, szabadidős tevékenység",S,"MŰVÉSZET, SPORT, SZABADIDŐ",113,Korlátolt felelősségű társaság,11,Gazdasági társaság,1,Jogi személyiségű vállalkozás,07,Fejér,20,Közép-Dunántúl,2,Dunántúl,,,,-0.051866151866151865,-0.0006335871961932066,81.86111111111111,81.5,5.767657498141944,0.07045662366240583,69,97,28
546,267407,ezermester.hu,Ezermester 2000,https://ezermester.hu/cikk-5197/Kapcsolat__Impresszum,2026-01-05,12325283-2-42,https://ezermester.hu/cikk-5197/Kapcsolat__Impresszum,2026-01-05,12325283 5813 113 01,2026-01-05,58.13,"Folyóirat, időszaki kiadvány kiadása",58.1,"Könyv-, napilapkiadás, egyéb kiadói tevékenység (kivéve: szoftverkiadás)",58,Kiadói tevékenység,J,"KIADÓI TEVÉKENYSÉG, MŰSORSZOLGÁLTATÁS, TARTALOMSZOLGÁLTATÁS ÉS -TERJESZTÉS",113,Korlátolt felelősségű társaság,11,Gazdasági társaság,1,Jogi személyiségű vállalkozás,01,Budapest,11,Budapest,1,Közép-Magyarország,,,,0.0015444015444015444,0.0000666648148662408,23.166666666666668,23,0.3779644730092274,0.016315013223419886,23,24,1
547,267517,bkik.hu,Budapesti Kereskedelmi és Iparkamara,https://bkik.hu/impresszum,2026-01-05,18067666-2-41,https://bkik.hu/impresszum,2026-01-05,18067666 9411 541 01,2026-01-05,94.11,"Vállalkozói, munkaadói érdekképviselet",94.1,"Vállalkozói, munkaadói, szakmai érdekképviselet",94,Érdekképviselet,T,EGYÉB SZOLGÁLTATÁS,541,Kamara,54,Köztestület,5,Jogi személyiségű nonprofit szervezet,01,Budapest,11,Budapest,1,Közép-Magyarország,,,,-1.3243243243243243,-0.05828322209740305,22.72222222222222,14,17.375863573377725,0.764707932324692,8,51,43
548,268019,terrorhaza.hu,Közép- és Kelet-európai Történelem és Társadalom Kutatásáért Alapítvány,https://tortenelem.info.hu/impresszum,2026-01-05,18237010-2-43,https://tortenelem.info.hu/impresszum,2026-01-05,18237010 9499 560 01,2026-01-05,94.99,"M.n.s. egyéb közösségi, társadalmi tevékenység",94.9,"Egyéb közösségi, társadalmi tevékenység",94,Érdekképviselet,T,EGYÉB SZOLGÁLTATÁS,560,Közfeladatot ellátó közérdekű vagyonkezelő alapítvány,56,"Alapítvány, jogi személyiségű intézménye és szervezeti egysége",5,Jogi személyiségű nonprofit szervezet,01,Budapest,11,Budapest,1,Közép-Magyarország,,,,0.01673101673101673,0.002981765358002949,5.611111111111111,6,0.802772971919486,0.14306845044109653,4,6,2
549,268165,butor1.hu,Furniture1,https://www.butor1.hu/,2026-01-05,25359882-2-42,https://ceginfo.hu//ceg-adatlap/furniture1-kft-0109270625.html,2026-01-05,25359882 4755 113 01,2026-01-05,47.55,"Bútor, világítási eszköz, edény, evőeszköz és egyéb háztartási cikk kiskereskedelme",47.5,Egyéb háztartási cikk kiskereskedelme,47,Kiskereskedelem,G,KERESKEDELEM,113,Korlátolt felelősségű társaság,11,Gazdasági társaság,1,Jogi személyiségű vállalkozás,01,Budapest,11,Budapest,1,Közép-Magyarország,,,,-0.24427284427284426,-0.001642477100078973,148.72222222222223,147.5,13.624790663893547,0.09161233916700928,107,191,84
551,268223,fidesz.hu,Fidesz,https://fidesz.hu/,2026-01-05,19007225-1-42,https://ceginfo.hu//ceg-adatlap/fidesz-magyar-polgari-szoevetseg-0199014978.html,2026-01-05,19007225 9492 511 01,2026-01-05,94.92,Politikai tevékenység,94.9,"Egyéb közösségi, társadalmi tevékenység",94,Érdekképviselet,T,EGYÉB SZOLGÁLTATÁS,511,Párt,51,"Párt, érdekképviselet, szövetség, az egyesület jogi személyiséggel rendelkező szervezeti egysége",5,Jogi személyiségű nonprofit szervezet,01,Budapest,11,Budapest,1,Közép-Magyarország,,,,-0.07181467181467181,-0.0027099876156480005,26.5,24,4.088310863215481,0.15427588163077288,24,33,9
554,269507,funzine.hu,FUNZINE MÉDIA,https://funzine.hu/impresszum/,2026-01-05,13712347-2-41,https://ceginfo.hu//ceg-adatlap/funzine-media-kereskedelmi-es-szolgaltato-kft-0109869331.html,2026-01-05,13712347 7311 113 01,2026-01-05,73.11,Reklámügynöki tevékenység,73.1,Reklám,73,"Reklám, piackutatás, PR-tevékenység",N,"SZAKMAI, TUDOMÁNYOS, MŰSZAKI TEVÉKENYSÉG",113,Korlátolt felelősségű társaság,11,Gazdasági társaság,1,Jogi személyiségű vállalkozás,01,Budapest,11,Budapest,1,Közép-Magyarország,,,,-0.07194337194337194,-0.001439667254008493,49.97222222222222,50,2.443488268978372,0.04889693034086792,46,56,10
555,269900,truetosole.hu,TTS HEADQUARTERS,https://www.truetosole.hu/policies/terms-of-service,2026-01-05,32001897-2-41,https://ceginfo.hu//ceg-adatlap/tts-headquarters-zrt-0110141915.html,2026-01-05,32001897 4772 114 01,2026-01-05,47.72,"Lábbeli-, bőráru-kiskereskedelem",47.7,"Egyéb áruk kiskereskedelme (kivéve: gépjármű, motorkerékpár)",47,Kiskereskedelem,G,KERESKEDELEM,114,Részvénytársaság,11,Gazdasági társaság,1,Jogi személyiségű vállalkozás,01,Budapest,11,Budapest,1,Közép-Magyarország,,,,-2.8539253539253537,-0.009068877459732769,314.69444444444446,317.5,36.32930296562616,0.11544310237113088,217,359,142
556,272250,fortepan.hu,,,,,,,,,,,,,,,,,,,,,,,,,,,,,,,,0.008751608751608752,0.0001481928104693578,59.05555555555556,59,0.2323106841457232,0.003933765112533413,59,60,1
559,274690,billingo.hu,Billingo Technologies,https://www.billingo.hu/impresszum,2026-01-05,27926309-2-41,https://www.billingo.hu/impresszum,2026-01-05,27926309 6210 114 01,2026-01-05,62.10,Számítógépes programozás,62.1,Számítógépes programozás,62,Információtechnológiai szolgáltatás,K,"TÁVKÖZLÉS, SZÁMÍTÓGÉPES PROGRAMOZÁS, INFORMÁCIÓTECHNOLÓGIAI SZAKTANÁCSADÁS, SZÁMÍTÁSTECHNIKAI INFRASTRUKTÚRA ÉS EGYÉB INFORMÁCIÓS SZOLGÁLTATÁSOK",114,Részvénytársaság,11,Gazdasági társaság,1,Jogi személyiségű vállalkozás,01,Budapest,11,Budapest,1,Közép-Magyarország,,,,-1.15984555984556,-0.07998934895486644,14.5,2,13.603570959756958,0.9381773075694454,2,33,31
560,275243,regikonyvek.hu,Régikönyvek,https://www.regikonyvek.hu/oldalak/aszf,2026-01-05,25026317-2-41,https://www.regikonyvek.hu/oldalak/aszf,2026-01-05,25026317 4761 113 01,2026-01-05,47.61,Könyv-kiskereskedelem,47.6,"Kulturális, szabadidős cikk kiskereskedelme",47,Kiskereskedelem,G,KERESKEDELEM,113,Korlátolt felelősségű társaság,11,Gazdasági társaság,1,Jogi személyiségű vállalkozás,01,Budapest,11,Budapest,1,Közép-Magyarország,,,,-0.21196911196911197,-0.0028850238302034004,73.47222222222223,73.5,6.592142990435598,0.08972292917038999,55,88,33
565,278073,techworld.hu,UZINE,https://techworld.hu/adatkezelesi-tajekoztato/,2026-01-05,13853664-2-41,https://ceginfo.hu//ceg-adatlap/uzine-kommunikacios-es-media-tanacsado-kft-0109876709.html,2026-01-05,13853664 7330 113 01,2026-01-05,73.30,PR-tevékenység,73.3,PR-tevékenység,73,"Reklám, piackutatás, PR-tevékenység",N,"SZAKMAI, TUDOMÁNYOS, MŰSZAKI TEVÉKENYSÉG",113,Korlátolt felelősségű társaság,11,Gazdasági társaság,1,Jogi személyiségű vállalkozás,01,Budapest,11,Budapest,1,Közép-Magyarország,,,,0.04903474903474903,0.0014110719146689847,34.75,34,2.0336455654106214,0.05852217454419054,33,39,6
566,278366,novekedes.hu,Növekedés Média,https://novekedes.hu/s/impresszum,2026-01-05,32382578-2-43,https://ceginfo.hu//ceg-adatlap/noevekedes-media-kft-0109447667.html,2026-01-05,32382578 6391 113 01,2026-01-05,63.91,Internetes keresőportállal kapcsolatos tevékenységek,63.9,Internetes keresőportállal kapcsolatos tevékenységek és egyéb információs szolgáltatás,63,"Számítástechnikai infrastruktúra, adatfeldolgozás, tárhelyszolgáltatás és egyéb információs szolgáltatási tevékenységek",K,"TÁVKÖZLÉS, SZÁMÍTÓGÉPES PROGRAMOZÁS, INFORMÁCIÓTECHNOLÓGIAI SZAKTANÁCSADÁS, SZÁMÍTÁSTECHNIKAI INFRASTRUKTÚRA ÉS EGYÉB INFORMÁCIÓS SZOLGÁLTATÁSOK",113,Korlátolt felelősségű társaság,11,Gazdasági társaság,1,Jogi személyiségű vállalkozás,01,Budapest,11,Budapest,1,Közép-Magyarország,,,,0.008365508365508366,0.00004361452587378766,191.80555555555554,191,2.227355182971749,0.011612568658505861,185,196,11
567,279420,vasarnap.hu,Kovács K. Zoltán Alapítvány,https://vasarnap.hu/impresszum/,2026-01-05,19050735-2-42,https://ceginfo.hu//ceg-adatlap/kovacs-k-zoltan-alapitvany-0199038694.html,2026-01-05,19050735 9499 569 01,2026-01-05,94.99,"M.n.s. egyéb közösségi, társadalmi tevékenység",94.9,"Egyéb közösségi, társadalmi tevékenység",94,Érdekképviselet,T,EGYÉB SZOLGÁLTATÁS,569,Egyéb alapítvány,56,"Alapítvány, jogi személyiségű intézménye és szervezeti egysége",5,Jogi személyiségű nonprofit szervezet,01,Budapest,11,Budapest,1,Közép-Magyarország,,,,0.08545688545688546,0.00175998162268189,48.55555555555556,48.5,2.3107753113798273,0.04759033822063717,44,55,11
568,280230,kultura.hu,Petőfi Kulturális Ügynökség Nonprofit,https://kultura.hu/impresszum,2026-01-05,29229158-4-41,https://ceginfo.hu//ceg-adatlap/petofi-kulturalis-uegynoekseg-nonprofit-zrt-0110141338.html,2026-01-05,29229158 7330 573 01,2026-01-05,73.30,PR-tevékenység,73.3,PR-tevékenység,73,"Reklám, piackutatás, PR-tevékenység",N,"SZAKMAI, TUDOMÁNYOS, MŰSZAKI TEVÉKENYSÉG",573,Nonprofit részvénytársaság,57,Nonprofit gazdasági társaság,5,Jogi személyiségű nonprofit szervezet,01,Budapest,11,Budapest,1,Közép-Magyarország,,,,8.737966537966537,0.060169624209410036,145.22222222222223,69,131.91449852322873,0.9083630349725008,64,485,421
569,283304,obuda.hu,Óbuda-Békásmegyer Önkormányzat,https://obuda.hu/,2026-01-05,15735667-2-41,https://ceginfo.hu//ceg-adatlap/budapest-fovaros-iii-keruelet-obuda-bekasmegyer-oenkormanyzat-0198003143.html,2026-01-05,15735667 8411 321 01,2026-01-05,84.11,Általános közigazgatás,84.1,Közigazgatás,84,"Közigazgatás, védelem, kötelező társadalombiztosítás",P,"KÖZIGAZGATÁS, VÉDELEM; KÖTELEZŐ TÁRSADALOMBIZTOSÍTÁS",321,Helyi önkormányzat,32,Helyi önkormányzati költségvetési irányító és költségvetési szervek,3,Költségvetési szervek és költségvetési rend szerint gazdálkodó szervek,01,Budapest,11,Budapest,1,Közép-Magyarország,,,,0,0,7,7,0,0,7,7,0
570,283771,granitbank.hu,Gránit Bank,https://granitbank.hu/,2026-01-05,10189377-2-44,https://ceginfo.hu//ceg-adatlap/granit-bank-nyrt-0110041028.html,2026-01-05,10189377 6419 114 01,2026-01-05,64.19,Egyéb monetáris közvetítés,64.1,Monetáris közvetítés,64,"Pénzügyi szolgáltatás (kivéve: biztosítási, nyugdíjpénztári tevékenység)",L,"PÉNZÜGYI, BIZTOSÍTÁSI TEVÉKENYSÉG",114,Részvénytársaság,11,Gazdasági társaság,1,Jogi személyiségű vállalkozás,01,Budapest,11,Budapest,1,Közép-Magyarország,,,,0.43384813384813387,0.020964473581923226,20.694444444444443,24,7.815074972474469,0.3776412067235985,2,28,26
571,283883,minap.hu,MIKOM Miskolci Kommunikációs Nonprofit,https://minap.hu/impresszum,2026-01-05,18423121-2-05,https://ceginfo.hu//ceg-adatlap/mikom-miskolci-kommunikacios-nonprofit-kft-0509015911.html,2026-01-05,18423121 6020 572 05,2026-01-05,60.20,"Televízióműsor összeállítása, szolgáltatása, videótartalom-terjesztés",60.2,"Televízióműsor összeállítása, szolgáltatása, videótartalom-terjesztés",60,"Műsor-összeállítás, műsorszolgáltatás, hírügynökségi és egyéb tartalomterjesztési tevékenység",J,"KIADÓI TEVÉKENYSÉG, MŰSORSZOLGÁLTATÁS, TARTALOMSZOLGÁLTATÁS ÉS -TERJESZTÉS",572,Nonprofit korlátolt felelősségű társaság,57,Nonprofit gazdasági társaság,5,Jogi személyiségű nonprofit szervezet,05,Borsod-Abaúj-Zemplén,50,Észak-Magyarország,3,Alföld és Észak,,,,0.04298584298584299,0.0020415439940505847,21.055555555555557,22,3.170799308371353,0.15059205158491912,11,27,16
572,284654,kriptoworld.hu,Mészáros András,https://www.kriptoworld.hu/impresszum/,2026-01-05,48970372-1-39,https://ceginfo.hu//ceg-adatlap/meszaros-andras-1997110533.html,2026-01-05,48970372 6310 231 19,2026-01-05,63.10,"Számítástechnikai infrastruktúra, adatfeldolgozás, tárhelyszolgáltatás és kapcsolódó szolgáltatások",63.1,"Számítástechnikai infrastruktúra, adatfeldolgozás, tárhelyszolgáltatás és kapcsolódó szolgáltatások",63,"Számítástechnikai infrastruktúra, adatfeldolgozás, tárhelyszolgáltatás és egyéb információs szolgáltatási tevékenységek",K,"TÁVKÖZLÉS, SZÁMÍTÓGÉPES PROGRAMOZÁS, INFORMÁCIÓTECHNOLÓGIAI SZAKTANÁCSADÁS, SZÁMÍTÁSTECHNIKAI INFRASTRUKTÚRA ÉS EGYÉB INFORMÁCIÓS SZOLGÁLTATÁSOK",231,Egyéni vállalkozó,23,Önálló vállalkozó,2,Jogi személyiség nélküli vállalkozás,19,Veszprém,20,Közép-Dunántúl,2,Dunántúl,,,,-0.0583011583011583,-0.0008113033238661318,71.86111111111111,71,2.0164010057210873,0.02805969702588293,67,77,10
573,285054,bestmarkt.hu,,,,,,,,,,,,,,,,,,,,,,,,,,,,,,,,-5.833333333333333,-0.08030592734225621,72.63888888888889,129,69.83415160334329,0.9613879379427757,0,149,149
574,285084,kozterkep.hu,,,,,,,,,,,,,,,,,,,,,,,,,,,,,,,,0.38275418275418277,0.0013823385412470306,276.8888888888889,275,11.267596467691332,0.04069356669711957,260,309,49
575,285204,a38.hu,Zászlóshajó,https://www.a38.hu/hu/impresszum,2026-01-05,12664423-2-43,https://www.a38.hu/hu/impresszum,2026-01-05,12664423 7330 113 01,2026-01-05,73.30,PR-tevékenység,73.3,PR-tevékenység,73,"Reklám, piackutatás, PR-tevékenység",N,"SZAKMAI, TUDOMÁNYOS, MŰSZAKI TEVÉKENYSÉG",113,Korlátolt felelősségű társaság,11,Gazdasági társaság,1,Jogi személyiségű vállalkozás,01,Budapest,11,Budapest,1,Közép-Magyarország,,,,-1.58005148005148,-0.028888701514399824,54.69444444444444,56.5,20.4517822408072,0.3739279637730113,20,92,72
576,286717,salonic.hu,Salonic International,https://documents.salonic.hu/partner/aszf/,2026-01-05,32452499-2-41,https://documents.salonic.hu/partner/aszf/,2026-01-05,32452499 6210 114 01,2026-01-05,62.10,Számítógépes programozás,62.1,Számítógépes programozás,62,Információtechnológiai szolgáltatás,K,"TÁVKÖZLÉS, SZÁMÍTÓGÉPES PROGRAMOZÁS, INFORMÁCIÓTECHNOLÓGIAI SZAKTANÁCSADÁS, SZÁMÍTÁSTECHNIKAI INFRASTRUKTÚRA ÉS EGYÉB INFORMÁCIÓS SZOLGÁLTATÁSOK",114,Részvénytársaság,11,Gazdasági társaság,1,Jogi személyiségű vállalkozás,01,Budapest,11,Budapest,1,Közép-Magyarország,,,,-2.7927927927927927,-0.05286043140932726,52.833333333333336,38,33.219185506485346,0.6287542998072936,11,87,76
577,286788,around.hu,,,,,,,,,,,,,,,,,,,,,,,,,,,,,,,,0,0,4,4,0,0,4,4,0
579,287168,5percangol.hu,5FN Média,https://www.5percangol.hu/impresszum/,2026-01-05,28755445-2-41,https://ceginfo.hu//ceg-adatlap/5fn-media-kft-0109385645.html,2026-01-05,28755445 8559 113 01,2026-01-05,85.59,M.n.s. egyéb oktatás,85.5,Egyéb oktatás,85,Oktatás,Q,OKTATÁS,113,Korlátolt felelősségű társaság,11,Gazdasági társaság,1,Jogi személyiségű vállalkozás,01,Budapest,11,Budapest,1,Közép-Magyarország,,,,0.6709137709137709,0.0019167443657563598,350.02777777777777,358,39.16155995077032,0.11188129182031041,127,371,244
580,287169,zaol.hu,Mediaworks Hungary,https://www.zaol.hu/impresszum,2026-01-05,24785725-2-44,https://videa.hu/szolgaltato_adatai,2025-07-04,24785725 5812 114 01,2025-12-21,58.12,Napilapkiadás,58.1,"Könyv-, napilapkiadás, egyéb kiadói tevékenység (kivéve: szoftverkiadás)",58,Kiadói tevékenység,J,"KIADÓI TEVÉKENYSÉG, MŰSORSZOLGÁLTATÁS, TARTALOMSZOLGÁLTATÁS ÉS -TERJESZTÉS",114,Részvénytársaság,11,Gazdasági társaság,1,Jogi személyiségű vállalkozás,01,Budapest,11,Budapest,1,Közép-Magyarország,,,,-1.513899613899614,-0.0252199843129968,60.02777777777778,69,17.701470659017666,0.29488798876660616,33,79,46
581,287420,kecskemet.hu,Kecskemét Megyei Jogú Város Önkormányzata,https://kecskemet.hu/impresszum,2026-01-05,15724540-2-03,https://ceginfo.hu//ceg-adatlap/kecskemet-megyei-jogu-varos-oenkormanyzata-0398001159.html,2026-01-05,15724540 8411 321 03,2026-01-05,84.11,Általános közigazgatás,84.1,Közigazgatás,84,"Közigazgatás, védelem, kötelező társadalombiztosítás",P,"KÖZIGAZGATÁS, VÉDELEM; KÖTELEZŐ TÁRSADALOMBIZTOSÍTÁS",321,Helyi önkormányzat,32,Helyi önkormányzati költségvetési irányító és költségvetési szervek,3,Költségvetési szervek és költségvetési rend szerint gazdálkodó szervek,03,Bács-Kiskun,70,Dél-Alföld,3,Alföld és Észak,,,,0,0,28,28,0,0,28,28,0
582,287784,alfahir.hu,Kiegyensúlyozott Médiáért Alapítvány,https://alfahir.hu/impresszum,2026-01-05,18593729-1-43,https://ceginfo.hu//ceg-adatlap/kiegyensulyozott-mediaert-alapitvany-0199030275.html,2026-01-05,18593729 9499 569 01,2026-01-05,94.99,"M.n.s. egyéb közösségi, társadalmi tevékenység",94.9,"Egyéb közösségi, társadalmi tevékenység",94,Érdekképviselet,T,EGYÉB SZOLGÁLTATÁS,569,Egyéb alapítvány,56,"Alapítvány, jogi személyiségű intézménye és szervezeti egysége",5,Jogi személyiségű nonprofit szervezet,01,Budapest,11,Budapest,1,Közép-Magyarország,,,,0.02895752895752896,0.008760260861101144,3.3055555555555554,3,0.46717659215115664,0.1413307337600138,3,4,1
583,287853,hiros.hu,Kecskeméti Televízió Nonprofit,https://hiros.hu/,2026-01-05,14996656-2-03,https://ceginfo.hu//ceg-adatlap/kecskemeti-televizio-nonprofit-kft-0309119222.html,2026-01-05,14996656 6020 572 03,2026-01-05,60.20,"Televízióműsor összeállítása, szolgáltatása, videótartalom-terjesztés",60.2,"Televízióműsor összeállítása, szolgáltatása, videótartalom-terjesztés",60,"Műsor-összeállítás, műsorszolgáltatás, hírügynökségi és egyéb tartalomterjesztési tevékenység",J,"KIADÓI TEVÉKENYSÉG, MŰSORSZOLGÁLTATÁS, TARTALOMSZOLGÁLTATÁS ÉS -TERJESZTÉS",572,Nonprofit korlátolt felelősségű társaság,57,Nonprofit gazdasági társaság,5,Jogi személyiségű nonprofit szervezet,03,Bács-Kiskun,70,Dél-Alföld,3,Alföld és Észak,,,,0.06422136422136422,0.00023637349064198029,271.69444444444446,270,17.356463504897114,0.0638822907858395,236,309,73
584,289696,turistamagazin.hu,Magyar Természetjáró Szövetség,https://www.turistamagazin.hu/impresszum,2026-01-05,19001511-2-42,https://www.turistamagazin.hu/impresszum,2026-01-05,19001511 9319 516 01,2026-01-05,93.19,M.n.s. sporttevékenység,93.1,Sporttevékenység,93,"Sport-, szórakoztató, szabadidős tevékenység",S,"MŰVÉSZET, SPORT, SZABADIDŐ",516,Egyéb sportszövetség,51,"Párt, érdekképviselet, szövetség, az egyesület jogi személyiséggel rendelkező szervezeti egysége",5,Jogi személyiségű nonprofit szervezet,01,Budapest,11,Budapest,1,Közép-Magyarország,,,,0.0029601029601029603,0.00005956607409935486,49.69444444444444,50,0.9803627446568498,0.019727813754972942,47,51,4
585,289958,ludwigmuseum.hu,Ludwig Múzeum,https://www.ludwigmuseum.hu/system/files/page/attachments/2025-07/Ludwig%20M%C3%BAzeum%20Alap%C3%ADt%C3%B3%20okirat%20250721.PDF,2026-01-06,15329138-2-43,https://ceginfo.hu//ceg-adatlap/ludwig-muzeum-kortars-muveszeti-muzeum-0198000286.html,2026-01-06,15329138 9121 312 01,2026-01-06,91.21,"Múzeumi, gyűjteményi tevékenység",91.2,"Múzeumi, gyűjteményi, történelmi helyszíni, műemléki tevékenységek",91,"Könyvtári, levéltári, múzeumi, egyéb kulturális tevékenység",S,"MŰVÉSZET, SPORT, SZABADIDŐ",312,Központi költségvetési szerv,31,Központi költségvetési irányító és költségvetési szervek,3,Költségvetési szervek és költségvetési rend szerint gazdálkodó szervek,01,Budapest,11,Budapest,1,Közép-Magyarország,,,,-0.005791505791505791,-0.0001716001716001716,33.75,34,1.5,0.044444444444444446,31,36,5
586,290778,doktori.hu,Országos Doktori Tanács,https://doktori.hu/szervezet/alapadatok/,2026-01-06,18999479-1-09,https://doktori.hu/szervezet/alapadatok/,2026-01-06,18999479 9412 549 09,2026-01-06,94.12,Szakmai érdekképviselet,94.1,"Vállalkozói, munkaadói, szakmai érdekképviselet",94,Érdekképviselet,T,EGYÉB SZOLGÁLTATÁS,549,Egyéb köztestület,54,Köztestület,5,Jogi személyiségű nonprofit szervezet,09,Hajdú-Bihar,60,Észak-Alföld,3,Alföld és Észak,,,,0,0,13,13,0,0,13,13,0
589,292383,kepmas.hu,KÉPMÁS Online,https://kepmas.hu/hu/impresszum,2026-01-06,26568179-2-41,https://ceginfo.hu//ceg-adatlap/kepmas-online-kft-0109332541.html,2026-01-06,26568179 5813 113 01,2026-01-06,58.13,"Folyóirat, időszaki kiadvány kiadása",58.1,"Könyv-, napilapkiadás, egyéb kiadói tevékenység (kivéve: szoftverkiadás)",58,Kiadói tevékenység,J,"KIADÓI TEVÉKENYSÉG, MŰSORSZOLGÁLTATÁS, TARTALOMSZOLGÁLTATÁS ÉS -TERJESZTÉS",113,Korlátolt felelősségű társaság,11,Gazdasági társaság,1,Jogi személyiségű vállalkozás,01,Budapest,11,Budapest,1,Közép-Magyarország,,,,0.059845559845559844,0.0015334093625908234,39.02777777777778,39,1.3832903034041926,0.03544373731142415,37,43,6
592,293011,retroradio.hu,RadioFactory,https://retroradio.hu/impresszum/,2026-01-06,26207788-2-41,https://ceginfo.hu//ceg-adatlap/radiofactory-kft-0109307847.html,2026-01-06,26207788 5920 113 01,2026-01-06,59.20,"Hangfelvétel-készítés, -kiadás",59.2,"Hangfelvétel-készítés, -kiadás",59,"Film, videó, televízióműsor, hangfelvétel készítése és kiadása",J,"KIADÓI TEVÉKENYSÉG, MŰSORSZOLGÁLTATÁS, TARTALOMSZOLGÁLTATÁS ÉS -TERJESZTÉS",113,Korlátolt felelősségű társaság,11,Gazdasági társaság,1,Jogi személyiségű vállalkozás,01,Budapest,11,Budapest,1,Közép-Magyarország,,,,0.04272844272844273,0.001201737451737483,35.55555555555556,36,2.3838078115778707,0.06704459470062761,28,39,11
594,293222,vargyasnekonyveles.hu,,,,,,,,,,,,,,,,,,,,,,,,,,,,,,,,0,0,4,4,0,0,4,4,0
596,294134,nemzetiarchivum.hu,Médiaszolgáltatás-támogató és Vagyonkezelő Alap,https://nemzetiarchivum.hu/impressum,2026-01-06,18091715-4-44,https://mtva.hu/jogi-es-adatvedelmi-nyilatkozat/,2026-01-04,18091715 9499 919 01,2026-01-04,94.99,"M.n.s. egyéb közösségi, társadalmi tevékenység",94.9,"Egyéb közösségi, társadalmi tevékenység",94,Érdekképviselet,T,EGYÉB SZOLGÁLTATÁS,919,Egyéb alap,91,Alap,9,Technikai kód,01,Budapest,11,Budapest,1,Közép-Magyarország,,,,-0.05225225225225225,-0.02187303582652431,2.388888888888889,2,0.8027729719194862,0.3360444998732733,2,4,2
597,294326,pcforum.hu,Bérczi Gábor Balázs,https://pcforum.hu/sugo/?help=impressum,2026-01-06,59409391-2-22,https://ceginfo.hu//ceg-adatlap/berczi-gabor-balazs-0297111464.html,2026-01-06,59409391 5812 231 02,2026-01-06,58.12,Napilapkiadás,58.1,"Könyv-, napilapkiadás, egyéb kiadói tevékenység (kivéve: szoftverkiadás)",58,Kiadói tevékenység,J,"KIADÓI TEVÉKENYSÉG, MŰSORSZOLGÁLTATÁS, TARTALOMSZOLGÁLTATÁS ÉS -TERJESZTÉS",231,Egyéni vállalkozó,23,Önálló vállalkozó,2,Jogi személyiség nélküli vállalkozás,02,Baranya,40,Dél-Dunántúl,2,Dunántúl,,,,-0.1205920205920206,-0.00384527257866501,31.36111111111111,32.5,4.7458419561776255,0.15132888434224492,22,39,17
599,295643,combat-zone.hu,Gun Brokers Hungary,https://www.combat-zone.hu/rolunk_4,2026-01-06,14987043-2-11,https://ceginfo.hu//ceg-adatlap/gun-brokers-hungary-kft-1109016183.html,2026-01-06,14987043 4778 113 11,2026-01-06,47.78,Egyéb új áru kiskereskedelme,47.7,"Egyéb áruk kiskereskedelme (kivéve: gépjármű, motorkerékpár)",47,Kiskereskedelem,G,KERESKEDELEM,113,Korlátolt felelősségű társaság,11,Gazdasági társaság,1,Jogi személyiségű vállalkozás,11,Komárom-Esztergom,20,Közép-Dunántúl,2,Dunántúl,,,,-1.231016731016731,-0.02713815206160593,45.361111111111114,47,17.594078188458393,0.3878670023175151,29,98,69
600,295712,sorozatjunkie.hu,,,,,,,,,,,,,,,,,,,,,,,,,,,,,,,,-0.007207207207207207,-0.00004167353990675974,172.94444444444446,166.5,19.809008692936285,0.1145397226061205,138,233,95
601,296127,hungaroring.hu,Hungaroring Sport,https://hungaroring.hu/site/hu/rolunk/kozerdeku-adatok,2026-01-06,10603226-2-44,https://ceginfo.hu//ceg-adatlap/hungaroring-sport-zrt-1310040464.html,2026-01-06,10603226 9319 114 13,2026-01-06,93.19,M.n.s. sporttevékenység,93.1,Sporttevékenység,93,"Sport-, szórakoztató, szabadidős tevékenység",S,"MŰVÉSZET, SPORT, SZABADIDŐ",114,Részvénytársaság,11,Gazdasági társaság,1,Jogi személyiségű vállalkozás,13,Pest,12,Pest,1,Közép-Magyarország,,,,0.23513513513513515,0.00791848911586988,29.694444444444443,27,3.904718350512031,0.13149659552706558,26,35,9
602,296281,nhmus.hu,,,,,,,,,,,,,,,,,,,,,,,,,,,,,,,,-0.006048906048906049,-0.00012351708324482083,48.97222222222222,49,1.2532497439197507,0.025591032774311417,46,51,5
604,297153,tudatosvasarlo.hu,Tudatos Vásárlók Közhasznú Egyesülete,https://tudatosvasarlo.hu/,2026-01-06,18245770-1-43,https://ceginfo.hu//ceg-adatlap/tudatos-vasarlok-koezhasznu-egyesuelete-0199013460.html,2026-01-06,18245770 9499 529 01,2026-01-06,94.99,"M.n.s. egyéb közösségi, társadalmi tevékenység",94.9,"Egyéb közösségi, társadalmi tevékenység",94,Érdekképviselet,T,EGYÉB SZOLGÁLTATÁS,529,Egyéb egyesület,52,Az egyesület egyéb formái,5,Jogi személyiségű nonprofit szervezet,01,Budapest,11,Budapest,1,Közép-Magyarország,,,,0.021621621621621623,0.00032954207382648946,65.61111111111111,66,2.821122145304978,0.04299762795553735,58,70,12
605,297746,szechenyifurdo.hu,Budapest Gyógyfürdői és Hévizei,https://www.szechenyifurdo.hu/,2026-01-06,12165814-2-44,https://ceginfo.hu//ceg-adatlap/budapest-gyogyfuerdoi-es-hevizei-zrt-0110043152.html,2026-01-04,12165814 9623 114 01,2026-01-04,96.23,"Fürdő-, szauna-, gőzfürdő-szolgáltatás",96.2,"Fodrászat, szépségápolás, fürdőszolgáltatás",96,Személyi szolgáltatás,T,EGYÉB SZOLGÁLTATÁS,114,Részvénytársaság,11,Gazdasági társaság,1,Jogi személyiségű vállalkozás,01,Budapest,11,Budapest,1,Közép-Magyarország,,,,0.3307593307593308,0.014243224769540543,23.22222222222222,21,4.175514415604458,0.1798068408633499,19,29,10
606,298039,vivatbacchus.hu,,,,,,,,,,,,,,,,,,,,,,,,,,,,,,,,0,0,22,22,0,0,22,22,0
608,299273,magyarmezogazdasag.hu,Magyar Mezőgazdaság,https://magyarmezogazdasag.hu/impresszum/,2026-01-06,10687583-2-42,https://ceginfo.hu//ceg-adatlap/magyar-mezogazdasag-kiadoi-sajto-reklam-propaganda-kft-0109163183.html,2026-01-06,10687583 5813 113 01,2026-01-06,58.13,"Folyóirat, időszaki kiadvány kiadása",58.1,"Könyv-, napilapkiadás, egyéb kiadói tevékenység (kivéve: szoftverkiadás)",58,Kiadói tevékenység,J,"KIADÓI TEVÉKENYSÉG, MŰSORSZOLGÁLTATÁS, TARTALOMSZOLGÁLTATÁS ÉS -TERJESZTÉS",113,Korlátolt felelősségű társaság,11,Gazdasági társaság,1,Jogi személyiségű vállalkozás,01,Budapest,11,Budapest,1,Közép-Magyarország,,,,0.16743886743886743,0.0024354744354744572,68.75,68.5,5.658747968537614,0.08230906136054711,57,78,21
609,299305,daniella.hu,Daniella Kereskedelmi,https://daniella.hu/,2026-01-06,10683424-2-09,https://ceginfo.hu//ceg-adatlap/daniella-kereskedelmi-kft-0909001346.html,2026-01-06,10683424 4664 113 09,2026-01-06,46.64,"Egyéb gép, berendezés nagykereskedelme",46.6,"Egyéb gép, berendezés, tartozék nagykereskedelme",46,Nagykereskedelem,G,KERESKEDELEM,113,Korlátolt felelősségű társaság,11,Gazdasági társaság,1,Jogi személyiségű vállalkozás,09,Hajdú-Bihar,60,Észak-Alföld,3,Alföld és Észak,,,,-1.6113256113256114,-0.0023701774130800934,679.8333333333334,684,23.889627157289116,0.035140417490496366,636,719,83
610,300045,autoszektor.hu,Autós Nagykoalíció,https://www.autoszektor.hu/hu/impresszum,2026-01-06,18010815-2-41,https://ceginfo.hu//ceg-adatlap/autos-eletciklus-erdekkepviseleti-nagykoalicio-egyesuelet-0199026173.html,2026-01-06,18010815 9412 529 01,2026-01-06,94.12,Szakmai érdekképviselet,94.1,"Vállalkozói, munkaadói, szakmai érdekképviselet",94,Érdekképviselet,T,EGYÉB SZOLGÁLTATÁS,529,Egyéb egyesület,52,Az egyesület egyéb formái,5,Jogi személyiségű nonprofit szervezet,01,Budapest,11,Budapest,1,Közép-Magyarország,,,,-0.044787644787644784,-0.0008209547924415964,54.55555555555556,55,1.5573685579838918,0.028546470512943026,52,58,6
611,300060,0v.hu,Várhelyi Dávid Flórián,https://0v.hu,2026-01-06,57554660-1-26,https://ceginfo.hu//ceg-adatlap/varhelyi-david-florian-0697136498.html,2026-01-06,57554660 6310 231 06,2026-01-06,63.10,"Számítástechnikai infrastruktúra, adatfeldolgozás, tárhelyszolgáltatás és kapcsolódó szolgáltatások",63.1,"Számítástechnikai infrastruktúra, adatfeldolgozás, tárhelyszolgáltatás és kapcsolódó szolgáltatások",63,"Számítástechnikai infrastruktúra, adatfeldolgozás, tárhelyszolgáltatás és egyéb információs szolgáltatási tevékenységek",K,"TÁVKÖZLÉS, SZÁMÍTÓGÉPES PROGRAMOZÁS, INFORMÁCIÓTECHNOLÓGIAI SZAKTANÁCSADÁS, SZÁMÍTÁSTECHNIKAI INFRASTRUKTÚRA ÉS EGYÉB INFORMÁCIÓS SZOLGÁLTATÁSOK",231,Egyéni vállalkozó,23,Önálló vállalkozó,2,Jogi személyiség nélküli vállalkozás,06,Csongrád-Csanád,70,Dél-Alföld,3,Alföld és Észak,,,,0,0,3,3,0,0,3,3,0
612,300468,dockyard.hu,Dockyard Islands,https://www.dockyard.hu/altalanos-szerzodesi-feltetelek,2026-01-06,12183951-2-41,https://ceginfo.hu//ceg-adatlap/dockyard-islands-kereskedelmi-es-szolgaltato-kft-0109563344.html,2026-01-06,12183951 4771 113 01,2026-01-06,47.71,Ruházat-kiskereskedelem,47.7,"Egyéb áruk kiskereskedelme (kivéve: gépjármű, motorkerékpár)",47,Kiskereskedelem,G,KERESKEDELEM,113,Korlátolt felelősségű társaság,11,Gazdasági társaság,1,Jogi személyiségű vállalkozás,01,Budapest,11,Budapest,1,Közép-Magyarország,,,,-0.1456885456885457,-0.0023905139675422255,60.94444444444444,60,7.09907215041694,0.11648431969690512,44,75,31
613,300522,ellenszel.hu,Jabronka István,https://ellenszel.hu/rolunk/,2026-01-06,58120750-2-42,https://ceginfo.hu//ceg-adatlap/jabronka-istvan-0197488665.html,2026-01-06,58120750 5812 231 01,2026-01-06,58.12,Napilapkiadás,58.1,"Könyv-, napilapkiadás, egyéb kiadói tevékenység (kivéve: szoftverkiadás)",58,Kiadói tevékenység,J,"KIADÓI TEVÉKENYSÉG, MŰSORSZOLGÁLTATÁS, TARTALOMSZOLGÁLTATÁS ÉS -TERJESZTÉS",231,Egyéni vállalkozó,23,Önálló vállalkozó,2,Jogi személyiség nélküli vállalkozás,01,Budapest,11,Budapest,1,Közép-Magyarország,,,,-4.894594594594595,-0.024919446387414,196.41666666666666,235.5,66.52663269054626,0.33870156651953975,84,241,157
616,301067,nyugdijforum.hu,,,,,,,,,,,,,,,,,,,,,,,,,,,,,,,,-0.18288288288288287,-0.03243243243243225,5.638888888888889,7,2.8097054017182024,0.4982728791224398,0,7,7
617,301097,ovip.hu,Innovip.hu,https://www.ovip.hu/aszf/,2026-01-06,24901376-2-06,https://www.ovip.hu/aszf/,2026-01-06,24901376 6210 113 06,2026-01-06,62.10,Számítógépes programozás,62.1,Számítógépes programozás,62,Információtechnológiai szolgáltatás,K,"TÁVKÖZLÉS, SZÁMÍTÓGÉPES PROGRAMOZÁS, INFORMÁCIÓTECHNOLÓGIAI SZAKTANÁCSADÁS, SZÁMÍTÁSTECHNIKAI INFRASTRUKTÚRA ÉS EGYÉB INFORMÁCIÓS SZOLGÁLTATÁSOK",113,Korlátolt felelősségű társaság,11,Gazdasági társaság,1,Jogi személyiségű vállalkozás,06,Csongrád-Csanád,70,Dél-Alföld,3,Alföld és Észak,,,,0.07927927927927927,0.001971031805285955,40.22222222222222,41,0.9888264649460885,0.02458408338263756,39,41,2
618,301253,roadster.hu,Player Media Group,https://roadster.hu/impresszum/,2026-01-06,27715518-2-43,https://ceginfo.hu//ceg-adatlap/player-media-group-zrt-0110142994.html,2025-12-23,27715518 6391 114 01,2025-12-23,63.91,Internetes keresőportállal kapcsolatos tevékenységek,63.9,Internetes keresőportállal kapcsolatos tevékenységek és egyéb információs szolgáltatás,63,"Számítástechnikai infrastruktúra, adatfeldolgozás, tárhelyszolgáltatás és egyéb információs szolgáltatási tevékenységek",K,"TÁVKÖZLÉS, SZÁMÍTÓGÉPES PROGRAMOZÁS, INFORMÁCIÓTECHNOLÓGIAI SZAKTANÁCSADÁS, SZÁMÍTÁSTECHNIKAI INFRASTRUKTÚRA ÉS EGYÉB INFORMÁCIÓS SZOLGÁLTATÁSOK",114,Részvénytársaság,11,Gazdasági társaság,1,Jogi személyiségű vállalkozás,01,Budapest,11,Budapest,1,Közép-Magyarország,,,,0.296010296010296,0.008222508222508092,36,38,5.002856326996752,0.13896823130546532,25,39,14
619,301414,szentgyorgyialbertorvosidij.hu,Goodwill Pharma az Egészségért Közhasznú Alapítvány,https://szentgyorgyialbertorvosidij.hu/,2026-01-06,18941926-1-06,https://szentgyorgyialbertorvosidij.hu/,2026-01-06,18941926 9499 569 06,2026-01-06,94.99,"M.n.s. egyéb közösségi, társadalmi tevékenység",94.9,"Egyéb közösségi, társadalmi tevékenység",94,Érdekképviselet,T,EGYÉB SZOLGÁLTATÁS,569,Egyéb alapítvány,56,"Alapítvány, jogi személyiségű intézménye és szervezeti egysége",5,Jogi személyiségű nonprofit szervezet,06,Csongrád-Csanád,70,Dél-Alföld,3,Alföld és Észak,,,,-1.3563706563706563,-0.005219598463852824,259.8611111111111,261,15.330926312108529,0.058996616487002364,240,276,36
621,302162,miskolciharsona.hu,,,,,,,,,,,,,,,,,,,,,,,,,,,,,,,,0,,0,0,0,,0,0,0
622,302380,hobbielektronika.hu,BioDigit,https://www.hobbielektronika.hu/help/impressum.php,2026-01-06,12302275-2-42,https://ceginfo.hu//ceg-adatlap/biodigit-fejleszto-kereskedelmi-es-szolgaltato-kft-0109664283.html,2026-01-06,12302275 2790 113 01,2026-01-06,27.90,Egyéb villamos berendezés gyártása,27.9,Egyéb villamos berendezés gyártása,27,Villamos berendezés gyártása,C,FELDOLGOZÓIPAR,113,Korlátolt felelősségű társaság,11,Gazdasági társaság,1,Jogi személyiségű vállalkozás,01,Budapest,11,Budapest,1,Közép-Magyarország,,,,0.003861003861003861,0.0001318748946831759,29.27777777777778,29,0.6594851286576788,0.022525108758706298,29,32,3
623,303153,uni-mate.hu,Magyar Agrár- és Élettudományi Egyetem,https://uni-mate.hu/adatv%C3%A9delem,2026-01-06,19294784-4-44,https://ceginfo.hu//ceg-adatlap/magyar-agrar-es-elettudomanyi-egyetem-1399014705.html,2026-01-06,19294784 8540 563 13,2026-01-06,85.40,Felsőoktatás,85.4,Felsőoktatás,85,Oktatás,Q,OKTATÁS,563,Egyéb alapítvány önálló intézménye,56,"Alapítvány, jogi személyiségű intézménye és szervezeti egysége",5,Jogi személyiségű nonprofit szervezet,13,Pest,12,Pest,1,Közép-Magyarország,,,,0.16216216216216217,0.0035509962517262118,45.666666666666664,44,2,0.043795620437956206,44,48,4
626,304186,kodolanyi.hu,Kodolányi János Egyetem,https://www.kodolanyi.hu/,2026-01-06,18483400-2-07,https://ceginfo.hu//ceg-adatlap/kodolanyi-janos-egyetem-0799000334.html,2026-01-06,18483400 8540 599 07,2026-01-06,85.40,Felsőoktatás,85.4,Felsőoktatás,85,Oktatás,Q,OKTATÁS,599,"Egyéb, jogi személyiségű nonprofit szervezet",59,"Egyéb, jogi személyiségű nonprofit szervezet",5,Jogi személyiségű nonprofit szervezet,07,Fejér,20,Közép-Dunántúl,2,Dunántúl,,,,-0.911969111969112,-0.12159588159588156,7.5,1,18.1352064858858,2.41802753145144,1,58,57
628,305170,holtankoljak.hu,3 P Online,https://holtankoljak.hu/holtankoljak_impresszum#tartalom,2026-01-06,23097504-2-19,https://ceginfo.hu//ceg-adatlap/3-p-online-kereskedelmi-es-szolgaltato-kft-1909520557.html,2026-01-06,23097504 6039 113 19,2026-01-06,60.39,Egyéb tartalomterjesztési tevékenység,60.3,Hírügynökségi és egyéb tartalomterjesztési tevékenység,60,"Műsor-összeállítás, műsorszolgáltatás, hírügynökségi és egyéb tartalomterjesztési tevékenység",J,"KIADÓI TEVÉKENYSÉG, MŰSORSZOLGÁLTATÁS, TARTALOMSZOLGÁLTATÁS ÉS -TERJESZTÉS",113,Korlátolt felelősségű társaság,11,Gazdasági társaság,1,Jogi személyiségű vállalkozás,19,Veszprém,20,Közép-Dunántúl,2,Dunántúl,,,,-0.023680823680823682,-0.0006268453327277918,37.77777777777778,38,0.9292427365828929,0.024597601850723634,34,38,4
629,306091,ungarnheute.hu,Magyarország Barátai Alapítvány,https://hungarytoday.hu/wp-content/uploads/2014/12/TERMS-OF-USE.pdf,2026-01-06,18219612-1-41,https://hungarytoday.hu/wp-content/uploads/2017/05/FELHASZN%C3%81L%C3%81SI-FELT%C3%89TELEK.pdf,2025-12-23,18219612 9499 569 01,2025-12-23,94.99,"M.n.s. egyéb közösségi, társadalmi tevékenység",94.9,"Egyéb közösségi, társadalmi tevékenység",94,Érdekképviselet,T,EGYÉB SZOLGÁLTATÁS,569,Egyéb alapítvány,56,"Alapítvány, jogi személyiségű intézménye és szervezeti egysége",5,Jogi személyiségű nonprofit szervezet,01,Budapest,11,Budapest,1,Közép-Magyarország,,,,0.008622908622908623,0.00020544322331216615,41.97222222222222,42,0.29141145296750925,0.00694295983244893,41,43,2
630,306482,aranyoldalak.hu,MTT MEDIA,https://aranyoldalak.hu/,2026-01-06,24753283-2-13,https://ceginfo.hu//ceg-adatlap/mtt-media-kft-1309166814.html,2026-01-06,24753283 6391 113 13,2026-01-06,63.91,Internetes keresőportállal kapcsolatos tevékenységek,63.9,Internetes keresőportállal kapcsolatos tevékenységek és egyéb információs szolgáltatás,63,"Számítástechnikai infrastruktúra, adatfeldolgozás, tárhelyszolgáltatás és egyéb információs szolgáltatási tevékenységek",K,"TÁVKÖZLÉS, SZÁMÍTÓGÉPES PROGRAMOZÁS, INFORMÁCIÓTECHNOLÓGIAI SZAKTANÁCSADÁS, SZÁMÍTÁSTECHNIKAI INFRASTRUKTÚRA ÉS EGYÉB INFORMÁCIÓS SZOLGÁLTATÁSOK",113,Korlátolt felelősségű társaság,11,Gazdasági társaság,1,Jogi személyiségű vállalkozás,13,Pest,12,Pest,1,Közép-Magyarország,,,,-9.087258687258688,-0.06798447895704758,133.66666666666666,72,176.17750788824966,1.3180362186153343,72,625,553
631,307325,gpszone.hu,DT-ZONE,https://gpszone.hu/kapcsolat,2026-01-06,23356209-2-41,https://gpszone.hu/kapcsolat,2026-01-06,23356209 4740 113 01,2026-01-06,47.40,"Információs, híradástechnikai termék kiskereskedelme",47.4,"Információs, híradástechnikai termék kiskereskedelme",47,Kiskereskedelem,G,KERESKEDELEM,113,Korlátolt felelősségű társaság,11,Gazdasági társaság,1,Jogi személyiségű vállalkozás,01,Budapest,11,Budapest,1,Közép-Magyarország,,,,0.06936936936936937,0.0013668841255048269,50.75,50.5,1.1307393283031366,0.02228057789759875,48,53,5
632,307814,laserberles.hu,RBA Info Hungary,https://laserberles.hu/,2026-01-06,27973356-2-43,https://ceginfo.hu//ceg-adatlap/rba-info-hungary-kft-0109359753.html,2026-01-06,27973356 6220 113 01,2026-01-06,62.20,"Információtechnológiai szaktanácsadás és számítástechnikai eszközök, rendszerek üzemeltetése",62.2,"Információtechnológiai szaktanácsadás és számítástechnikai eszközök, rendszerek üzemeltetése",62,Információtechnológiai szolgáltatás,K,"TÁVKÖZLÉS, SZÁMÍTÓGÉPES PROGRAMOZÁS, INFORMÁCIÓTECHNOLÓGIAI SZAKTANÁCSADÁS, SZÁMÍTÁSTECHNIKAI INFRASTRUKTÚRA ÉS EGYÉB INFORMÁCIÓS SZOLGÁLTATÁSOK",113,Korlátolt felelősségű társaság,11,Gazdasági társaság,1,Jogi személyiségű vállalkozás,01,Budapest,11,Budapest,1,Közép-Magyarország,,,,0.4691119691119691,0.004956862602885475,94.63888888888889,90,5.904733102848344,0.062392248812016556,90,103,13
633,307947,kaposvarmost.hu,Zselici Forrás Szolgáltató,https://kaposvarmost.hu/impresszum,2026-01-06,14004344-2-14,https://kaposvarmost.hu/impresszum,2026-01-06,14004344 5813 113 14,2026-01-06,58.13,"Folyóirat, időszaki kiadvány kiadása",58.1,"Könyv-, napilapkiadás, egyéb kiadói tevékenység (kivéve: szoftverkiadás)",58,Kiadói tevékenység,J,"KIADÓI TEVÉKENYSÉG, MŰSORSZOLGÁLTATÁS, TARTALOMSZOLGÁLTATÁS ÉS -TERJESZTÉS",113,Korlátolt felelősségű társaság,11,Gazdasági társaság,1,Jogi személyiségű vállalkozás,14,Somogy,40,Dél-Dunántúl,2,Dunántúl,,,,0.008236808236808236,0.00018579266699552,44.333333333333336,44,0.47809144373375734,0.010784017527829112,44,45,1
634,308076,evangelikus.hu,Magyarországi Evangélikus Egyház,https://evangelikus.hu/impresszum,2026-01-06,19719483-2-42,https://ceginfo.hu//ceg-adatlap/magyarorszagi-evangelikus-egyhaz-0199020028.html,2026-01-06,19719483 9491 551 01,2026-01-06,94.91,Egyházi tevékenység,94.9,"Egyéb közösségi, társadalmi tevékenység",94,Érdekképviselet,T,EGYÉB SZOLGÁLTATÁS,551,Bevett egyház,55,Egyházi jogi személy,5,Jogi személyiségű nonprofit szervezet,01,Budapest,11,Budapest,1,Közép-Magyarország,,,,0.007464607464607464,0.00007326223247709975,101.88888888888889,102,0.3187276291558381,0.0031281882905153137,101,102,1
635,308385,idrinks.hu,RiMiKer Plus,https://idrinks.hu/vasarlasi_feltetelek,2026-01-06,23783122-2-43,https://idrinks.hu/vasarlasi_feltetelek,2026-01-06,23783122 4634 113 01,2026-01-06,46.34,Ital nagykereskedelme,46.3,"Élelmiszer, ital, dohányáru nagykereskedelme",46,Nagykereskedelem,G,KERESKEDELEM,113,Korlátolt felelősségű társaság,11,Gazdasági társaság,1,Jogi személyiségű vállalkozás,01,Budapest,11,Budapest,1,Közép-Magyarország,,,,-0.10424710424710425,-0.00173584447404984,60.05555555555556,60,4.335530578467344,0.07219199853137112,56,79,23
636,308819,richter.hu,Richter Gedeon,https://www.gedeonrichter.com/hu-hu/kapcsolat/impresszum,2026-01-06,10484878-2-44,https://ceginfo.hu//ceg-adatlap/richter-gedeon-vegyeszeti-gyar-nyilvanosan-mukoedo-rt-0110040944.html,2026-01-06,10484878 2120 114 01,2026-01-06,21.20,Gyógyszerkészítmény gyártása,21.2,Gyógyszerkészítmény gyártása,21,Gyógyszergyártás,C,FELDOLGOZÓIPAR,114,Részvénytársaság,11,Gazdasági társaság,1,Jogi személyiségű vállalkozás,01,Budapest,11,Budapest,1,Közép-Magyarország,,,,0.035392535392535396,0.0012077073688448075,29.305555555555557,29,0.4671765921511567,0.015941570917006292,29,30,1
641,310701,ekreta.hu,ELMS Informatikai,https://tudasbazis.ekreta.hu/pages/viewpage.action?pageId=4064926,2026-01-06,22777375-2-43,https://ceginfo.hu//ceg-adatlap/elms-informatikai-zrt-0110140408.html,2025-12-21,22777375 5829 114 01,2025-12-21,58.29,Egyéb szoftverkiadás,58.2,Szoftverkiadás,58,Kiadói tevékenység,J,"KIADÓI TEVÉKENYSÉG, MŰSORSZOLGÁLTATÁS, TARTALOMSZOLGÁLTATÁS ÉS -TERJESZTÉS",114,Részvénytársaság,11,Gazdasági társaság,1,Jogi személyiségű vállalkozás,01,Budapest,11,Budapest,1,Közép-Magyarország,,,,0,0,20,20,0,0,20,20,0
643,310833,maxer.hu,MAXER Hosting,https://maxer.hu/,2026-01-06,13670452-2-08,https://ceginfo.hu//ceg-adatlap/wws-world-wide-solutions-kft-0809013763.html,2026-01-06,13670452 6290 113 08,2026-01-06,62.90,Egyéb információtechnológiai szolgáltatás,62.9,Egyéb információtechnológiai szolgáltatás,62,Információtechnológiai szolgáltatás,K,"TÁVKÖZLÉS, SZÁMÍTÓGÉPES PROGRAMOZÁS, INFORMÁCIÓTECHNOLÓGIAI SZAKTANÁCSADÁS, SZÁMÍTÁSTECHNIKAI INFRASTRUKTÚRA ÉS EGYÉB INFORMÁCIÓS SZOLGÁLTATÁSOK",113,Korlátolt felelősségű társaság,11,Gazdasági társaság,1,Jogi személyiségű vállalkozás,08,Győr-Moson-Sopron,30,Nyugat-Dunántúl,2,Dunántúl,,,,0,0,9,9,0,0,9,9,0
644,311270,szelidmotorosok.hu,Mihály József Zsolt,https://szelidmotorosok.hu/adatvedelem,2026-01-06,48103424-1-30,https://szelidmotorosok.hu/adatvedelem,2026-01-06,48103424 8553 231 10,2026-01-06,85.53,Járművezető-képzés,85.5,Egyéb oktatás,85,Oktatás,Q,OKTATÁS,231,Egyéni vállalkozó,23,Önálló vállalkozó,2,Jogi személyiség nélküli vállalkozás,10,Heves,50,Észak-Magyarország,3,Alföld és Észak,,,,0,0,18,18,0,0,18,18,0
645,311447,utazzitthon.hu,Utazzitthon.hu,https://utazzitthon.hu/,2026-01-06,14190551-2-13,https://ceginfo.hu//ceg-adatlap/utazzitthon-hu-idegenforgalmi-kft-1309207341.html,2026-01-06,14190551 7911 113 13,2026-01-06,79.11,Utazásközvetítés,79.1,"Utazásközvetítés, utazásszervezés",79,"Utazásközvetítés, utazásszervezés, egyéb foglalás",O,ADMINISZTRATÍV ÉS SZOLGÁLTATÁST TÁMOGATÓ TEVÉKENYSÉG,113,Korlátolt felelősségű társaság,11,Gazdasági társaság,1,Jogi személyiségű vállalkozás,13,Pest,12,Pest,1,Közép-Magyarország,,,,-0.12084942084942085,-0.001996594378420895,60.52777777777778,61,3.613357054921255,0.05969750067790967,50,64,14
646,312259,109.hu,Eri-Car 97,https://109.hu/,2026-01-06,11500030-2-16,https://ceginfo.hu//ceg-adatlap/eri-car-97-kereskedelmi-kft-1609004264.html,2026-01-06,11500030 7311 113 16,2026-01-06,73.11,Reklámügynöki tevékenység,73.1,Reklám,73,"Reklám, piackutatás, PR-tevékenység",N,"SZAKMAI, TUDOMÁNYOS, MŰSZAKI TEVÉKENYSÉG",113,Korlátolt felelősségű társaság,11,Gazdasági társaság,1,Jogi személyiségű vállalkozás,16,Jász-Nagykun-Szolnok,60,Észak-Alföld,3,Alföld és Észak,,,,0,0,29,29,0,0,29,29,0
648,312417,ecofamily.hu,NAPCSILLAG,https://ecofamily.hu/impresszum,2026-01-06,13237912-2-19,https://ecofamily.hu/impresszum,2026-01-06,13237912 4712 113 19,2026-01-06,47.12,Iparcikk jellegű vegyes kiskereskedelem,47.1,Vegyes termékkörű kiskereskedelem,47,Kiskereskedelem,G,KERESKEDELEM,113,Korlátolt felelősségű társaság,11,Gazdasági társaság,1,Jogi személyiségű vállalkozás,19,Veszprém,20,Közép-Dunántúl,2,Dunántúl,,,,-13.641956241956242,-0.044989961955883555,303.22222222222223,360,162.6131449810713,0.5362837320738885,70,520,450
649,312546,hungexpo.hu,HUNGEXPO Budapest Kongresszusi és Kiállítási Központ,https://hungexpo.hu/adatkezelesi-tajekoztato/,2026-01-06,10478701-2-42,https://ceginfo.hu//ceg-adatlap/hungexpo-budapest-kongresszusi-es-kiallitasi-koezpont-zrt-0110041503.html,2026-01-06,10478701 8230 114 01,2026-01-06,82.30,"Konferencia, kereskedelmi bemutató szervezése",82.3,"Konferencia, kereskedelmi bemutató szervezése",82,"Adminisztratív, irodai és egyéb üzletmenetet támogató szolgáltatás",O,ADMINISZTRATÍV ÉS SZOLGÁLTATÁST TÁMOGATÓ TEVÉKENYSÉG,114,Részvénytársaság,11,Gazdasági társaság,1,Jogi személyiségű vállalkozás,01,Budapest,11,Budapest,1,Közép-Magyarország,,,,0.13564993564993566,0.004463800441862609,30.38888888888889,30,1.6085091194337653,0.05293083025559008,29,33,4
650,312921,falatozz.hu,Diston-line,https://falatozz.hu/,2026-01-06,22709776-2-05,https://ceginfo.hu//ceg-adatlap/diston-line-kereskedelmi-es-szolgaltato-kft-0509019809.html,2026-01-06,22709776 6391 113 05,2026-01-06,63.91,Internetes keresőportállal kapcsolatos tevékenységek,63.9,Internetes keresőportállal kapcsolatos tevékenységek és egyéb információs szolgáltatás,63,"Számítástechnikai infrastruktúra, adatfeldolgozás, tárhelyszolgáltatás és egyéb információs szolgáltatási tevékenységek",K,"TÁVKÖZLÉS, SZÁMÍTÓGÉPES PROGRAMOZÁS, INFORMÁCIÓTECHNOLÓGIAI SZAKTANÁCSADÁS, SZÁMÍTÁSTECHNIKAI INFRASTRUKTÚRA ÉS EGYÉB INFORMÁCIÓS SZOLGÁLTATÁSOK",113,Korlátolt felelősségű társaság,11,Gazdasági társaság,1,Jogi személyiségű vállalkozás,05,Borsod-Abaúj-Zemplén,50,Észak-Magyarország,3,Alföld és Észak,,,,0.04749034749034749,0.0007449466272996453,63.75,64,5.602932905439538,0.08788914361473785,32,68,36
652,313462,renyi.hu,HUN-REN Rényi Alfréd Matematikai Kutatóközpont,https://renyi.hu/intezet/nyilvanos-adatok,2026-01-06,19426237-2-41,https://ceginfo.hu//ceg-adatlap/hun-ren-renyi-alfred-matematikai-kutatokoezpont-0199045042.html,2026-01-06,19426237 7210 599 01,2026-01-06,72.10,"Természettudományi, műszaki kutatás, kísérleti fejlesztés",72.1,"Természettudományi, műszaki kutatás, kísérleti fejlesztés",72,"Tudományos kutatás, fejlesztés",N,"SZAKMAI, TUDOMÁNYOS, MŰSZAKI TEVÉKENYSÉG",599,"Egyéb, jogi személyiségű nonprofit szervezet",59,"Egyéb, jogi személyiségű nonprofit szervezet",5,Jogi személyiségű nonprofit szervezet,01,Budapest,11,Budapest,1,Közép-Magyarország,,,,0.043114543114543116,0.014505827589939738,2.9722222222222223,3,0.5599036198240401,0.18837878797818172,2,4,2
653,313469,mdrs2.hu,mdrs2,https://mdrs2.hu/,2026-01-06,26579117-2-42,https://ceginfo.hu//ceg-adatlap/mdrs2-mernoeki-szolgaltato-kft-0109333179.html,2026-01-06,26579117 7112 113 01,2026-01-06,71.12,"Mérnöki tevékenység, műszaki tanácsadás",71.1,"Építészmérnöki, mérnöki tevékenység, műszaki tanácsadás",71,"Építészmérnöki, mérnöki tevékenység, műszaki vizsgálat, elemzés",N,"SZAKMAI, TUDOMÁNYOS, MŰSZAKI TEVÉKENYSÉG",113,Korlátolt felelősségű társaság,11,Gazdasági társaság,1,Jogi személyiségű vállalkozás,01,Budapest,11,Budapest,1,Közép-Magyarország,,,,0.039897039897039896,0.01071860773353309,3.7222222222222223,4,0.7014723744122018,0.1884552647674572,2,4,2
655,316835,cipomarket.hu,Bocskoros 2005,https://cipomarket.hu/impresszum,2026-01-08,13526391-2-11,https://ceginfo.hu//ceg-adatlap/bocskoros-2005-kereskedelmi-kft-1109030137.html,2026-01-08,13526391 4772 113 11,2026-01-08,47.72,"Lábbeli-, bőráru-kiskereskedelem",47.7,"Egyéb áruk kiskereskedelme (kivéve: gépjármű, motorkerékpár)",47,Kiskereskedelem,G,KERESKEDELEM,113,Korlátolt felelősségű társaság,11,Gazdasági társaság,1,Jogi személyiségű vállalkozás,11,Komárom-Esztergom,20,Közép-Dunántúl,2,Dunántúl,,,,-0.43333333333333335,-0.00402788536018591,107.58333333333333,110.5,12.804853990354038,0.11902265521630401,82,123,41
656,316849,clb.hu,,,,,,,,,,,,,,,,,,,,,,,,,,,,,,,,-0.2411840411840412,-0.001978720483734195,121.88888888888889,125,20.557623233629737,0.1686587138584026,2,126,124
657,318089,ingatlantajolo.hu,,,,,,,,,,,,,,,,,,,,,,,,,,,,,,,,0.18056628056628057,0.0036498518250344717,49.47222222222222,47.5,5.857771936794062,0.11840527216428201,40,58,18
658,318579,magyartisza.hu,,,,,,,,,,,,,,,,,,,,,,,,,,,,,,,,4.429214929214929,0.028755949044497346,154.02777777777777,82,127.31928057583897,0.8265994771379988,23,366,343
659,318613,markasbolt.hu,,,,,,,,,,,,,,,,,,,,,,,,,,,,,,,,0.6528957528957529,0.0024486141373317267,266.6388888888889,260.5,31.02179213555508,0.11634383965829595,207,354,147
660,318645,matusz-vad.hu,,,,,,,,,,,,,,,,,,,,,,,,,,,,,,,,-0.311969111969112,-0.001653546529871741,188.66666666666666,192,22.49698392483503,0.11924196426591005,144,229,85
661,319082,ofotert.hu,,,,,,,,,,,,,,,,,,,,,,,,,,,,,,,,-3.0235521235521237,-0.00901581019198846,335.3611111111111,303.5,36.9278468505256,0.1101136823174788,299,377,78
662,319237,petissimo.hu,,,,,,,,,,,,,,,,,,,,,,,,,,,,,,,,0.16846846846846847,0.0017697300451895734,95.19444444444444,90,19.54894143198324,0.205358007455908,74,173,99
663,319988,szallasguru.hu,,,,,,,,,,,,,,,,,,,,,,,,,,,,,,,,-0.3258687258687259,-0.004924968149149509,66.16666666666667,70.5,11.924764148611075,0.18022313574727064,21,77,56
667,320799,magnetbank.hu,,,,,,,,,,,,,,,,,,,,,,,,,,,,,,,,-0.47297297297297297,-0.004270636324812343,110.75,111,7.91156477208252,0.07143625076372478,73,123,50
670,322236,termeszetjaro.hu,,,,,,,,,,,,,,,,,,,,,,,,,,,,,,,,-1.1281853281853282,-0.020957003000346662,53.833333333333336,45,16.073936312286065,0.298587052240608,34,83,49
671,322561,magyaridok.hu,,,,,,,,,,,,,,,,,,,,,,,,,,,,,,,,-6.443371943371943,-0.07876447876447877,81.80555555555556,155,78.47795666644032,0.9593230696067407,0,155,155
672,323895,csillagaszat.hu,,,,,,,,,,,,,,,,,,,,,,,,,,,,,,,,-0.0019305019305019305,-0.00001596555697180532,120.91666666666667,121,0.28030595529069413,0.002318174681935444,120,121,1
673,323944,cooltix.hu,,,,,,,,,,,,,,,,,,,,,,,,,,,,,,,,0.0006435006435006435,0.00003636738330615355,17.694444444444443,18,0.524782645860956,0.029658045919928443,16,18,2
674,324779,totalbike.hu,,,,,,,,,,,,,,,,,,,,,,,,,,,,,,,,-1.0473616473616474,-0.03696570520099936,28.333333333333332,29.5,12.6378117454837,0.4460404145464836,13,55,42
677,325357,akvariumklub.hu,,,,,,,,,,,,,,,,,,,,,,,,,,,,,,,,-0.10604890604890604,-0.005229809065425536,20.27777777777778,20,1.9214743016921916,0.09475763679577931,17,24,7
678,325988,rallysimfans.hu,,,,,,,,,,,,,,,,,,,,,,,,,,,,,,,,-0.17117117117117117,-0.0016520541989710955,103.61111111111111,103.5,4.428981035844815,0.042746197664990174,94,115,21
679,327035,presstone.hu,,,,,,,,,,,,,,,,,,,,,,,,,,,,,,,,0,0,10,10,0,0,10,10,0
680,327644,airportal.hu,,,,,,,,,,,,,,,,,,,,,,,,,,,,,,,,-0.7657657657657657,-0.004568705264760865,167.61111111111111,162,20.71062912444136,0.1235635811202998,143,217,74
682,329213,myshoprenter.hu,,,,,,,,,,,,,,,,,,,,,,,,,,,,,,,,0,0,2,2,0,0,2,2,0
683,330083,qjob.hu,,,,,,,,,,,,,,,,,,,,,,,,,,,,,,,,0.08854568854568855,0.002364721652555541,37.44444444444444,37,1.3616050286218295,0.03636333904331296,36,41,5
684,330305,ingatlannet.hu,,,,,,,,,,,,,,,,,,,,,,,,,,,,,,,,0.06756756756756757,0.0004225173584214191,159.91666666666666,160,2.8422827847649907,0.017773524448764923,155,170,15
685,330554,khertekpapir.hu,,,,,,,,,,,,,,,,,,,,,,,,,,,,,,,,0.5446589446589447,0.006276479515916166,86.77777777777777,78,16.17778213849584,0.18642770710174464,72,115,43
687,330811,urania-nf.hu,,,,,,,,,,,,,,,,,,,,,,,,,,,,,,,,0.18635778635778635,0.0031467543662665326,59.22222222222222,58.5,5.722692229117896,0.09663082563238473,51,71,20
689,332248,aquaworldresort.hu,,,,,,,,,,,,,,,,,,,,,,,,,,,,,,,,-0.03848133848133848,-0.0005629127124453974,68.36111111111111,68,0.48713610757321973,0.007125924369214104,68,69,1
691,334044,joszaki.hu,,,,,,,,,,,,,,,,,,,,,,,,,,,,,,,,0.07413127413127413,0.003465877751592036,21.38888888888889,22,0.9644473703415494,0.04509104588609841,20,23,3
692,334138,szerszamoutlet.hu,,,,,,,,,,,,,,,,,,,,,,,,,,,,,,,,0.035392535392535396,0.0025844447751141395,13.694444444444445,14,0.5247826458609557,0.038320842294106296,13,15,2
693,334245,feny24.hu,,,,,,,,,,,,,,,,,,,,,,,,,,,,,,,,0.13603603603603603,0.0051173430483775345,26.583333333333332,27,2.2975141846289935,0.08642686587946058,20,31,11
694,334997,szeged365.hu,,,,,,,,,,,,,,,,,,,,,,,,,,,,,,,,0.02574002574002574,0.00020491838271573045,125.61111111111111,126.5,3.736138401977387,0.02974369360265058,110,129,19
695,336126,zerge.hu,,,,,,,,,,,,,,,,,,,,,,,,,,,,,,,,-0.013899613899613899,-0.00018629415502091764,74.61111111111111,75,0.49441323247304436,0.00662653625056947,74,75,1
696,336641,ahang.hu,,,,,,,,,,,,,,,,,,,,,,,,,,,,,,,,-0.1391248391248391,-0.001102949616492943,126.13888888888889,125,3.015699660848945,0.02390777092943449,119,132,13
697,336997,zenehaza.hu,,,,,,,,,,,,,,,,,,,,,,,,,,,,,,,,0.03963963963963964,0.003413940256045418,11.61111111111111,12,0.49441323247304425,0.04258104394504687,11,12,1
698,337660,hetek.hu,,,,,,,,,,,,,,,,,,,,,,,,,,,,,,,,0.11016731016731017,0.0007429792367971436,148.27777777777777,148,2.6252739841897452,0.017705107424284532,136,151,15
699,337754,tarhelypark.hu,,,,,,,,,,,,,,,,,,,,,,,,,,,,,,,,0.12754182754182755,0.004550550833999813,28.02777777777778,28,1.8281311473916446,0.06522569009524203,25,31,6
700,337812,tilos.hu,,,,,,,,,,,,,,,,,,,,,,,,,,,,,,,,-0.05302445302445302,-0.002288825310408095,23.166666666666668,24,3.1213550171131033,0.13473474894013396,10,26,16
702,339265,giganet.hu,,,,,,,,,,,,,,,,,,,,,,,,,,,,,,,,0.33783783783783783,0.009248792518754455,36.52777777777778,39,4.038996417860761,0.11057328596424897,30,42,12
703,339634,kiszamolo.hu,,,,,,,,,,,,,,,,,,,,,,,,,,,,,,,,0,0,24,24,0,0,24,24,0
704,339859,magyarfutball.hu,,,,,,,,,,,,,,,,,,,,,,,,,,,,,,,,0,0,20,20,0,0,20,20,0
705,340266,prevenciopatika.hu,,,,,,,,,,,,,,,,,,,,,,,,,,,,,,,,-1.6521235521235522,-0.015223047831187102,108.52777777777777,110.5,19.092984666941508,0.1759271686741475,77,133,56
707,340740,videakid.hu,,,,,,,,,,,,,,,,,,,,,,,,,,,,,,,,-0.5158301158301158,-0.004474670884309383,115.27777777777777,119,7.121842101635989,0.061779835098529065,101,121,20
708,340773,colore.hu,,,,,,,,,,,,,,,,,,,,,,,,,,,,,,,,0.015186615186615187,0.0002868405806496797,52.94444444444444,52,1.8814044062036586,0.03553544523784455,48,56,8
709,342160,radio1.hu,,,,,,,,,,,,,,,,,,,,,,,,,,,,,,,,7.62007722007722,0.012114590175003508,629,639,80.88298426033218,0.1285898000959176,494,750,256
710,342277,forraidesign.hu,,,,,,,,,,,,,,,,,,,,,,,,,,,,,,,,0,,0,0,0,,0,0,0
711,342693,weborvos.hu,,,,,,,,,,,,,,,,,,,,,,,,,,,,,,,,5.308622908622908,0.04505196244941654,117.83333333333333,82,77.02634057812395,0.6536888875088313,73,273,200
712,342725,logout.hu,,,,,,,,,,,,,,,,,,,,,,,,,,,,,,,,0.11814671814671815,0.0020527422071823257,57.55555555555556,59,10.04687426713814,0.17455959151398312,0,64,64
713,343491,mfdesign.hu,,,,,,,,,,,,,,,,,,,,,,,,,,,,,,,,0,0,2,2,0,0,2,2,0
717,344939,etterem.hu,,,,,,,,,,,,,,,,,,,,,,,,,,,,,,,,0.015057915057915058,0.0004312529372195966,34.916666666666664,35,0.8742343589025287,0.025037738202459057,33,37,4
719,345466,utazomajom.hu,,,,,,,,,,,,,,,,,,,,,,,,,,,,,,,,-0.04105534105534105,-0.0002477774145838139,165.69444444444446,166,1.6530395284262511,0.009976433029898582,157,167,10
720,346438,ibusz.hu,,,,,,,,,,,,,,,,,,,,,,,,,,,,,,,,1.071171171171171,0.009495730648156253,112.80555555555556,121.5,13.046771783405037,0.11565717414493507,89,130,41
721,347088,akcioleso.hu,,,,,,,,,,,,,,,,,,,,,,,,,,,,,,,,-0.6796653796653797,-0.0013409302169098086,506.8611111111111,510,44.908893664381566,0.08860197138804934,377,587,210
722,347294,kaloriabazis.hu,,,,,,,,,,,,,,,,,,,,,,,,,,,,,,,,0,0,489,489,0,0,489,489,0
723,347839,fogyasztobarat.hu,,,,,,,,,,,,,,,,,,,,,,,,,,,,,,,,0.3070785070785071,0.010732841024103034,28.61111111111111,25,3.90807060747575,0.1365927590962398,25,33,8
724,348054,medicalonline.hu,,,,,,,,,,,,,,,,,,,,,,,,,,,,,,,,0.015572715572715572,0.00016339777342398086,95.30555555555556,95,1.8333333333333326,0.019236374234916927,92,99,7
726,348807,mvkzrt.hu,,,,,,,,,,,,,,,,,,,,,,,,,,,,,,,,0,0,8,8,0,0,8,8,0
728,349678,kanizsakran.hu,,,,,,,,,,,,,,,,,,,,,,,,,,,,,,,,0.035392535392535396,0.0012503741649962765,28.305555555555557,28,0.4671765921511567,0.01650476674920671,28,29,1
730,351023,dns24.hu,,,,,,,,,,,,,,,,,,,,,,,,,,,,,,,,0.16216216216216217,0.0013310163788959855,121.83333333333333,123,2.6457513110645894,0.021716153031993896,116,123,7
731,351953,kirandulastippek.hu,,,,,,,,,,,,,,,,,,,,,,,,,,,,,,,,-0.31557271557271555,-0.003944658944658898,80,81,3.9641248358604595,0.049551560448255746,68,86,18
732,352620,szkt.hu,,,,,,,,,,,,,,,,,,,,,,,,,,,,,,,,0.1875160875160875,0.0031947842643536527,58.69444444444444,58,5.5694033763280215,0.0948880840264121,52,74,22
733,352811,noiportal.hu,,,,,,,,,,,,,,,,,,,,,,,,,,,,,,,,-0.087001287001287,-0.00042764149809480757,203.44444444444446,201,9.244131557586588,0.0454381125168101,159,213,54
734,355525,trendmaker.hu,,,,,,,,,,,,,,,,,,,,,,,,,,,,,,,,-0.34066924066924065,-0.020338462129506962,16.75,14,4.600465814924149,0.27465467551785966,14,27,13
735,355560,bfnp.hu,,,,,,,,,,,,,,,,,,,,,,,,,,,,,,,,0,0,15,15,0,0,15,15,0
736,355795,szendreiadam.hu,,,,,,,,,,,,,,,,,,,,,,,,,,,,,,,,0.0045045045045045045,0.00007268586381093303,61.97222222222222,62,0.1666666666666667,0.002689376961004035,61,62,1
737,356364,wikiszotar.hu,,,,,,,,,,,,,,,,,,,,,,,,,,,,,,,,0.0024453024453024454,0.00006083682655901357,40.19444444444444,40,0.401386485959743,0.009986118517312197,40,41,1
738,357108,metnet.hu,,,,,,,,,,,,,,,,,,,,,,,,,,,,,,,,0.3377091377091377,0.0037065637065637168,91.11111111111111,93,5.7855869082588205,0.06350034411503583,72,97,25
740,358572,olajwebshop.hu,,,,,,,,,,,,,,,,,,,,,,,,,,,,,,,,0.3223938223938224,0.0019424565031259788,165.97222222222223,166,6.322233380747259,0.03809211744048558,158,182,24
741,362159,dima.hu,,,,,,,,,,,,,,,,,,,,,,,,,,,,,,,,0.12792792792792793,0.001193110208654257,107.22222222222223,107,2.0991305834438228,0.019577383679786946,99,109,10
742,364967,kabelnet.hu,,,,,,,,,,,,,,,,,,,,,,,,,,,,,,,,0,0,3,3,0,0,3,3,0
744,373538,papageno.hu,,,,,,,,,,,,,,,,,,,,,,,,,,,,,,,,-0.4240669240669241,-0.0035006671099310285,121.13888888888889,118,14.024779657607617,0.11577437919602711,95,154,59
745,373885,madachszinhaz.hu,,,,,,,,,,,,,,,,,,,,,,,,,,,,,,,,0.087001287001287,0.02525843816166399,3.4444444444444446,2,2.2225396598671843,0.6452534496388599,2,8,6
746,374119,kieselbach.hu,,,,,,,,,,,,,,,,,,,,,,,,,,,,,,,,-0.019176319176319175,-0.0002234857527832501,85.80555555555556,85,2.993511501750263,0.034887152496927636,83,93,10
747,374627,welovebalaton.hu,,,,,,,,,,,,,,,,,,,,,,,,,,,,,,,,0.0444015444015444,0.000452435776523032,98.13888888888889,98,4.310470824649987,0.04392214822739868,90,107,17
748,374744,rudasfurdo.hu,,,,,,,,,,,,,,,,,,,,,,,,,,,,,,,,0.4292149292149292,0.01696129248269749,25.305555555555557,22,5.548845153694824,0.21927379312076142,20,33,13
750,375568,telekomveszprem.hu,,,,,,,,,,,,,,,,,,,,,,,,,,,,,,,,-0.059202059202059204,-0.00027136161589942203,218.16666666666666,219,18.309248248592063,0.08392321580714468,166,247,81
752,375995,edenkert.hu,,,,,,,,,,,,,,,,,,,,,,,,,,,,,,,,-0.10913770913770914,-0.0006818739203328709,160.05555555555554,159,4.255715111601239,0.026588987160299307,157,173,16
753,376494,civishir.hu,,,,,,,,,,,,,,,,,,,,,,,,,,,,,,,,-0.0435006435006435,-0.003276199092098601,13.277777777777779,13.5,1.0852547064066467,0.08173466408083531,10,15,5
754,376813,mentok.hu,,,,,,,,,,,,,,,,,,,,,,,,,,,,,,,,0.10617760617760617,0.026002679063903612,4.083333333333333,5,1.4015297764534702,0.343231781988605,2,5,3
755,377197,harkakotony.hu,,,,,,,,,,,,,,,,,,,,,,,,,,,,,,,,0.19601029601029601,0.010123917727934945,19.36111111111111,19,2.9194204686916674,0.15078785778034437,15,23,8
756,377962,snitt.hu,,,,,,,,,,,,,,,,,,,,,,,,,,,,,,,,0.7671814671814672,0.008798513162960432,87.19444444444444,74,21.475327297614875,0.24629238060342004,69,147,78
757,378165,onlinemarkaboltok.hu,,,,,,,,,,,,,,,,,,,,,,,,,,,,,,,,0.10849420849420849,0.002430486313498151,44.638888888888886,45,2.97756158893028,0.06670330877504049,37,48,11
758,378189,rejoy.hu,,,,,,,,,,,,,,,,,,,,,,,,,,,,,,,,2.6123552123552125,0.026196319678213842,99.72222222222223,97.5,33.430192607548314,0.3352331292121836,64,164,100
759,378556,pim.hu,,,,,,,,,,,,,,,,,,,,,,,,,,,,,,,,0.03963963963963964,0.0059959118782648285,6.611111111111111,7,0.49441323247304425,0.07478519482785544,6,7,1
760,378952,lakaskultura.hu,,,,,,,,,,,,,,,,,,,,,,,,,,,,,,,,-0.0888030888030888,-0.0011753349988643984,75.55555555555556,75,4.947983395540013,0.06548801552920605,61,84,23
761,378989,telefonguru.hu,,,,,,,,,,,,,,,,,,,,,,,,,,,,,,,,-0.09884169884169884,-0.002608725189370423,37.888888888888886,39,1.3893015260046073,0.0366677822112653,36,39,3
762,380173,mokk.hu,,,,,,,,,,,,,,,,,,,,,,,,,,,,,,,,-0.087001287001287,-0.0021335465477155986,40.77777777777778,38,5.802024824446383,0.1422839875204835,34,56,22
763,380178,uleshuzatshop.hu,,,,,,,,,,,,,,,,,,,,,,,,,,,,,,,,0,0,64,64,0,0,64,64,0
764,381448,kuplio.hu,,,,,,,,,,,,,,,,,,,,,,,,,,,,,,,,-1.4562419562419562,-0.011585571364576918,125.69444444444444,126,16.57505775804536,0.13186786282643823,105,153,48
765,382018,szerszamkell.hu,,,,,,,,,,,,,,,,,,,,,,,,,,,,,,,,0.9301158301158301,0.004755598620106515,195.58333333333334,193,27.89610827952274,0.1426302937172019,163,254,91
766,382201,moobius.hu,,,,,,,,,,,,,,,,,,,,,,,,,,,,,,,,0.8317889317889318,0.008060404184226499,103.19444444444444,109,12.039979697288164,0.11667275076779916,76,111,35
767,382701,azenkutyam.hu,,,,,,,,,,,,,,,,,,,,,,,,,,,,,,,,1.3585585585585584,0.010720760216595385,126.72222222222223,138,17.235529932772362,0.1360103195045605,99,144,45
768,382710,bergepkolcsonzo.hu,,,,,,,,,,,,,,,,,,,,,,,,,,,,,,,,0,0,30,30,0,0,30,30,0
769,382905,hungarospa.hu,,,,,,,,,,,,,,,,,,,,,,,,,,,,,,,,0.025482625482625483,0.0035557151836223275,7.166666666666667,7,0.560611910581388,0.07822491775554251,7,9,2
771,383222,kossuth.hu,,,,,,,,,,,,,,,,,,,,,,,,,,,,,,,,-2.4904761904761905,-0.012010333939335892,207.36111111111111,210,38.275059225691066,0.18458166538846327,147,305,158
772,383241,waterpolo.hu,,,,,,,,,,,,,,,,,,,,,,,,,,,,,,,,0.02702702702702703,0.011583011583011556,2.3333333333333335,2,0.6324555320336758,0.2710523708715753,2,5,3
773,383426,newyorkcafe.hu,,,,,,,,,,,,,,,,,,,,,,,,,,,,,,,,0.19202059202059202,0.006596127206814224,29.11111111111111,27,2.9835527985251575,0.10248845491116954,27,34,7
774,383569,startutazas.hu,,,,,,,,,,,,,,,,,,,,,,,,,,,,,,,,0.18532818532818532,0.0024492711717381253,75.66666666666667,77,3.0237157840738185,0.039961001551636365,69,77,8
775,384396,nytud.hu,,,,,,,,,,,,,,,,,,,,,,,,,,,,,,,,-0.001287001287001287,-0.0010072183985227769,1.2777777777777777,1,0.7014723744122021,0.548978379974767,1,3,2
776,384867,szamlakozpont.hu,,,,,,,,,,,,,,,,,,,,,,,,,,,,,,,,0.03796653796653797,0.0009811883465868146,38.69444444444444,39,0.9803627446568492,0.025336007758540256,35,40,5
777,385025,fundamenta.hu,,,,,,,,,,,,,,,,,,,,,,,,,,,,,,,,0.40746460746460744,0.0037363030740514016,109.05555555555556,107,9.18988401743832,0.0842679125389148,100,126,26
778,385650,hvgrt.hu,,,,,,,,,,,,,,,,,,,,,,,,,,,,,,,,-2.8855855855855856,-0.05390818945567261,53.52777777777778,34,41.95472805714758,0.7837935703462962,23,202,179
779,387523,behir.hu,,,,,,,,,,,,,,,,,,,,,,,,,,,,,,,,0.054954954954954956,0.00110585711480059,49.69444444444444,50,2.5277821384926624,0.05086649356385459,44,54,10
780,387700,napidroid.hu,,,,,,,,,,,,,,,,,,,,,,,,,,,,,,,,-0.03346203346203346,-0.00020438296651396613,163.72222222222223,164,0.45425676257949793,0.0027745577626165463,163,164,1
781,388008,levelcenter.hu,,,,,,,,,,,,,,,,,,,,,,,,,,,,,,,,0,0,9,9,0,0,9,9,0
782,388055,novitax.hu,,,,,,,,,,,,,,,,,,,,,,,,,,,,,,,,0.03397683397683398,0.00026169576875607805,129.83333333333334,130,2.4083189157584584,0.01854931128953883,125,133,8
783,388501,akupunkturas-kezeles.hu,,,,,,,,,,,,,,,,,,,,,,,,,,,,,,,,0,0,1,1,0,0,1,1,0
784,388520,komal.hu,,,,,,,,,,,,,,,,,,,,,,,,,,,,,,,,0.25070785070785073,0.0034501080372639974,72.66666666666667,74,6.224376044460774,0.08565655107056111,64,85,21
785,388961,konyvmolykepzo.hu,,,,,,,,,,,,,,,,,,,,,,,,,,,,,,,,-0.0002574002574002574,-0.0000011600412201098245,221.88888888888889,220,4.658496248961386,0.020994725208138446,216,236,20
787,389923,hidden.hu,,,,,,,,,,,,,,,,,,,,,,,,,,,,,,,,0,0,19,19,0,0,19,19,0
789,391262,hasznalati-utasitasok.hu,,,,,,,,,,,,,,,,,,,,,,,,,,,,,,,,0,0,226,226,0,0,226,226,0
791,391760,tasz.hu,,,,,,,,,,,,,,,,,,,,,,,,,,,,,,,,-0.037065637065637064,-0.0012021287696962718,30.833333333333332,31,0.8451542547285168,0.02741040826146541,27,33,6
792,392056,mohu.hu,,,,,,,,,,,,,,,,,,,,,,,,,,,,,,,,0.03191763191763192,0.00441936441936441,7.222222222222222,7,0.5404289889185184,0.07482862923487178,6,8,2
793,392362,uni-bge.hu,,,,,,,,,,,,,,,,,,,,,,,,,,,,,,,,-0.10553410553410554,-0.00361143326922795,29.22222222222222,29,5.281293732795356,0.18072868287132396,0,35,35
794,392399,ittjartam.hu,,,,,,,,,,,,,,,,,,,,,,,,,,,,,,,,0.06151866151866152,0.0015358334359721279,40.05555555555556,41,6.624389759256295,0.16538004946825702,27,47,20
795,392412,totszerdahelyikultura.hu,,,,,,,,,,,,,,,,,,,,,,,,,,,,,,,,2.3232947232947234,0.03982790954219526,58.333333333333336,78,34.26118169924341,0.5873345434156013,4,83,79
796,393071,trademagazin.hu,,,,,,,,,,,,,,,,,,,,,,,,,,,,,,,,0.08738738738738738,0.0009016755362413212,96.91666666666667,97,1.8727367292662511,0.01932316487634997,89,100,11
797,393732,foglaljorvost.hu,,,,,,,,,,,,,,,,,,,,,,,,,,,,,,,,0.05662805662805663,0.0015350979206402021,36.888888888888886,36,2.3637473611411153,0.06407748870563265,32,40,8
798,393884,smartdiszkont.hu,,,,,,,,,,,,,,,,,,,,,,,,,,,,,,,,0.37335907335907337,0.010315369640005045,36.19444444444444,33,9.537353464725477,0.26350324231014366,19,46,27
799,393994,hunbasket.hu,,,,,,,,,,,,,,,,,,,,,,,,,,,,,,,,2.486743886743887,0.0348337665069183,71.38888888888889,69.5,33.30231890491178,0.4664916266835891,27,149,122
800,394977,szentiras.hu,,,,,,,,,,,,,,,,,,,,,,,,,,,,,,,,-0.06512226512226513,-0.008028772412334066,8.11111111111111,8,0.918936583472681,0.11329355138704288,6,10,4
801,395066,eumet.hu,,,,,,,,,,,,,,,,,,,,,,,,,,,,,,,,-0.043886743886743886,-0.0015627327200028235,28.083333333333332,28,0.9373214115613852,0.03337643008527188,26,30,4
802,395084,bline.hu,,,,,,,,,,,,,,,,,,,,,,,,,,,,,,,,0,0,2,2,0,0,2,2,0
803,395180,vansshop.hu,,,,,,,,,,,,,,,,,,,,,,,,,,,,,,,,-0.7195624195624195,-0.024741401245699284,29.083333333333332,35.5,8.816785938521717,0.3031559635021794,17,40,23
804,396118,biztositas.hu,,,,,,,,,,,,,,,,,,,,,,,,,,,,,,,,0.0933075933075933,0.003994141925176445,23.36111111111111,23,2.23162692450121,0.09552743077531935,16,26,10
805,396136,djborze.hu,,,,,,,,,,,,,,,,,,,,,,,,,,,,,,,,0.455984555984556,0.0037316308286983323,122.19444444444444,122,5.295925357935607,0.04334014841684061,117,133,16
806,396333,bekeltetes.hu,,,,,,,,,,,,,,,,,,,,,,,,,,,,,,,,0,,0,0,0,,0,0,0
808,396860,autoalkatresz.hu,,,,,,,,,,,,,,,,,,,,,,,,,,,,,,,,0.03397683397683398,0.0007413127413127434,45.833333333333336,46,1.521277658511329,0.03319151254933809,42,47,5
809,396861,autoalkatreszonline24.hu,,,,,,,,,,,,,,,,,,,,,,,,,,,,,,,,-0.2335907335907336,-0.0039167519372456045,59.638888888888886,61,9.891274012345507,0.1658527547482246,2,62,60
810,397230,joautok.hu,,,,,,,,,,,,,,,,,,,,,,,,,,,,,,,,-0.394980694980695,-0.15289575289575288,2.5833333333333335,0,8.689484614011526,3.3636714634883327,0,31,31
811,397566,sassy.hu,,,,,,,,,,,,,,,,,,,,,,,,,,,,,,,,0.007850707850707852,0.00013362906979932928,58.75,59,0.6917885721601857,0.0117751246325138,57,60,3
813,398462,egriugyek.hu,,,,,,,,,,,,,,,,,,,,,,,,,,,,,,,,-0.03474903474903475,-0.0010692010692010651,32.5,33,1.52127765851133,0.04680854333881015,27,33,6
815,399047,bpiautosok.hu,,,,,,,,,,,,,,,,,,,,,,,,,,,,,,,,-0.03063063063063063,-0.00041832424229993264,73.22222222222223,73,1.7746003350631787,0.02423581641209197,70,77,7
817,399395,feketemeheszet.hu,,,,,,,,,,,,,,,,,,,,,,,,,,,,,,,,2.0815958815958817,0.03750623210082671,55.5,72,32.699060711717266,0.5891722650759867,4,85,81
819,399660,lampak.hu,,,,,,,,,,,,,,,,,,,,,,,,,,,,,,,,-0.16396396396396395,-0.017779225008140522,9.222222222222221,4,10.588703174640175,1.1481726333947178,4,37,33
820,399715,budapestarena.hu,,,,,,,,,,,,,,,,,,,,,,,,,,,,,,,,0.015572715572715572,0.0004137400447363753,37.638888888888886,37,1.4172967786353563,0.03765511736595781,37,45,8
821,400215,terapia24.hu,,,,,,,,,,,,,,,,,,,,,,,,,,,,,,,,0.607979407979408,0.02410491044852273,25.22222222222222,19,9.508225344739639,0.37697809736853194,18,47,29
823,401237,liked.hu,,,,,,,,,,,,,,,,,,,,,,,,,,,,,,,,-0.8669240669240669,-0.006067120219530836,142.88888888888889,137,33.829638550307415,0.23675485766156046,2,216,214
824,402043,hold.hu,,,,,,,,,,,,,,,,,,,,,,,,,,,,,,,,0.1981981981981982,0.005791505791505765,34.22222222222222,37,4.0363428362892435,0.1179450828785818,29,39,10
825,402064,uzletem.hu,,,,,,,,,,,,,,,,,,,,,,,,,,,,,,,,0.00797940797940798,0.0000806453361196647,98.94444444444444,99,0.5315446195190794,0.005372152246683565,96,100,4
826,402449,simplepartner.hu,,,,,,,,,,,,,,,,,,,,,,,,,,,,,,,,0,0,7,7,0,0,7,7,0
827,402568,neokohn.hu,,,,,,,,,,,,,,,,,,,,,,,,,,,,,,,,-0.696010296010296,-0.01016073424832547,68.5,62,16.986549300633637,0.2479788219070604,49,102,53
829,403051,cvonline.hu,,,,,,,,,,,,,,,,,,,,,,,,,,,,,,,,-0.09279279279279279,-0.015253609774157706,6.083333333333333,6.5,1.1801936887041644,0.19400444197876676,4,8,4
830,403223,pecsma.hu,,,,,,,,,,,,,,,,,,,,,,,,,,,,,,,,0.054826254826254826,0.0012259286793447435,44.72222222222222,45,5.141490118138964,0.11496499643043645,16,51,35
832,403607,penzvero.hu,,,,,,,,,,,,,,,,,,,,,,,,,,,,,,,,-0.2810810810810811,-0.013107407926060757,21.444444444444443,21,5.593079624190923,0.26081718454776326,2,27,25
833,403672,ittlakunk.hu,,,,,,,,,,,,,,,,,,,,,,,,,,,,,,,,-0.0015444015444015444,-0.000036009362434084786,42.888888888888886,43,0.3187276291558383,0.007431473218659443,42,43,1
834,403911,jegkorongblog.hu,,,,,,,,,,,,,,,,,,,,,,,,,,,,,,,,0.21377091377091378,0.0015016103211223887,142.36111111111111,143,4.0788848460457405,0.0286516789185652,134,149,15
835,404160,sorozatwiki.hu,,,,,,,,,,,,,,,,,,,,,,,,,,,,,,,,0.09601029601029601,0.0015869470414925024,60.5,60,3.148695875165735,0.052044559920094796,57,66,9
836,405315,batz.hu,,,,,,,,,,,,,,,,,,,,,,,,,,,,,,,,0.12522522522522522,0.0008402811012317128,149.02777777777777,151,14.543503431549498,0.09758921221543,66,158,92
838,405770,csomagnet.hu,,,,,,,,,,,,,,,,,,,,,,,,,,,,,,,,-0.43963963963963965,-0.010900156354701799,40.333333333333336,44,11.38921795885414,0.28237730476497863,4,47,43
839,406134,f1vilag.hu,,,,,,,,,,,,,,,,,,,,,,,,,,,,,,,,0.26267696267696267,0.0019053738981202786,137.86111111111111,140,3.712163618452014,0.02692683664402025,132,141,9
840,406216,fishingtime.hu,,,,,,,,,,,,,,,,,,,,,,,,,,,,,,,,0.04864864864864865,0.0035596572181938436,13.666666666666666,14,0.6324555320336757,0.046277234051244565,13,15,2
841,406265,fotoplus.hu,,,,,,,,,,,,,,,,,,,,,,,,,,,,,,,,3.1332046332046333,0.02601969245567858,120.41666666666667,115.5,40.77630614532345,0.3386267638365961,69,216,147
843,406564,hirlista.hu,,,,,,,,,,,,,,,,,,,,,,,,,,,,,,,,0.17207207207207206,0.031128616053239185,5.527777777777778,3,3.409952753012537,0.6168758749168408,3,10,7
844,407132,maiige.hu,,,,,,,,,,,,,,,,,,,,,,,,,,,,,,,,0.0978120978120978,0.01128601128601129,8.666666666666666,8,2.242447642325552,0.25874395872987144,8,16,8
846,407209,meglepkek.hu,,,,,,,,,,,,,,,,,,,,,,,,,,,,,,,,-0.16692406692406692,-0.001623687222174179,102.80555555555556,102,4.6218082079540155,0.04495679424110904,98,118,20
847,407390,mutekifansub.hu,,,,,,,,,,,,,,,,,,,,,,,,,,,,,,,,-0.08584298584298584,-0.025124776344288474,3.4166666666666665,1,6.375735251718032,1.8660688541613752,0,20,20
849,407480,netamin.hu,,,,,,,,,,,,,,,,,,,,,,,,,,,,,,,,-1.223037323037323,-0.016240997281203862,75.30555555555556,73,17.708463584955147,0.23515480968586694,60,130,70
851,407782,pizzaforte.hu,,,,,,,,,,,,,,,,,,,,,,,,,,,,,,,,0.019948519948519948,0.0006680434587411607,29.86111111111111,30,0.350736187206101,0.011745583943646174,29,30,1
852,407811,pom-pom.hu,,,,,,,,,,,,,,,,,,,,,,,,,,,,,,,,-0.055984555984555984,-0.0020054169307900725,27.916666666666668,26,5.022094042471584,0.1798959059989821,20,36,16
853,407986,retikul.hu,,,,,,,,,,,,,,,,,,,,,,,,,,,,,,,,1.5706563706563708,0.06040986040986039,26,25,19.28730152198591,0.7418192893071504,5,50,45
854,408034,roviden.hu,,,,,,,,,,,,,,,,,,,,,,,,,,,,,,,,-0.006435006435006435,-0.0009192866335723145,7,7,0.23904572186687872,0.03414938883812553,6,8,2
855,408179,shopbuilder.hu,,,,,,,,,,,,,,,,,,,,,,,,,,,,,,,,0.039382239382239385,0.003424542554977322,11.5,11,1,0.08695652173913043,10,13,3
856,408512,tonerpartners.hu,,,,,,,,,,,,,,,,,,,,,,,,,,,,,,,,-0.01788931788931789,-0.0001589769054591542,112.52777777777777,113,1.9637589481270878,0.01745132612504941,108,117,9
857,408568,tudjukki.hu,,,,,,,,,,,,,,,,,,,,,,,,,,,,,,,,-0.03127413127413128,-0.001924561924561855,16.25,16,0.43915503282683993,0.027024925097036304,16,17,1
858,408750,webdoki.hu,,,,,,,,,,,,,,,,,,,,,,,,,,,,,,,,0.012355212355212355,0.00022974568429110488,53.77777777777778,57,12.985950894521384,0.24147429349316624,1,57,56
859,409678,csalad.hu,,,,,,,,,,,,,,,,,,,,,,,,,,,,,,,,0,0,1,1,0,0,1,1,0
860,409817,harmonet.hu,,,,,,,,,,,,,,,,,,,,,,,,,,,,,,,,0.26563706563706563,0.0018208176624018824,145.88888888888889,156,36.0180730648044,0.246887020246184,0,162,162
861,411113,cafeteriatrend.hu,,,,,,,,,,,,,,,,,,,,,,,,,,,,,,,,0,0,14,14,0,0,14,14,0
862,411373,operett.hu,,,,,,,,,,,,,,,,,,,,,,,,,,,,,,,,0.0851994851994852,0.0018656821576529853,45.666666666666664,45,3.56971387408811,0.07816891695083453,40,56,16
863,411744,szekszardportal.hu,,,,,,,,,,,,,,,,,,,,,,,,,,,,,,,,0,0,2,2,0,0,2,2,0
865,412482,szabadfold.hu,,,,,,,,,,,,,,,,,,,,,,,,,,,,,,,,-0.6155727155727155,-0.0077403485017875,79.52777777777777,79,9.122925943894193,0.11471370380027628,53,88,35
867,412791,ugytudjuk.hu,,,,,,,,,,,,,,,,,,,,,,,,,,,,,,,,-0.10012870012870013,-0.0004889627244483251,204.77777777777777,204,3.2611226034788428,0.015925178204725766,200,214,14
868,412842,bortarsasag.hu,,,,,,,,,,,,,,,,,,,,,,,,,,,,,,,,-0.17232947232947232,-0.005495005317857395,31.36111111111111,31.5,3.154613653300084,0.10058998363047213,21,37,16
869,413123,szakiweb.hu,,,,,,,,,,,,,,,,,,,,,,,,,,,,,,,,0.0016731016731016731,0.000055821742568781915,29.97222222222222,30,0.1666666666666667,0.005560704355885081,29,30,1
870,413213,biztosdontes.hu,,,,,,,,,,,,,,,,,,,,,,,,,,,,,,,,-0.032303732303732305,-0.0016084845960364074,20.083333333333332,20,1.1557310611531926,0.05754677482920461,18,22,4
871,413263,babaagynemubolt.hu,,,,,,,,,,,,,,,,,,,,,,,,,,,,,,,,-0.06048906048906049,-0.0021433131669352894,28.22222222222222,28,5.581147404361074,0.19775719149310894,15,36,21
872,413281,rekafitness.hu,,,,,,,,,,,,,,,,,,,,,,,,,,,,,,,,0.4247104247104247,0.002040242232395965,208.16666666666666,206,9.382354258317653,0.045071357525945495,199,227,28
873,413301,szimpatika.hu,,,,,,,,,,,,,,,,,,,,,,,,,,,,,,,,-0.14157014157014158,-0.005046064452005002,28.055555555555557,26,4.554084160364467,0.16232379185457504,18,33,15
874,415107,mksz.hu,,,,,,,,,,,,,,,,,,,,,,,,,,,,,,,,0.4720720720720721,0.00505791505791512,93.33333333333333,95,9.444575162494079,0.10119187674100799,65,104,39
875,415316,autoalkatreszek24.hu,,,,,,,,,,,,,,,,,,,,,,,,,,,,,,,,0.019562419562419563,0.0009863404821388556,19.833333333333332,18,6.592203186882429,0.3323799926159208,17,43,26
876,415386,hoc.hu,,,,,,,,,,,,,,,,,,,,,,,,,,,,,,,,-4.797297297297297,-0.08259335375547712,58.083333333333336,27,57.73999604136756,0.9940888844998719,1,125,124
878,415856,jogiforum.hu,,,,,,,,,,,,,,,,,,,,,,,,,,,,,,,,0.029086229086229085,0.000653623125533308,44.5,44,1.7484687178050562,0.03929143186078778,42,51,9
880,416593,devergo.hu,,,,,,,,,,,,,,,,,,,,,,,,,,,,,,,,0.14826254826254825,0.0076687524963386785,19.333333333333332,22,3.8247315498700623,0.1978309422346584,14,22,8
881,416882,maxigumi.hu,,,,,,,,,,,,,,,,,,,,,,,,,,,,,,,,0,0,48,48,0,0,48,48,0
882,416955,odbe.hu,,,,,,,,,,,,,,,,,,,,,,,,,,,,,,,,0.0009009009009009009,0.00006346855661922837,14.194444444444445,14,0.4013864859597431,0.028277717210471138,14,15,1
883,417128,szexneked.hu,,,,,,,,,,,,,,,,,,,,,,,,,,,,,,,,-0.012097812097812098,-0.00015111770836954047,80.05555555555556,80,0.47475975545198124,0.005930378624660418,79,82,3
884,417169,torte-net.hu,,,,,,,,,,,,,,,,,,,,,,,,,,,,,,,,0,0,4,4,0,0,4,4,0
885,417279,viszlaysport.hu,,,,,,,,,,,,,,,,,,,,,,,,,,,,,,,,0.09498069498069497,0.004463844672721995,21.27777777777778,21,1.185895950895021,0.055734013357990546,20,24,4
886,417347,rockbook.hu,,,,,,,,,,,,,,,,,,,,,,,,,,,,,,,,0.19047619047619047,0.0019670518809933825,96.83333333333333,98,3.093772546815388,0.03194945831478886,89,99,10
887,417680,kektura.hu,,,,,,,,,,,,,,,,,,,,,,,,,,,,,,,,1.3005148005148006,0.00628521047369212,206.91666666666666,179,119.79682204227525,0.5789616852627076,89,686,597
889,418382,palyazatmenedzser.hu,,,,,,,,,,,,,,,,,,,,,,,,,,,,,,,,-0.14465894465894466,-0.03137181932362636,4.611111111111111,2,3.781743949765412,0.8201372421178003,1,10,9
890,418439,reflexshop.hu,,,,,,,,,,,,,,,,,,,,,,,,,,,,,,,,-2.0589446589446587,-0.031169893911693617,66.05555555555556,44.5,35.087600125110896,0.5311831810361616,30,121,91
891,418910,agraragazat.hu,,,,,,,,,,,,,,,,,,,,,,,,,,,,,,,,-0.31261261261261264,-0.010111459168062937,30.916666666666668,31.5,5.728998915293017,0.1853045471253806,21,42,21
892,419013,peakshop.hu,,,,,,,,,,,,,,,,,,,,,,,,,,,,,,,,0.03951093951093951,0.0003714791910142827,106.36111111111111,106,2.2570876022973585,0.021220985553069966,99,110,11
893,419082,tudas.hu,,,,,,,,,,,,,,,,,,,,,,,,,,,,,,,,-0.06023166023166023,-0.0012591984717419506,47.833333333333336,48,1.4040757000349278,0.02935349895543403,42,51,9
894,419703,erdmost.hu,,,,,,,,,,,,,,,,,,,,,,,,,,,,,,,,-0.7458172458172458,-0.010306879404768083,72.36111111111111,73,23.341138150457233,0.32256467309652986,50,115,65
895,419816,gemklub.hu,,,,,,,,,,,,,,,,,,,,,,,,,,,,,,,,-3.7284427284427286,-0.025802371823133028,144.5,177,52.24147230478318,0.3615326803099182,57,189,132
896,419976,pestbuda.hu,,,,,,,,,,,,,,,,,,,,,,,,,,,,,,,,0,0,2,2,0,0,2,2,0
897,420030,funcode.hu,,,,,,,,,,,,,,,,,,,,,,,,,,,,,,,,0.007593307593307594,0.0001243106290855459,61.083333333333336,60,1.917960226013936,0.03139907600568517,58,66,8
898,420046,gyorgytea.hu,,,,,,,,,,,,,,,,,,,,,,,,,,,,,,,,-1.1806949806949807,-0.033363437445070206,35.388888888888886,42,14.888687513445097,0.42071644464994,15,52,37
899,420146,aprohirdetesingyen.hu,,,,,,,,,,,,,,,,,,,,,,,,,,,,,,,,0,0,10,10,0,0,10,10,0
900,420511,tutuora.hu,,,,,,,,,,,,,,,,,,,,,,,,,,,,,,,,0.027799227799227798,0.0005267222109328811,52.77777777777778,53,1.3333333333333324,0.025263157894736824,45,53,8
901,420711,168ora.hu,,,,,,,,,,,,,,,,,,,,,,,,,,,,,,,,0.004890604890604891,0.0002692076086571602,18.166666666666668,18,3.9677269491305904,0.21840698802553707,10,29,19
902,420865,oroscafe.hu,,,,,,,,,,,,,,,,,,,,,,,,,,,,,,,,-0.006563706563706564,-0.00039447986025618984,16.63888888888889,17,0.5929479754475104,0.03563627231404069,16,18,2
903,421247,e-nyelv.hu,,,,,,,,,,,,,,,,,,,,,,,,,,,,,,,,0.011454311454311455,0.0005751118721829386,19.916666666666668,20,0.6491753010001009,0.03259457578243184,19,21,2
904,421578,dumaszinhaz.hu,,,,,,,,,,,,,,,,,,,,,,,,,,,,,,,,0.9676962676962677,0.011366089930527172,85.13888888888889,82,24.085743000227662,0.28289942838766585,58,213,155
905,421682,szimpla.hu,,,,,,,,,,,,,,,,,,,,,,,,,,,,,,,,0,0,2,2,0,0,2,2,0
908,423718,heviz.hu,,,,,,,,,,,,,,,,,,,,,,,,,,,,,,,,0.020463320463320462,0.0002787285420656137,73.41666666666667,73,1.7299876134981842,0.02356396295343724,71,77,6
909,423864,isystem.hu,,,,,,,,,,,,,,,,,,,,,,,,,,,,,,,,0,0,4,4,0,0,4,4,0
911,425939,nka.hu,,,,,,,,,,,,,,,,,,,,,,,,,,,,,,,,-0.11518661518661519,-0.0022402583180540668,51.416666666666664,49,6.124307541032118,0.11911132980937669,43,67,24
912,426290,testbike.hu,,,,,,,,,,,,,,,,,,,,,,,,,,,,,,,,0.02895752895752896,0.0016112380872813146,17.97222222222222,18,2.1445760301762093,0.11932725979342124,7,20,13
913,426537,mountex.hu,,,,,,,,,,,,,,,,,,,,,,,,,,,,,,,,0.7611325611325611,0.018242857656972245,41.72222222222222,40,15.168785827879022,0.3635661050623467,19,83,64
914,426547,fuvarmarket.hu,,,,,,,,,,,,,,,,,,,,,,,,,,,,,,,,-1.5697554697554696,-0.05623004667780791,27.916666666666668,38,18.80938215739308,0.6737689131006477,2,45,43
915,426739,sportmotor.hu,,,,,,,,,,,,,,,,,,,,,,,,,,,,,,,,-0.4875160875160875,-0.020551029450326885,23.72222222222222,30,10.522387320405715,0.44356667861195054,7,31,24
916,426964,csodasmagyarorszag.hu,,,,,,,,,,,,,,,,,,,,,,,,,,,,,,,,0.39536679536679536,0.010982410982411008,36,40,7.026480525229439,0.19518001458970663,18,40,22
917,428039,energofish.hu,,,,,,,,,,,,,,,,,,,,,,,,,,,,,,,,-0.044787644787644784,-0.0003401593275010636,131.66666666666666,131,7.705285755338901,0.05852115763548533,120,154,34
918,428152,kockaaruhaz.hu,,,,,,,,,,,,,,,,,,,,,,,,,,,,,,,,-0.010296010296010296,-0.00044231070484054385,23.27777777777778,23,1.1858959508950209,0.05094541077830638,21,26,5
919,428196,megatool.hu,,,,,,,,,,,,,,,,,,,,,,,,,,,,,,,,-0.12136422136422137,-0.0030362140160611266,39.97222222222222,39,2.9903283251281114,0.07481015962794442,36,46,10
920,428207,mindenszo.hu,,,,,,,,,,,,,,,,,,,,,,,,,,,,,,,,0.03346203346203346,0.001207047299231644,27.72222222222222,28,0.45425676257949765,0.016386015483829574,27,28,1
921,428232,netkazan.hu,,,,,,,,,,,,,,,,,,,,,,,,,,,,,,,,-0.07001287001287002,-0.0006771798281738884,103.38888888888889,104,4.324533188864123,0.04182783310024407,92,110,18
922,429098,ekozmetikum.hu,,,,,,,,,,,,,,,,,,,,,,,,,,,,,,,,3.927155727155727,0.0013273147771899045,2958.722222222222,3005,227.4708912129338,0.0768814623773928,2398,3427,1029
923,429185,insura.hu,,,,,,,,,,,,,,,,,,,,,,,,,,,,,,,,-0.024324324324324326,-0.0005435603200967578,44.75,45,0.43915503282683993,0.009813520286633294,44,45,1
925,431500,elin.hu,,,,,,,,,,,,,,,,,,,,,,,,,,,,,,,,0,0,97,97,0,0,97,97,0
926,433050,pecs.hu,,,,,,,,,,,,,,,,,,,,,,,,,,,,,,,,0.023166023166023165,0.002253991443180607,10.277777777777779,10,0.881917103688197,0.08580815062912187,10,15,5
927,433269,voroskereszt.hu,,,,,,,,,,,,,,,,,,,,,,,,,,,,,,,,0.05418275418275418,0.000605958108288133,89.41666666666667,90,2.33452350598575,0.026108370989589003,85,92,7
929,433544,gyermekvasut.hu,,,,,,,,,,,,,,,,,,,,,,,,,,,,,,,,-0.11248391248391248,-0.020873303347530098,5.388888888888889,4,1.6085091194337653,0.2984862283485337,4,9,5
931,433876,startlapjatekok.hu,,,,,,,,,,,,,,,,,,,,,,,,,,,,,,,,0.07696267696267696,0.002147795636167701,35.833333333333336,36,1.3627702877384942,0.038030798727585885,34,39,5
932,434756,mtmt.hu,,,,,,,,,,,,,,,,,,,,,,,,,,,,,,,,-0.05765765765765766,-0.0026748397882418,21.555555555555557,22,0.8432740427115678,0.039120960744351084,20,22,2
933,436312,divatekszerbolt.hu,,,,,,,,,,,,,,,,,,,,,,,,,,,,,,,,-0.005920205920205921,-0.000103359560197526,57.27777777777778,57,1.2560962454277844,0.02192990535179449,55,63,8
935,437285,tvmustra.hu,,,,,,,,,,,,,,,,,,,,,,,,,,,,,,,,-0.0016731016731016731,-0.0000985788219831011,16.97222222222222,17,0.16666666666666669,0.00981996726677578,16,17,1
936,438478,agroforum.hu,,,,,,,,,,,,,,,,,,,,,,,,,,,,,,,,0.0003861003861003861,0.000002821111000495101,136.86111111111111,137,3.278961314438966,0.0239583128312975,128,142,14
937,438572,ceginfo.hu,,,,,,,,,,,,,,,,,,,,,,,,,,,,,,,,-0.007207207207207207,-0.0003782207863841738,19.055555555555557,19,0.23231068414572328,0.012191231237967984,19,20,1
938,439891,profibarkacs.hu,,,,,,,,,,,,,,,,,,,,,,,,,,,,,,,,-0.5101673101673102,-0.002646401032568204,192.77777777777777,196.5,13.469778046980606,0.06987204750595127,171,220,49
941,440334,atalon.hu,,,,,,,,,,,,,,,,,,,,,,,,,,,,,,,,0.013384813384813385,0.0006161806673315098,21.72222222222222,22,1.365097821949791,0.0628433779925735,18,25,7
942,440480,west-side.hu,,,,,,,,,,,,,,,,,,,,,,,,,,,,,,,,0.04929214929214929,0.1365013365013365,0.3611111111111111,0,0.7616815149120596,2.1092718874487804,0,2,2
943,440602,jateksziget.hu,,,,,,,,,,,,,,,,,,,,,,,,,,,,,,,,-1.3028314028314028,-0.008189615942366014,159.08333333333334,160,26.57858966483039,0.16707337662543983,109,216,107
944,440606,officeshoes.hu,,,,,,,,,,,,,,,,,,,,,,,,,,,,,,,,-1.0247104247104246,-0.08089819142450716,12.666666666666666,4,15.762523365792134,1.2444097394046423,4,52,48
946,440816,sostozoo.hu,,,,,,,,,,,,,,,,,,,,,,,,,,,,,,,,-0.023680823680823682,-0.0015728960378406842,15.055555555555555,16,2.661304131913465,0.1767655880975733,0,16,16
947,441013,kozbeszerzes.hu,,,,,,,,,,,,,,,,,,,,,,,,,,,,,,,,-0.08584298584298584,-0.0017351754578032346,49.47222222222222,49,1.44392542567843,0.029186589177104705,47,52,5
949,442105,futanet.hu,,,,,,,,,,,,,,,,,,,,,,,,,,,,,,,,0.004118404118404118,0.0001321413086118547,31.166666666666668,31,0.37796447300922714,0.012127202342542047,31,32,1
950,442575,vizslancs.hu,,,,,,,,,,,,,,,,,,,,,,,,,,,,,,,,0,0,6,6,0,0,6,6,0
951,443370,confidenzacsapagy.hu,,,,,,,,,,,,,,,,,,,,,,,,,,,,,,,,0,0,12,12,0,0,12,12,0
952,443815,alberlet.hu,,,,,,,,,,,,,,,,,,,,,,,,,,,,,,,,-1.8086229086229086,-0.007668169203912968,235.86111111111111,241,66.82136218638799,0.28330809547873836,9,351,342
953,444052,multi-vitamin.hu,,,,,,,,,,,,,,,,,,,,,,,,,,,,,,,,-0.05366795366795367,-0.0004360294136867855,123.08333333333333,124,3.9233731842455595,0.03187574692684273,116,129,13
954,444087,patika24.hu,,,,,,,,,,,,,,,,,,,,,,,,,,,,,,,,-0.26692406692406695,-0.0025024131274132525,106.66666666666667,104,4.7268231554456435,0.0443139670823029,103,120,17
956,444153,szerelvenybolt.hu,,,,,,,,,,,,,,,,,,,,,,,,,,,,,,,,-0.43333333333333335,-0.0030946240825233105,140.02777777777777,143,7.252531030557975,0.05179351658402839,122,149,27
958,444331,diamondnails.hu,,,,,,,,,,,,,,,,,,,,,,,,,,,,,,,,-0.2009009009009009,-0.014610974610974587,13.75,12,2.6978827677590864,0.19620965583702446,11,19,8
959,444385,hasznaltalma.hu,,,,,,,,,,,,,,,,,,,,,,,,,,,,,,,,-0.1839124839124839,-0.0004331032524922713,424.6388888888889,428,16.753938177170298,0.03945455448277168,377,448,71
960,444402,jatekraj.hu,,,,,,,,,,,,,,,,,,,,,,,,,,,,,,,,-0.26692406692406695,-0.0010568924779219338,252.55555555555554,255,12.264803171082558,0.048562793022324253,206,266,60
961,444419,konzolkiraly.hu,,,,,,,,,,,,,,,,,,,,,,,,,,,,,,,,-1.3072072072072072,-0.015670815670815654,83.41666666666667,81.5,16.77817459848189,0.20113695822355912,68,130,62
962,444429,lipotipekseg.hu,,,,,,,,,,,,,,,,,,,,,,,,,,,,,,,,0,0,15,15,0,0,15,15,0
963,444986,netpanel.hu,,,,,,,,,,,,,,,,,,,,,,,,,,,,,,,,0,0,24,24,0,0,24,24,0
965,445644,g7.hu,,,,,,,,,,,,,,,,,,,,,,,,,,,,,,,,-2.381209781209781,-0.044554860771077016,53.44444444444444,30,39.99245960674119,0.7482996600013945,18,126,108
967,448701,puncs.hu,,,,,,,,,,,,,,,,,,,,,,,,,,,,,,,,-0.14826254826254825,-0.0023658917275938543,62.666666666666664,64,1.91236577493503,0.03051647513194197,60,64,4
968,449000,shox.hu,,,,,,,,,,,,,,,,,,,,,,,,,,,,,,,,-0.05315315315315315,-0.00042760078514261595,124.30555555555556,124,1.0370134162086937,0.008342454297991726,123,127,4
969,450553,gvh.hu,,,,,,,,,,,,,,,,,,,,,,,,,,,,,,,,0,0,13,13,0,0,13,13,0
971,450684,admax.hu,,,,,,,,,,,,,,,,,,,,,,,,,,,,,,,,-0.013384813384813385,-0.0008307815204365697,16.11111111111111,16,0.46462136829144657,0.028838567687055304,16,18,2
972,450722,pamutlabor.hu,,,,,,,,,,,,,,,,,,,,,,,,,,,,,,,,0.6132561132561133,0.006460995047474445,94.91666666666667,96,7.044247906727061,0.07421507891196201,83,104,21
973,450759,pecsaktual.hu,,,,,,,,,,,,,,,,,,,,,,,,,,,,,,,,0.7566280566280567,0.00595900460262748,126.97222222222223,129.5,16.331365284736368,0.12862155988853843,90,146,56
974,450982,kozlonyok.hu,,,,,,,,,,,,,,,,,,,,,,,,,,,,,,,,0,0,35,35,0,0,35,35,0
975,451194,leier.hu,,,,,,,,,,,,,,,,,,,,,,,,,,,,,,,,0,0,30,30,0,0,30,30,0
976,452753,bama.hu,,,,,,,,,,,,,,,,,,,,,,,,,,,,,,,,-2.1620334620334622,-0.03662739041562559,59.02777777777778,74,26.148461971826624,0.44298570869918047,22,84,62
977,453215,sybell.hu,,,,,,,,,,,,,,,,,,,,,,,,,,,,,,,,0.0045045045045045045,0.00012522174684336706,35.97222222222222,36,0.1666666666666667,0.004633204633204635,35,36,1
978,453813,777blog.hu,,,,,,,,,,,,,,,,,,,,,,,,,,,,,,,,-0.040283140283140284,-0.000643672015176724,62.583333333333336,62,2.5340537822683578,0.04049087268604566,58,68,10
979,454067,otpip.hu,,,,,,,,,,,,,,,,,,,,,,,,,,,,,,,,0.008236808236808236,0.00031815997481241594,25.88888888888889,26,0.5225092085464832,0.02018275912840493,23,26,3
980,454710,magyaritasok.hu,,,,,,,,,,,,,,,,,,,,,,,,,,,,,,,,0.20128700128700128,0.0010345990928514815,194.55555555555554,195,6.648069298437358,0.03417054465216232,176,211,35
981,454715,marketworld.hu,,,,,,,,,,,,,,,,,,,,,,,,,,,,,,,,-0.09086229086229086,-0.0010190163461191283,89.16666666666667,90,3.525417908358019,0.03953739710308059,73,93,20
982,454757,parizsiparfumok.hu,,,,,,,,,,,,,,,,,,,,,,,,,,,,,,,,3.0142857142857142,0.058184603600153206,51.80555555555556,30,51.172436466991236,0.9877789344834769,2,162,160
984,454811,supershop.hu,,,,,,,,,,,,,,,,,,,,,,,,,,,,,,,,0.43191763191763194,0.006656264875443015,64.88888888888889,68,7.355378120911752,0.11335342994555782,45,70,25
985,455002,furbify.hu,,,,,,,,,,,,,,,,,,,,,,,,,,,,,,,,-2.466023166023166,-0.015687724682246693,157.19444444444446,140,44.89404634052712,0.2855956296623036,128,276,148
986,456010,interfood.hu,,,,,,,,,,,,,,,,,,,,,,,,,,,,,,,,0.1622908622908623,0.0034673418649679984,46.80555555555556,45.5,2.2780874741068526,0.04867130508477548,42,51,9
987,456526,maxapro.hu,,,,,,,,,,,,,,,,,,,,,,,,,,,,,,,,0.002702702702702703,0.00010846967368714111,24.916666666666668,25,0.5000000000000002,0.02006688963210703,22,25,3
988,456753,szaktars.hu,,,,,,,,,,,,,,,,,,,,,,,,,,,,,,,,0,0,1,1,0,0,1,1,0
989,457671,aldi-utazas.hu,,,,,,,,,,,,,,,,,,,,,,,,,,,,,,,,-1.9844272844272843,-0.0868036236201485,22.86111111111111,11,42.60593706299482,1.8636861898758366,3,162,159
990,458574,2energy.hu,,,,,,,,,,,,,,,,,,,,,,,,,,,,,,,,-0.07014157014157014,-0.0004783285707702837,146.63888888888889,146,2.0164010057210873,0.013750792992225638,143,150,7
991,459024,allatpatikapecs.hu,,,,,,,,,,,,,,,,,,,,,,,,,,,,,,,,0,0,9,9,0,0,9,9,0
992,460929,netrejtveny.hu,,,,,,,,,,,,,,,,,,,,,,,,,,,,,,,,-0.003088803088803089,-0.0002406859549715767,12.833333333333334,13,0.6969320524371698,0.05430639369640284,10,13,3
993,461545,nyiregyhaza.hu,,,,,,,,,,,,,,,,,,,,,,,,,,,,,,,,0.2247104247104247,0.004339900906424537,51.77777777777778,51.5,3.1269438398822866,0.06039161922519438,48,60,12
994,462280,lfze.hu,,,,,,,,,,,,,,,,,,,,,,,,,,,,,,,,-0.003732303732303732,-0.00012050487386814658,30.97222222222222,31,0.16666666666666669,0.005381165919282512,30,31,1
995,462322,patika-akcio.hu,,,,,,,,,,,,,,,,,,,,,,,,,,,,,,,,-0.29665379665379665,-0.0022450150682229836,132.13888888888889,137,22.86001222069137,0.17299988226716195,1,140,139
996,462411,duen.hu,,,,,,,,,,,,,,,,,,,,,,,,,,,,,,,,0.0951093951093951,0.00022718719553702137,418.6388888888889,419.5,7.668685034523857,0.01831813822857533,398,432,34
998,463617,merengo.hu,,,,,,,,,,,,,,,,,,,,,,,,,,,,,,,,0.03848133848133848,0.00503755703755706,7.638888888888889,8,0.48713610757321957,0.06377054499140329,7,8,1
999,464100,oem-parts.hu,,,,,,,,,,,,,,,,,,,,,,,,,,,,,,,,0.6891891891891891,0.01833762809372565,37.583333333333336,56,26.236697309575476,0.6980939417181944,1,56,55
1000,464337,enternet.hu,,,,,,,,,,,,,,,,,,,,,,,,,,,,,,,,0,0,19,19,0,0,19,19,0
